#ifdef __has_include
    #if __has_include("lvgl.h")
        #ifndef LV_LVGL_H_INCLUDE_SIMPLE
            #define LV_LVGL_H_INCLUDE_SIMPLE
        #endif
    #endif
#endif

#if defined(LV_LVGL_H_INCLUDE_SIMPLE)
    #include "lvgl.h"
#else
    #include "lvgl/lvgl.h"
#endif


#ifndef LV_ATTRIBUTE_MEM_ALIGN
#define LV_ATTRIBUTE_MEM_ALIGN
#endif

#ifndef LV_ATTRIBUTE_IMG_IMG_BLOCK_NODISK
#define LV_ATTRIBUTE_IMG_IMG_BLOCK_NODISK
#endif

const LV_ATTRIBUTE_MEM_ALIGN LV_ATTRIBUTE_LARGE_CONST LV_ATTRIBUTE_IMG_IMG_BLOCK_NODISK uint8_t img_block_nodisk_map[] = {
#if LV_COLOR_DEPTH == 1 || LV_COLOR_DEPTH == 8
  /*Pixel format: Alpha 8 bit, Red: 3 bit, Green: 3 bit, Blue: 2 bit*/
  0x00, 0x00, 0x6e, 0x49, 0x6e, 0x7f, 0x49, 0x57, 0x24, 0x3f, 0x49, 0x4f, 0x6e, 0x7f, 0x6e, 0x7f, 0x24, 0x3f, 0x24, 0x3f, 0x6e, 0x67, 0x6e, 0x7f, 0x6e, 0x67, 0x24, 0x3f, 0x24, 0x3f, 0x6e, 0x7f, 0x6e, 0x7f, 0x49, 0x4f, 0x24, 0x3f, 0x49, 0x57, 0x6e, 0x7f, 0x6e, 0x7f, 0x72, 0x50, 0x00, 0x00, 
  0x24, 0x41, 0x49, 0xff, 0x49, 0xff, 0x25, 0xff, 0x24, 0xff, 0x25, 0xff, 0x49, 0xff, 0x49, 0xff, 0x24, 0xff, 0x24, 0xff, 0x49, 0xff, 0x49, 0xff, 0x49, 0xff, 0x24, 0xff, 0x24, 0xff, 0x49, 0xff, 0x49, 0xff, 0x25, 0xff, 0x24, 0xff, 0x25, 0xff, 0x49, 0xff, 0x49, 0xff, 0x6e, 0xff, 0x4d, 0x61, 
  0x25, 0xf8, 0x25, 0xff, 0x24, 0xff, 0x24, 0xff, 0x24, 0xff, 0x24, 0xff, 0x24, 0xff, 0x24, 0xff, 0x24, 0xff, 0x24, 0xff, 0x24, 0xff, 0x24, 0xff, 0x24, 0xff, 0x24, 0xff, 0x24, 0xff, 0x24, 0xff, 0x24, 0xff, 0x24, 0xff, 0x24, 0xff, 0x24, 0xff, 0x24, 0xff, 0x24, 0xff, 0x24, 0xff, 0x24, 0xf7, 
  0x6e, 0xff, 0x25, 0xff, 0x24, 0xff, 0x24, 0xff, 0x24, 0xff, 0x24, 0xff, 0x24, 0xff, 0x24, 0xff, 0x24, 0xff, 0x24, 0xff, 0x24, 0xff, 0x24, 0xff, 0x24, 0xff, 0x24, 0xff, 0x24, 0xff, 0x24, 0xff, 0x24, 0xff, 0x24, 0xff, 0x24, 0xff, 0x24, 0xff, 0x24, 0xff, 0x24, 0xff, 0x25, 0xff, 0x49, 0xff, 
  0x6e, 0xff, 0x25, 0xff, 0x24, 0xff, 0x24, 0xff, 0x24, 0xff, 0x24, 0xff, 0x24, 0xff, 0x24, 0xff, 0x24, 0xff, 0x24, 0xff, 0x24, 0xff, 0x24, 0xff, 0x24, 0xff, 0x24, 0xff, 0x24, 0xff, 0x24, 0xff, 0x24, 0xff, 0x24, 0xff, 0x24, 0xff, 0x24, 0xff, 0x24, 0xff, 0x24, 0xff, 0x25, 0xff, 0x6e, 0xff, 
  0x24, 0xff, 0x24, 0xff, 0x24, 0xff, 0x24, 0xff, 0x24, 0xff, 0x24, 0xff, 0x24, 0xff, 0x24, 0xff, 0x24, 0xff, 0x24, 0xff, 0x24, 0xff, 0x24, 0xff, 0x24, 0xff, 0x24, 0xff, 0x24, 0xff, 0x24, 0xff, 0x24, 0xff, 0x24, 0xff, 0x24, 0xff, 0x24, 0xff, 0x24, 0xff, 0x24, 0xff, 0x25, 0xff, 0x6e, 0xff, 
  0x24, 0xff, 0x24, 0xff, 0x24, 0xff, 0x24, 0xff, 0x24, 0xff, 0x24, 0xff, 0x24, 0xff, 0x24, 0xff, 0x24, 0xff, 0x24, 0xff, 0x24, 0xff, 0x24, 0xff, 0x24, 0xff, 0x24, 0xff, 0x24, 0xff, 0x24, 0xff, 0x24, 0xff, 0x24, 0xff, 0x24, 0xff, 0x24, 0xff, 0x24, 0xff, 0x24, 0xff, 0x24, 0xff, 0x24, 0xff, 
  0x49, 0xff, 0x25, 0xff, 0x24, 0xff, 0x24, 0xff, 0x24, 0xff, 0x24, 0xff, 0x24, 0xff, 0x24, 0xff, 0x24, 0xff, 0x24, 0xff, 0x24, 0xff, 0x24, 0xff, 0x24, 0xff, 0x24, 0xff, 0x24, 0xff, 0x24, 0xff, 0x24, 0xff, 0x24, 0xff, 0x24, 0xff, 0x24, 0xff, 0x24, 0xff, 0x24, 0xff, 0x24, 0xff, 0x24, 0xff, 
  0x6e, 0xff, 0x25, 0xff, 0x24, 0xff, 0x24, 0xff, 0x24, 0xff, 0x24, 0xff, 0x24, 0xff, 0x24, 0xff, 0x24, 0xff, 0x24, 0xff, 0x24, 0xff, 0x24, 0xff, 0x24, 0xff, 0x24, 0xff, 0x24, 0xff, 0x24, 0xff, 0x24, 0xff, 0x24, 0xff, 0x24, 0xff, 0x24, 0xff, 0x24, 0xff, 0x24, 0xff, 0x25, 0xff, 0x49, 0xff, 
  0x49, 0xff, 0x24, 0xff, 0x24, 0xff, 0x24, 0xff, 0x24, 0xff, 0x24, 0xff, 0x24, 0xff, 0x24, 0xff, 0x24, 0xff, 0x24, 0xff, 0x24, 0xff, 0x24, 0xff, 0x24, 0xff, 0x24, 0xff, 0x24, 0xff, 0x24, 0xff, 0x24, 0xff, 0x24, 0xff, 0x24, 0xff, 0x24, 0xff, 0x24, 0xff, 0x24, 0xff, 0x25, 0xff, 0x6e, 0xff, 
  0x24, 0xff, 0x24, 0xff, 0x24, 0xff, 0x24, 0xff, 0x24, 0xff, 0x24, 0xff, 0x24, 0xff, 0x24, 0xff, 0x24, 0xff, 0x24, 0xff, 0x24, 0xff, 0x24, 0xff, 0x24, 0xff, 0x24, 0xff, 0x24, 0xff, 0x24, 0xff, 0x24, 0xff, 0x24, 0xff, 0x24, 0xff, 0x24, 0xff, 0x24, 0xff, 0x24, 0xff, 0x24, 0xff, 0x49, 0xff, 
  0x24, 0xff, 0x24, 0xff, 0x24, 0xff, 0x24, 0xff, 0x24, 0xff, 0x24, 0xff, 0x24, 0xff, 0x24, 0xff, 0x24, 0xff, 0x24, 0xff, 0x24, 0xff, 0x24, 0xff, 0x24, 0xff, 0x24, 0xff, 0x24, 0xff, 0x24, 0xff, 0x24, 0xff, 0x24, 0xff, 0x24, 0xff, 0x24, 0xff, 0x24, 0xff, 0x24, 0xff, 0x24, 0xff, 0x24, 0xff, 
  0x6e, 0xff, 0x25, 0xff, 0x24, 0xff, 0x24, 0xff, 0x24, 0xff, 0x24, 0xff, 0x24, 0xff, 0x24, 0xff, 0x24, 0xff, 0x24, 0xff, 0x24, 0xff, 0x24, 0xff, 0x24, 0xff, 0x24, 0xff, 0x24, 0xff, 0x24, 0xff, 0x24, 0xff, 0x24, 0xff, 0x24, 0xff, 0x24, 0xff, 0x24, 0xff, 0x24, 0xff, 0x24, 0xff, 0x24, 0xff, 
  0x6e, 0xff, 0x25, 0xff, 0x24, 0xff, 0x24, 0xff, 0x24, 0xff, 0x24, 0xff, 0x24, 0xff, 0x24, 0xff, 0x24, 0xff, 0x24, 0xff, 0x24, 0xff, 0x24, 0xff, 0x24, 0xff, 0x24, 0xff, 0x24, 0xff, 0x24, 0xff, 0x24, 0xff, 0x24, 0xff, 0x24, 0xff, 0x24, 0xff, 0x24, 0xff, 0x24, 0xff, 0x25, 0xff, 0x6e, 0xff, 
  0x25, 0xff, 0x24, 0xff, 0x24, 0xff, 0x24, 0xff, 0x24, 0xff, 0x24, 0xff, 0x24, 0xff, 0x24, 0xff, 0x24, 0xff, 0x24, 0xff, 0x24, 0xff, 0x24, 0xff, 0x24, 0xff, 0x24, 0xff, 0x24, 0xff, 0x24, 0xff, 0x24, 0xff, 0x24, 0xff, 0x24, 0xff, 0x24, 0xff, 0x24, 0xff, 0x24, 0xff, 0x25, 0xff, 0x6e, 0xff, 
  0x24, 0xff, 0x24, 0xff, 0x24, 0xff, 0x24, 0xff, 0x24, 0xff, 0x24, 0xff, 0x24, 0xff, 0x24, 0xff, 0x24, 0xff, 0x24, 0xff, 0x24, 0xff, 0x24, 0xff, 0x24, 0xff, 0x24, 0xff, 0x24, 0xff, 0x24, 0xff, 0x24, 0xff, 0x24, 0xff, 0x24, 0xff, 0x24, 0xff, 0x24, 0xff, 0x24, 0xff, 0x24, 0xff, 0x25, 0xff, 
  0x49, 0xff, 0x25, 0xff, 0x24, 0xff, 0x24, 0xff, 0x24, 0xff, 0x24, 0xff, 0x24, 0xff, 0x24, 0xff, 0x24, 0xff, 0x24, 0xff, 0x24, 0xff, 0x24, 0xff, 0x24, 0xff, 0x24, 0xff, 0x24, 0xff, 0x24, 0xff, 0x24, 0xff, 0x24, 0xff, 0x24, 0xff, 0x24, 0xff, 0x24, 0xff, 0x24, 0xff, 0x24, 0xff, 0x24, 0xff, 
  0x6e, 0xff, 0x25, 0xff, 0x24, 0xff, 0x24, 0xff, 0x24, 0xff, 0x24, 0xff, 0x24, 0xff, 0x24, 0xff, 0x24, 0xff, 0x24, 0xff, 0x24, 0xff, 0x24, 0xff, 0x24, 0xff, 0x24, 0xff, 0x24, 0xff, 0x24, 0xff, 0x24, 0xff, 0x24, 0xff, 0x24, 0xff, 0x24, 0xff, 0x24, 0xff, 0x24, 0xff, 0x25, 0xff, 0x49, 0xff, 
  0x6e, 0xff, 0x25, 0xff, 0x24, 0xff, 0x24, 0xff, 0x24, 0xff, 0x24, 0xff, 0x24, 0xff, 0x24, 0xff, 0x24, 0xff, 0x24, 0xff, 0x24, 0xff, 0x24, 0xff, 0x24, 0xff, 0x24, 0xff, 0x24, 0xff, 0x24, 0xff, 0x24, 0xff, 0x24, 0xff, 0x24, 0xff, 0x24, 0xff, 0x24, 0xff, 0x24, 0xff, 0x25, 0xff, 0x6e, 0xff, 
  0x24, 0xff, 0x24, 0xff, 0x24, 0xff, 0x24, 0xff, 0x24, 0xff, 0x24, 0xff, 0x24, 0xff, 0x24, 0xff, 0x24, 0xff, 0x24, 0xff, 0x24, 0xff, 0x24, 0xff, 0x24, 0xff, 0x24, 0xff, 0x24, 0xff, 0x24, 0xff, 0x24, 0xff, 0x24, 0xff, 0x24, 0xff, 0x24, 0xff, 0x24, 0xff, 0x24, 0xff, 0x25, 0xff, 0x6e, 0xff, 
  0x24, 0xff, 0x24, 0xff, 0x24, 0xff, 0x24, 0xff, 0x24, 0xff, 0x24, 0xff, 0x24, 0xff, 0x24, 0xff, 0x24, 0xff, 0x24, 0xff, 0x24, 0xff, 0x24, 0xff, 0x24, 0xff, 0x24, 0xff, 0x24, 0xff, 0x24, 0xff, 0x24, 0xff, 0x24, 0xff, 0x24, 0xff, 0x24, 0xff, 0x24, 0xff, 0x24, 0xff, 0x24, 0xff, 0x24, 0xff, 
  0x6d, 0xff, 0x25, 0xff, 0x24, 0xff, 0x24, 0xff, 0x24, 0xff, 0x24, 0xff, 0x24, 0xff, 0x24, 0xff, 0x24, 0xff, 0x24, 0xff, 0x24, 0xff, 0x24, 0xff, 0x24, 0xff, 0x24, 0xff, 0x24, 0xff, 0x24, 0xff, 0x24, 0xff, 0x24, 0xff, 0x24, 0xff, 0x24, 0xff, 0x24, 0xff, 0x24, 0xff, 0x24, 0xff, 0x24, 0xff, 
  0x6e, 0xff, 0x25, 0xff, 0x24, 0xff, 0x24, 0xff, 0x24, 0xff, 0x24, 0xff, 0x24, 0xff, 0x24, 0xff, 0x24, 0xff, 0x24, 0xff, 0x24, 0xff, 0x24, 0xff, 0x24, 0xff, 0x24, 0xff, 0x24, 0xff, 0x24, 0xff, 0x24, 0xff, 0x24, 0xff, 0x24, 0xff, 0x24, 0xff, 0x24, 0xff, 0x24, 0xff, 0x25, 0xff, 0x6d, 0xff, 
  0x49, 0xff, 0x24, 0xff, 0x24, 0xff, 0x24, 0xff, 0x24, 0xff, 0x24, 0xff, 0x24, 0xff, 0x24, 0xff, 0x24, 0xff, 0x24, 0xff, 0x24, 0xff, 0x24, 0xff, 0x24, 0xff, 0x24, 0xff, 0x24, 0xff, 0x24, 0xff, 0x24, 0xff, 0x24, 0xff, 0x24, 0xff, 0x24, 0xff, 0x24, 0xff, 0x24, 0xff, 0x25, 0xff, 0x6e, 0xff, 
  0x24, 0xff, 0x24, 0xff, 0x24, 0xff, 0x24, 0xff, 0x24, 0xff, 0x24, 0xff, 0x24, 0xff, 0x24, 0xff, 0x24, 0xff, 0x24, 0xff, 0x24, 0xff, 0x24, 0xff, 0x24, 0xff, 0x24, 0xff, 0x24, 0xff, 0x24, 0xff, 0x24, 0xff, 0x24, 0xff, 0x24, 0xff, 0x24, 0xff, 0x24, 0xff, 0x24, 0xff, 0x24, 0xff, 0x49, 0xff, 
  0x25, 0xff, 0x25, 0xff, 0x24, 0xff, 0x24, 0xff, 0x24, 0xff, 0x24, 0xff, 0x24, 0xff, 0x24, 0xff, 0x24, 0xff, 0x24, 0xff, 0x24, 0xff, 0x24, 0xff, 0x24, 0xff, 0x24, 0xff, 0x24, 0xff, 0x24, 0xff, 0x24, 0xff, 0x24, 0xff, 0x24, 0xff, 0x24, 0xff, 0x24, 0xff, 0x24, 0xff, 0x24, 0xff, 0x24, 0xff, 
  0x6e, 0xff, 0x25, 0xff, 0x24, 0xff, 0x24, 0xff, 0x24, 0xff, 0x24, 0xff, 0x24, 0xff, 0x24, 0xff, 0x24, 0xff, 0x24, 0xff, 0x24, 0xff, 0x24, 0xff, 0x24, 0xff, 0x24, 0xff, 0x24, 0xff, 0x24, 0xff, 0x24, 0xff, 0x24, 0xff, 0x24, 0xff, 0x24, 0xff, 0x24, 0xff, 0x24, 0xff, 0x24, 0xff, 0x25, 0xff, 
  0x6e, 0xff, 0x25, 0xff, 0x24, 0xff, 0x24, 0xff, 0x24, 0xff, 0x24, 0xff, 0x24, 0xff, 0x24, 0xff, 0x24, 0xff, 0x24, 0xff, 0x24, 0xff, 0x24, 0xff, 0x24, 0xff, 0x24, 0xff, 0x24, 0xff, 0x24, 0xff, 0x24, 0xff, 0x24, 0xff, 0x24, 0xff, 0x24, 0xff, 0x24, 0xff, 0x24, 0xff, 0x25, 0xff, 0x6e, 0xff, 
  0x25, 0xff, 0x24, 0xff, 0x24, 0xff, 0x24, 0xff, 0x24, 0xff, 0x24, 0xff, 0x24, 0xff, 0x24, 0xff, 0x24, 0xff, 0x24, 0xff, 0x24, 0xff, 0x24, 0xff, 0x24, 0xff, 0x24, 0xff, 0x24, 0xff, 0x24, 0xff, 0x24, 0xff, 0x24, 0xff, 0x24, 0xff, 0x24, 0xff, 0x24, 0xff, 0x24, 0xff, 0x25, 0xff, 0x6e, 0xff, 
  0x24, 0xff, 0x24, 0xff, 0x24, 0xff, 0x24, 0xff, 0x24, 0xff, 0x24, 0xff, 0x24, 0xff, 0x24, 0xff, 0x24, 0xff, 0x24, 0xff, 0x24, 0xff, 0x24, 0xff, 0x24, 0xff, 0x24, 0xff, 0x24, 0xff, 0x24, 0xff, 0x24, 0xff, 0x24, 0xff, 0x24, 0xff, 0x24, 0xff, 0x24, 0xff, 0x24, 0xff, 0x24, 0xff, 0x25, 0xff, 
  0x49, 0xff, 0x25, 0xff, 0x24, 0xff, 0x24, 0xff, 0x24, 0xff, 0x24, 0xff, 0x24, 0xff, 0x24, 0xff, 0x24, 0xff, 0x24, 0xff, 0x24, 0xff, 0x24, 0xff, 0x24, 0xff, 0x24, 0xff, 0x24, 0xff, 0x24, 0xff, 0x24, 0xff, 0x24, 0xff, 0x24, 0xff, 0x24, 0xff, 0x24, 0xff, 0x24, 0xff, 0x24, 0xff, 0x24, 0xff, 
  0x6e, 0xff, 0x25, 0xff, 0x24, 0xff, 0x24, 0xff, 0x24, 0xff, 0x24, 0xff, 0x24, 0xff, 0x24, 0xff, 0x24, 0xff, 0x24, 0xff, 0x24, 0xff, 0x24, 0xff, 0x24, 0xff, 0x24, 0xff, 0x24, 0xff, 0x24, 0xff, 0x24, 0xff, 0x24, 0xff, 0x24, 0xff, 0x24, 0xff, 0x24, 0xff, 0x24, 0xff, 0x25, 0xff, 0x49, 0xff, 
  0x6e, 0xff, 0x24, 0xff, 0x24, 0xff, 0x24, 0xff, 0x24, 0xff, 0x24, 0xff, 0x24, 0xff, 0x24, 0xff, 0x24, 0xff, 0x24, 0xff, 0x24, 0xff, 0x24, 0xff, 0x24, 0xff, 0x24, 0xff, 0x24, 0xff, 0x24, 0xff, 0x24, 0xff, 0x24, 0xff, 0x24, 0xff, 0x24, 0xff, 0x24, 0xff, 0x24, 0xff, 0x25, 0xff, 0x6e, 0xff, 
  0x24, 0xff, 0x24, 0xff, 0x24, 0xff, 0x24, 0xff, 0x24, 0xff, 0x24, 0xff, 0x24, 0xff, 0x24, 0xff, 0x24, 0xff, 0x24, 0xff, 0x24, 0xff, 0x24, 0xff, 0x24, 0xff, 0x24, 0xff, 0x24, 0xff, 0x24, 0xff, 0x24, 0xff, 0x24, 0xff, 0x24, 0xff, 0x24, 0xff, 0x24, 0xff, 0x24, 0xff, 0x25, 0xff, 0x6e, 0xff, 
  0x24, 0xff, 0x24, 0xff, 0x24, 0xff, 0x24, 0xff, 0x24, 0xff, 0x24, 0xff, 0x24, 0xff, 0x24, 0xff, 0x24, 0xff, 0x24, 0xff, 0x24, 0xff, 0x24, 0xff, 0x24, 0xff, 0x24, 0xff, 0x24, 0xff, 0x24, 0xff, 0x24, 0xff, 0x24, 0xff, 0x24, 0xff, 0x24, 0xff, 0x24, 0xff, 0x24, 0xff, 0x24, 0xff, 0x24, 0xff, 
  0x6e, 0xff, 0x25, 0xff, 0x24, 0xff, 0x24, 0xff, 0x24, 0xff, 0x24, 0xff, 0x24, 0xff, 0x24, 0xff, 0x24, 0xff, 0x24, 0xff, 0x24, 0xff, 0x24, 0xff, 0x24, 0xff, 0x24, 0xff, 0x24, 0xff, 0x24, 0xff, 0x24, 0xff, 0x24, 0xff, 0x24, 0xff, 0x24, 0xff, 0x24, 0xff, 0x24, 0xff, 0x24, 0xff, 0x24, 0xff, 
  0x6e, 0xff, 0x25, 0xff, 0x24, 0xff, 0x24, 0xff, 0x24, 0xff, 0x24, 0xff, 0x24, 0xff, 0x24, 0xff, 0x24, 0xff, 0x24, 0xff, 0x24, 0xff, 0x24, 0xff, 0x24, 0xff, 0x24, 0xff, 0x24, 0xff, 0x24, 0xff, 0x24, 0xff, 0x24, 0xff, 0x24, 0xff, 0x24, 0xff, 0x24, 0xff, 0x24, 0xff, 0x25, 0xff, 0x6e, 0xff, 
  0x49, 0xff, 0x24, 0xff, 0x24, 0xff, 0x24, 0xff, 0x24, 0xff, 0x24, 0xff, 0x24, 0xff, 0x24, 0xff, 0x24, 0xff, 0x24, 0xff, 0x24, 0xff, 0x24, 0xff, 0x24, 0xff, 0x24, 0xff, 0x24, 0xff, 0x24, 0xff, 0x24, 0xff, 0x24, 0xff, 0x24, 0xff, 0x24, 0xff, 0x24, 0xff, 0x24, 0xff, 0x25, 0xff, 0x6e, 0xff, 
  0x24, 0xff, 0x24, 0xff, 0x24, 0xff, 0x24, 0xff, 0x24, 0xff, 0x24, 0xff, 0x24, 0xff, 0x24, 0xff, 0x24, 0xff, 0x24, 0xff, 0x24, 0xff, 0x24, 0xff, 0x24, 0xff, 0x24, 0xff, 0x24, 0xff, 0x24, 0xff, 0x24, 0xff, 0x24, 0xff, 0x24, 0xff, 0x24, 0xff, 0x24, 0xff, 0x24, 0xff, 0x24, 0xff, 0x49, 0xff, 
  0x25, 0xff, 0x25, 0xff, 0x24, 0xff, 0x24, 0xff, 0x24, 0xff, 0x24, 0xff, 0x24, 0xff, 0x24, 0xff, 0x24, 0xff, 0x24, 0xff, 0x24, 0xff, 0x24, 0xff, 0x24, 0xff, 0x24, 0xff, 0x24, 0xff, 0x24, 0xff, 0x24, 0xff, 0x24, 0xff, 0x24, 0xff, 0x24, 0xff, 0x24, 0xff, 0x24, 0xff, 0x24, 0xff, 0x24, 0xff, 
  0x6e, 0xff, 0x25, 0xff, 0x24, 0xff, 0x24, 0xff, 0x24, 0xff, 0x24, 0xff, 0x24, 0xff, 0x24, 0xff, 0x24, 0xff, 0x24, 0xff, 0x24, 0xff, 0x24, 0xff, 0x24, 0xff, 0x24, 0xff, 0x24, 0xff, 0x24, 0xff, 0x24, 0xff, 0x24, 0xff, 0x24, 0xff, 0x24, 0xff, 0x24, 0xff, 0x24, 0xff, 0x24, 0xff, 0x25, 0xff, 
  0x6e, 0xff, 0x25, 0xff, 0x24, 0xff, 0x24, 0xff, 0x24, 0xff, 0x24, 0xff, 0x24, 0xff, 0x24, 0xff, 0x24, 0xff, 0x24, 0xff, 0x24, 0xff, 0x24, 0xff, 0x24, 0xff, 0x24, 0xff, 0x24, 0xff, 0x24, 0xff, 0x24, 0xff, 0x24, 0xff, 0x24, 0xff, 0x24, 0xff, 0x24, 0xff, 0x24, 0xff, 0x25, 0xff, 0x6e, 0xff, 
  0x25, 0xff, 0x24, 0xff, 0x24, 0xff, 0x24, 0xff, 0x24, 0xff, 0x24, 0xff, 0x24, 0xff, 0x24, 0xff, 0x24, 0xff, 0x24, 0xff, 0x24, 0xff, 0x24, 0xff, 0x24, 0xff, 0x24, 0xff, 0x24, 0xff, 0x24, 0xff, 0x24, 0xff, 0x24, 0xff, 0x24, 0xff, 0x24, 0xff, 0x24, 0xff, 0x24, 0xff, 0x25, 0xff, 0x6e, 0xff, 
  0x24, 0xff, 0x24, 0xff, 0x24, 0xff, 0x24, 0xff, 0x24, 0xff, 0x24, 0xff, 0x24, 0xff, 0x24, 0xff, 0x24, 0xff, 0x24, 0xff, 0x24, 0xff, 0x24, 0xff, 0x24, 0xff, 0x24, 0xff, 0x24, 0xff, 0x24, 0xff, 0x24, 0xff, 0x24, 0xff, 0x24, 0xff, 0x24, 0xff, 0x24, 0xff, 0x24, 0xff, 0x24, 0xff, 0x25, 0xff, 
  0x49, 0xff, 0x25, 0xff, 0x24, 0xff, 0x24, 0xff, 0x24, 0xff, 0x24, 0xff, 0x24, 0xff, 0x24, 0xff, 0x24, 0xff, 0x24, 0xff, 0x24, 0xff, 0x24, 0xff, 0x24, 0xff, 0x24, 0xff, 0x24, 0xff, 0x24, 0xff, 0x24, 0xff, 0x24, 0xff, 0x24, 0xff, 0x24, 0xff, 0x24, 0xff, 0x24, 0xff, 0x24, 0xff, 0x24, 0xff, 
  0x6e, 0xff, 0x25, 0xff, 0x24, 0xff, 0x24, 0xff, 0x24, 0xff, 0x24, 0xff, 0x24, 0xff, 0x24, 0xff, 0x24, 0xff, 0x24, 0xff, 0x24, 0xff, 0x24, 0xff, 0x24, 0xff, 0x24, 0xff, 0x24, 0xff, 0x24, 0xff, 0x24, 0xff, 0x24, 0xff, 0x24, 0xff, 0x24, 0xff, 0x24, 0xff, 0x24, 0xff, 0x25, 0xff, 0x49, 0xff, 
  0x6d, 0xff, 0x24, 0xff, 0x24, 0xff, 0x24, 0xff, 0x24, 0xff, 0x24, 0xff, 0x24, 0xff, 0x24, 0xff, 0x24, 0xff, 0x24, 0xff, 0x24, 0xff, 0x24, 0xff, 0x24, 0xff, 0x24, 0xff, 0x24, 0xff, 0x24, 0xff, 0x24, 0xff, 0x24, 0xff, 0x24, 0xff, 0x24, 0xff, 0x24, 0xff, 0x24, 0xff, 0x25, 0xff, 0x6e, 0xff, 
  0x24, 0xff, 0x24, 0xff, 0x24, 0xff, 0x24, 0xff, 0x24, 0xff, 0x24, 0xff, 0x24, 0xff, 0x24, 0xff, 0x24, 0xff, 0x24, 0xff, 0x24, 0xff, 0x24, 0xff, 0x24, 0xff, 0x24, 0xff, 0x24, 0xff, 0x24, 0xff, 0x24, 0xff, 0x24, 0xff, 0x24, 0xff, 0x24, 0xff, 0x24, 0xff, 0x24, 0xff, 0x25, 0xff, 0x6d, 0xff, 
  0x24, 0xff, 0x24, 0xff, 0x24, 0xff, 0x24, 0xff, 0x24, 0xff, 0x24, 0xff, 0x24, 0xff, 0x24, 0xff, 0x24, 0xff, 0x24, 0xff, 0x24, 0xff, 0x24, 0xff, 0x24, 0xff, 0x24, 0xff, 0x24, 0xff, 0x24, 0xff, 0x24, 0xff, 0x24, 0xff, 0x24, 0xff, 0x24, 0xff, 0x24, 0xff, 0x24, 0xff, 0x24, 0xff, 0x24, 0xff, 
  0x6e, 0xff, 0x25, 0xff, 0x24, 0xff, 0x24, 0xff, 0x24, 0xff, 0x24, 0xff, 0x24, 0xff, 0x24, 0xff, 0x24, 0xff, 0x24, 0xff, 0x24, 0xff, 0x24, 0xff, 0x24, 0xff, 0x24, 0xff, 0x24, 0xff, 0x24, 0xff, 0x24, 0xff, 0x24, 0xff, 0x24, 0xff, 0x24, 0xff, 0x24, 0xff, 0x24, 0xff, 0x24, 0xff, 0x24, 0xff, 
  0x6e, 0xff, 0x25, 0xff, 0x24, 0xff, 0x24, 0xff, 0x24, 0xff, 0x24, 0xff, 0x24, 0xff, 0x24, 0xff, 0x24, 0xff, 0x24, 0xff, 0x24, 0xff, 0x24, 0xff, 0x24, 0xff, 0x24, 0xff, 0x24, 0xff, 0x24, 0xff, 0x24, 0xff, 0x24, 0xff, 0x24, 0xff, 0x24, 0xff, 0x24, 0xff, 0x24, 0xff, 0x25, 0xff, 0x6e, 0xff, 
  0x49, 0xff, 0x24, 0xff, 0x24, 0xff, 0x24, 0xff, 0x24, 0xff, 0x24, 0xff, 0x24, 0xff, 0x24, 0xff, 0x24, 0xff, 0x24, 0xff, 0x24, 0xff, 0x24, 0xff, 0x24, 0xff, 0x24, 0xff, 0x24, 0xff, 0x24, 0xff, 0x24, 0xff, 0x24, 0xff, 0x24, 0xff, 0x24, 0xff, 0x24, 0xff, 0x24, 0xff, 0x25, 0xff, 0x6e, 0xff, 
  0x24, 0xff, 0x24, 0xff, 0x24, 0xff, 0x24, 0xff, 0x24, 0xff, 0x24, 0xff, 0x24, 0xff, 0x24, 0xff, 0x24, 0xff, 0x24, 0xff, 0x24, 0xff, 0x24, 0xff, 0x24, 0xff, 0x24, 0xff, 0x24, 0xff, 0x24, 0xff, 0x24, 0xff, 0x24, 0xff, 0x24, 0xff, 0x24, 0xff, 0x24, 0xff, 0x24, 0xff, 0x24, 0xff, 0x49, 0xff, 
  0x25, 0xff, 0x25, 0xff, 0x24, 0xff, 0x24, 0xff, 0x24, 0xff, 0x24, 0xff, 0x24, 0xff, 0x24, 0xff, 0x24, 0xff, 0x24, 0xff, 0x24, 0xff, 0x24, 0xff, 0x24, 0xff, 0x24, 0xff, 0x24, 0xff, 0x24, 0xff, 0x24, 0xff, 0x24, 0xff, 0x24, 0xff, 0x24, 0xff, 0x24, 0xff, 0x24, 0xff, 0x24, 0xff, 0x24, 0xff, 
  0x6e, 0xff, 0x25, 0xff, 0x24, 0xff, 0x24, 0xff, 0x24, 0xff, 0x24, 0xff, 0x24, 0xff, 0x24, 0xff, 0x24, 0xff, 0x24, 0xff, 0x24, 0xff, 0x24, 0xff, 0x24, 0xff, 0x24, 0xff, 0x24, 0xff, 0x24, 0xff, 0x24, 0xff, 0x24, 0xff, 0x24, 0xff, 0x24, 0xff, 0x24, 0xff, 0x24, 0xff, 0x24, 0xff, 0x25, 0xff, 
  0x6e, 0xff, 0x25, 0xff, 0x24, 0xff, 0x24, 0xff, 0x24, 0xff, 0x24, 0xff, 0x24, 0xff, 0x24, 0xff, 0x24, 0xff, 0x24, 0xff, 0x24, 0xff, 0x24, 0xff, 0x24, 0xff, 0x24, 0xff, 0x24, 0xff, 0x24, 0xff, 0x24, 0xff, 0x24, 0xff, 0x24, 0xff, 0x24, 0xff, 0x24, 0xff, 0x24, 0xff, 0x25, 0xff, 0x6e, 0xff, 
  0x25, 0xff, 0x24, 0xff, 0x24, 0xff, 0x24, 0xff, 0x24, 0xff, 0x24, 0xff, 0x24, 0xff, 0x24, 0xff, 0x24, 0xff, 0x24, 0xff, 0x24, 0xff, 0x24, 0xff, 0x24, 0xff, 0x24, 0xff, 0x24, 0xff, 0x24, 0xff, 0x24, 0xff, 0x24, 0xff, 0x24, 0xff, 0x24, 0xff, 0x24, 0xff, 0x24, 0xff, 0x25, 0xff, 0x6e, 0xff, 
  0x24, 0xff, 0x24, 0xff, 0x24, 0xff, 0x24, 0xff, 0x24, 0xff, 0x24, 0xff, 0x24, 0xff, 0x24, 0xff, 0x24, 0xff, 0x24, 0xff, 0x24, 0xff, 0x24, 0xff, 0x24, 0xff, 0x24, 0xff, 0x24, 0xff, 0x24, 0xff, 0x24, 0xff, 0x24, 0xff, 0x24, 0xff, 0x24, 0xff, 0x24, 0xff, 0x24, 0xff, 0x24, 0xff, 0x24, 0xff, 
  0x49, 0xff, 0x25, 0xff, 0x24, 0xff, 0x24, 0xff, 0x24, 0xff, 0x24, 0xff, 0x24, 0xff, 0x24, 0xff, 0x24, 0xff, 0x24, 0xff, 0x24, 0xff, 0x24, 0xff, 0x24, 0xff, 0x24, 0xff, 0x24, 0xff, 0x24, 0xff, 0x24, 0xff, 0x24, 0xff, 0x24, 0xff, 0x24, 0xff, 0x24, 0xff, 0x24, 0xff, 0x24, 0xff, 0x24, 0xff, 
  0x6e, 0xff, 0x25, 0xff, 0x24, 0xff, 0x24, 0xff, 0x24, 0xff, 0x24, 0xff, 0x24, 0xff, 0x24, 0xff, 0x24, 0xff, 0x24, 0xff, 0x24, 0xff, 0x24, 0xff, 0x24, 0xff, 0x24, 0xff, 0x24, 0xff, 0x24, 0xff, 0x24, 0xff, 0x24, 0xff, 0x24, 0xff, 0x24, 0xff, 0x24, 0xff, 0x24, 0xff, 0x25, 0xff, 0x49, 0xff, 
  0x6d, 0xff, 0x24, 0xff, 0x24, 0xff, 0x24, 0xff, 0x24, 0xff, 0x24, 0xff, 0x24, 0xff, 0x24, 0xff, 0x24, 0xff, 0x24, 0xff, 0x24, 0xff, 0x24, 0xff, 0x24, 0xff, 0x24, 0xff, 0x24, 0xff, 0x24, 0xff, 0x24, 0xff, 0x24, 0xff, 0x24, 0xff, 0x24, 0xff, 0x24, 0xff, 0x24, 0xff, 0x25, 0xff, 0x6e, 0xff, 
  0x24, 0xff, 0x24, 0xff, 0x24, 0xff, 0x24, 0xff, 0x24, 0xff, 0x24, 0xff, 0x24, 0xff, 0x24, 0xff, 0x24, 0xff, 0x24, 0xff, 0x24, 0xff, 0x24, 0xff, 0x24, 0xff, 0x24, 0xff, 0x24, 0xff, 0x24, 0xff, 0x24, 0xff, 0x24, 0xff, 0x24, 0xff, 0x24, 0xff, 0x24, 0xff, 0x24, 0xff, 0x24, 0xff, 0x49, 0xff, 
  0x24, 0xff, 0x24, 0xff, 0x24, 0xff, 0x24, 0xff, 0x24, 0xff, 0x24, 0xff, 0x24, 0xff, 0x24, 0xff, 0x24, 0xff, 0x24, 0xff, 0x24, 0xff, 0x24, 0xff, 0x24, 0xff, 0x24, 0xff, 0x24, 0xff, 0x24, 0xff, 0x24, 0xff, 0x24, 0xff, 0x24, 0xff, 0x24, 0xff, 0x24, 0xff, 0x24, 0xff, 0x24, 0xff, 0x24, 0xff, 
  0x6e, 0xff, 0x25, 0xff, 0x24, 0xff, 0x24, 0xff, 0x24, 0xff, 0x24, 0xff, 0x24, 0xff, 0x24, 0xff, 0x24, 0xff, 0x24, 0xff, 0x24, 0xff, 0x24, 0xff, 0x24, 0xff, 0x24, 0xff, 0x24, 0xff, 0x24, 0xff, 0x24, 0xff, 0x24, 0xff, 0x24, 0xff, 0x24, 0xff, 0x24, 0xff, 0x24, 0xff, 0x24, 0xff, 0x24, 0xff, 
  0x6e, 0xff, 0x25, 0xff, 0x24, 0xff, 0x24, 0xff, 0x24, 0xff, 0x24, 0xff, 0x24, 0xff, 0x24, 0xff, 0x24, 0xff, 0x24, 0xff, 0x24, 0xff, 0x24, 0xff, 0x24, 0xff, 0x24, 0xff, 0x24, 0xff, 0x24, 0xff, 0x24, 0xff, 0x24, 0xff, 0x24, 0xff, 0x24, 0xff, 0x24, 0xff, 0x24, 0xff, 0x25, 0xff, 0x6e, 0xff, 
  0x49, 0xff, 0x24, 0xff, 0x24, 0xff, 0x24, 0xff, 0x24, 0xff, 0x24, 0xff, 0x24, 0xff, 0x24, 0xff, 0x24, 0xff, 0x24, 0xff, 0x24, 0xff, 0x24, 0xff, 0x24, 0xff, 0x24, 0xff, 0x24, 0xff, 0x24, 0xff, 0x24, 0xff, 0x24, 0xff, 0x24, 0xff, 0x24, 0xff, 0x24, 0xff, 0x24, 0xff, 0x25, 0xff, 0x6e, 0xff, 
  0x24, 0xff, 0x24, 0xff, 0x24, 0xff, 0x24, 0xff, 0x24, 0xff, 0x24, 0xff, 0x24, 0xff, 0x24, 0xff, 0x24, 0xff, 0x24, 0xff, 0x24, 0xff, 0x24, 0xff, 0x24, 0xff, 0x24, 0xff, 0x24, 0xff, 0x24, 0xff, 0x24, 0xff, 0x24, 0xff, 0x24, 0xff, 0x24, 0xff, 0x24, 0xff, 0x24, 0xff, 0x24, 0xff, 0x49, 0xff, 
  0x49, 0xff, 0x25, 0xff, 0x24, 0xff, 0x24, 0xff, 0x24, 0xff, 0x24, 0xff, 0x24, 0xff, 0x24, 0xff, 0x24, 0xff, 0x24, 0xff, 0x24, 0xff, 0x24, 0xff, 0x24, 0xff, 0x24, 0xff, 0x24, 0xff, 0x24, 0xff, 0x24, 0xff, 0x24, 0xff, 0x24, 0xff, 0x24, 0xff, 0x24, 0xff, 0x24, 0xff, 0x24, 0xff, 0x24, 0xff, 
  0x6e, 0xff, 0x25, 0xff, 0x24, 0xff, 0x24, 0xff, 0x24, 0xff, 0x24, 0xff, 0x24, 0xff, 0x24, 0xff, 0x24, 0xff, 0x24, 0xff, 0x24, 0xff, 0x24, 0xff, 0x24, 0xff, 0x24, 0xff, 0x24, 0xff, 0x24, 0xff, 0x24, 0xff, 0x24, 0xff, 0x24, 0xff, 0x24, 0xff, 0x24, 0xff, 0x24, 0xff, 0x25, 0xff, 0x49, 0xff, 
  0x6e, 0xff, 0x25, 0xff, 0x24, 0xff, 0x24, 0xff, 0x24, 0xff, 0x24, 0xff, 0x24, 0xff, 0x24, 0xff, 0x24, 0xff, 0x24, 0xff, 0x24, 0xff, 0x24, 0xff, 0x24, 0xff, 0x24, 0xff, 0x24, 0xff, 0x24, 0xff, 0x24, 0xff, 0x24, 0xff, 0x24, 0xff, 0x24, 0xff, 0x24, 0xff, 0x24, 0xff, 0x25, 0xff, 0x6e, 0xff, 
  0x24, 0xff, 0x24, 0xff, 0x24, 0xff, 0x24, 0xff, 0x24, 0xff, 0x24, 0xff, 0x24, 0xff, 0x24, 0xff, 0x24, 0xff, 0x24, 0xff, 0x24, 0xff, 0x24, 0xff, 0x24, 0xff, 0x24, 0xff, 0x24, 0xff, 0x24, 0xff, 0x24, 0xff, 0x24, 0xff, 0x24, 0xff, 0x24, 0xff, 0x24, 0xff, 0x24, 0xff, 0x25, 0xff, 0x6e, 0xff, 
  0x24, 0xff, 0x24, 0xff, 0x24, 0xff, 0x24, 0xff, 0x24, 0xff, 0x24, 0xff, 0x24, 0xff, 0x24, 0xff, 0x24, 0xff, 0x24, 0xff, 0x24, 0xff, 0x24, 0xff, 0x24, 0xff, 0x24, 0xff, 0x24, 0xff, 0x24, 0xff, 0x24, 0xff, 0x24, 0xff, 0x24, 0xff, 0x24, 0xff, 0x24, 0xff, 0x24, 0xff, 0x24, 0xff, 0x24, 0xff, 
  0x6e, 0xfa, 0x25, 0xff, 0x24, 0xff, 0x24, 0xff, 0x24, 0xff, 0x24, 0xff, 0x24, 0xff, 0x24, 0xff, 0x24, 0xff, 0x24, 0xff, 0x24, 0xff, 0x24, 0xff, 0x24, 0xff, 0x24, 0xff, 0x24, 0xff, 0x24, 0xff, 0x24, 0xff, 0x24, 0xff, 0x24, 0xff, 0x24, 0xff, 0x24, 0xff, 0x24, 0xff, 0x24, 0xff, 0x24, 0xf7, 
  0x6e, 0x81, 0x49, 0xff, 0x24, 0xff, 0x49, 0xff, 0x49, 0xff, 0x49, 0xff, 0x24, 0xff, 0x24, 0xff, 0x49, 0xff, 0x49, 0xff, 0x25, 0xff, 0x24, 0xff, 0x25, 0xff, 0x49, 0xff, 0x49, 0xff, 0x24, 0xff, 0x24, 0xff, 0x49, 0xff, 0x49, 0xff, 0x49, 0xff, 0x24, 0xff, 0x24, 0xff, 0x6e, 0xff, 0x6e, 0x71, 
  0x00, 0x00, 0x24, 0x19, 0x24, 0x3f, 0x6e, 0x67, 0x6e, 0x7f, 0x6e, 0x6f, 0x24, 0x3f, 0x24, 0x3f, 0x6e, 0x7f, 0x6e, 0x7f, 0x49, 0x57, 0x24, 0x3f, 0x49, 0x57, 0x6e, 0x7f, 0x6e, 0x7f, 0x24, 0x3f, 0x24, 0x3f, 0x6e, 0x6f, 0x6e, 0x7f, 0x6e, 0x67, 0x24, 0x3f, 0x24, 0x3f, 0x72, 0x50, 0x00, 0x00, 
#endif
#if LV_COLOR_DEPTH == 16 && LV_COLOR_16_SWAP == 0
  /*Pixel format: Alpha 8 bit, Red: 5 bit, Green: 6 bit, Blue: 5 bit*/
  0x00, 0x00, 0x00, 0x4e, 0x6b, 0x49, 0x8f, 0x6b, 0x7f, 0x4a, 0x42, 0x57, 0xa3, 0x18, 0x3f, 0xe8, 0x39, 0x4f, 0x8f, 0x6b, 0x7f, 0x8f, 0x6b, 0x7f, 0xa3, 0x18, 0x3f, 0xa3, 0x18, 0x3f, 0xcc, 0x5a, 0x67, 0x8f, 0x6b, 0x7f, 0xcc, 0x5a, 0x67, 0xa3, 0x18, 0x3f, 0xa3, 0x18, 0x3f, 0x8f, 0x6b, 0x7f, 0x8f, 0x6b, 0x7f, 0xe8, 0x39, 0x4f, 0xa3, 0x18, 0x3f, 0x4a, 0x42, 0x57, 0x8f, 0x6b, 0x7f, 0x8f, 0x6b, 0x7f, 0x8f, 0x6b, 0x50, 0x00, 0x00, 0x00, 
  0xc3, 0x18, 0x41, 0x29, 0x42, 0xff, 0x8a, 0x4a, 0xff, 0x66, 0x29, 0xff, 0xc3, 0x18, 0xff, 0x25, 0x21, 0xff, 0x8a, 0x4a, 0xff, 0x8a, 0x4a, 0xff, 0xc3, 0x18, 0xff, 0xc3, 0x18, 0xff, 0xc8, 0x39, 0xff, 0x8a, 0x4a, 0xff, 0xc8, 0x39, 0xff, 0xc3, 0x18, 0xff, 0xc3, 0x18, 0xff, 0x8a, 0x4a, 0xff, 0x8a, 0x4a, 0xff, 0x25, 0x21, 0xff, 0xc3, 0x18, 0xff, 0x66, 0x29, 0xff, 0x8a, 0x4a, 0xff, 0x8a, 0x4a, 0xff, 0x2d, 0x63, 0xff, 0x8b, 0x52, 0x61, 
  0x66, 0x29, 0xf8, 0x25, 0x21, 0xff, 0xc3, 0x18, 0xff, 0xc3, 0x18, 0xff, 0xc3, 0x18, 0xff, 0xc3, 0x18, 0xff, 0xc3, 0x18, 0xff, 0xc3, 0x18, 0xff, 0xc3, 0x18, 0xff, 0xc3, 0x18, 0xff, 0xc3, 0x18, 0xff, 0xc3, 0x18, 0xff, 0xc3, 0x18, 0xff, 0xc3, 0x18, 0xff, 0xc3, 0x18, 0xff, 0xc3, 0x18, 0xff, 0xc3, 0x18, 0xff, 0xc3, 0x18, 0xff, 0xc3, 0x18, 0xff, 0xc3, 0x18, 0xff, 0xc3, 0x18, 0xff, 0xc3, 0x18, 0xff, 0xc3, 0x18, 0xff, 0xc3, 0x18, 0xf7, 
  0x8f, 0x6b, 0xff, 0x25, 0x21, 0xff, 0xc3, 0x18, 0xff, 0xc3, 0x18, 0xff, 0xc3, 0x18, 0xff, 0xc3, 0x18, 0xff, 0xc3, 0x18, 0xff, 0xc3, 0x18, 0xff, 0xc3, 0x18, 0xff, 0xc3, 0x18, 0xff, 0xc3, 0x18, 0xff, 0xc3, 0x18, 0xff, 0xc3, 0x18, 0xff, 0xc3, 0x18, 0xff, 0xc3, 0x18, 0xff, 0xc3, 0x18, 0xff, 0xc3, 0x18, 0xff, 0xc3, 0x18, 0xff, 0xc3, 0x18, 0xff, 0xc3, 0x18, 0xff, 0xc3, 0x18, 0xff, 0xc3, 0x18, 0xff, 0x25, 0x21, 0xff, 0xc8, 0x39, 0xff, 
  0x8f, 0x6b, 0xff, 0x25, 0x21, 0xff, 0xc3, 0x18, 0xff, 0xc3, 0x18, 0xff, 0xc3, 0x18, 0xff, 0xc3, 0x18, 0xff, 0xc3, 0x18, 0xff, 0xc3, 0x18, 0xff, 0xc3, 0x18, 0xff, 0xc3, 0x18, 0xff, 0xc3, 0x18, 0xff, 0xc3, 0x18, 0xff, 0xc3, 0x18, 0xff, 0xc3, 0x18, 0xff, 0xc3, 0x18, 0xff, 0xc3, 0x18, 0xff, 0xc3, 0x18, 0xff, 0xc3, 0x18, 0xff, 0xc3, 0x18, 0xff, 0xc3, 0x18, 0xff, 0xc3, 0x18, 0xff, 0xc3, 0x18, 0xff, 0x25, 0x21, 0xff, 0x8f, 0x6b, 0xff, 
  0xc3, 0x18, 0xff, 0xc3, 0x18, 0xff, 0xc3, 0x18, 0xff, 0xc3, 0x18, 0xff, 0xc3, 0x18, 0xff, 0xc3, 0x18, 0xff, 0xc3, 0x18, 0xff, 0xc3, 0x18, 0xff, 0xc3, 0x18, 0xff, 0xc3, 0x18, 0xff, 0xc3, 0x18, 0xff, 0xc3, 0x18, 0xff, 0xc3, 0x18, 0xff, 0xc3, 0x18, 0xff, 0xc3, 0x18, 0xff, 0xc3, 0x18, 0xff, 0xc3, 0x18, 0xff, 0xc3, 0x18, 0xff, 0xc3, 0x18, 0xff, 0xc3, 0x18, 0xff, 0xc3, 0x18, 0xff, 0xc3, 0x18, 0xff, 0x25, 0x21, 0xff, 0x8f, 0x6b, 0xff, 
  0xc3, 0x18, 0xff, 0xc3, 0x18, 0xff, 0xc3, 0x18, 0xff, 0xc3, 0x18, 0xff, 0xc3, 0x18, 0xff, 0xc3, 0x18, 0xff, 0xc3, 0x18, 0xff, 0xc3, 0x18, 0xff, 0xc3, 0x18, 0xff, 0xc3, 0x18, 0xff, 0xc3, 0x18, 0xff, 0xc3, 0x18, 0xff, 0xc3, 0x18, 0xff, 0xc3, 0x18, 0xff, 0xc3, 0x18, 0xff, 0xc3, 0x18, 0xff, 0xc3, 0x18, 0xff, 0xc3, 0x18, 0xff, 0xc3, 0x18, 0xff, 0xc3, 0x18, 0xff, 0xc3, 0x18, 0xff, 0xc3, 0x18, 0xff, 0xc3, 0x18, 0xff, 0xc3, 0x18, 0xff, 
  0x8a, 0x4a, 0xff, 0x25, 0x21, 0xff, 0xc3, 0x18, 0xff, 0xc3, 0x18, 0xff, 0xc3, 0x18, 0xff, 0xc3, 0x18, 0xff, 0xc3, 0x18, 0xff, 0xc3, 0x18, 0xff, 0xc3, 0x18, 0xff, 0xc3, 0x18, 0xff, 0xc3, 0x18, 0xff, 0xc3, 0x18, 0xff, 0xc3, 0x18, 0xff, 0xc3, 0x18, 0xff, 0xc3, 0x18, 0xff, 0xc3, 0x18, 0xff, 0xc3, 0x18, 0xff, 0xc3, 0x18, 0xff, 0xc3, 0x18, 0xff, 0xc3, 0x18, 0xff, 0xc3, 0x18, 0xff, 0xc3, 0x18, 0xff, 0xc3, 0x18, 0xff, 0xc3, 0x18, 0xff, 
  0x8f, 0x6b, 0xff, 0x25, 0x21, 0xff, 0xc3, 0x18, 0xff, 0xc3, 0x18, 0xff, 0xc3, 0x18, 0xff, 0xc3, 0x18, 0xff, 0xc3, 0x18, 0xff, 0xc3, 0x18, 0xff, 0xc3, 0x18, 0xff, 0xc3, 0x18, 0xff, 0xc3, 0x18, 0xff, 0xc3, 0x18, 0xff, 0xc3, 0x18, 0xff, 0xc3, 0x18, 0xff, 0xc3, 0x18, 0xff, 0xc3, 0x18, 0xff, 0xc3, 0x18, 0xff, 0xc3, 0x18, 0xff, 0xc3, 0x18, 0xff, 0xc3, 0x18, 0xff, 0xc3, 0x18, 0xff, 0xc3, 0x18, 0xff, 0x25, 0x21, 0xff, 0x8a, 0x4a, 0xff, 
  0x8a, 0x4a, 0xff, 0xc3, 0x18, 0xff, 0xc3, 0x18, 0xff, 0xc3, 0x18, 0xff, 0xc3, 0x18, 0xff, 0xc3, 0x18, 0xff, 0xc3, 0x18, 0xff, 0xc3, 0x18, 0xff, 0xc3, 0x18, 0xff, 0xc3, 0x18, 0xff, 0xc3, 0x18, 0xff, 0xc3, 0x18, 0xff, 0xc3, 0x18, 0xff, 0xc3, 0x18, 0xff, 0xc3, 0x18, 0xff, 0xc3, 0x18, 0xff, 0xc3, 0x18, 0xff, 0xc3, 0x18, 0xff, 0xc3, 0x18, 0xff, 0xc3, 0x18, 0xff, 0xc3, 0x18, 0xff, 0xc3, 0x18, 0xff, 0x25, 0x21, 0xff, 0x8f, 0x6b, 0xff, 
  0xc3, 0x18, 0xff, 0xc3, 0x18, 0xff, 0xc3, 0x18, 0xff, 0xc3, 0x18, 0xff, 0xc3, 0x18, 0xff, 0xc3, 0x18, 0xff, 0xc3, 0x18, 0xff, 0xc3, 0x18, 0xff, 0xc3, 0x18, 0xff, 0xc3, 0x18, 0xff, 0xc3, 0x18, 0xff, 0xc3, 0x18, 0xff, 0xc3, 0x18, 0xff, 0xc3, 0x18, 0xff, 0xc3, 0x18, 0xff, 0xc3, 0x18, 0xff, 0xc3, 0x18, 0xff, 0xc3, 0x18, 0xff, 0xc3, 0x18, 0xff, 0xc3, 0x18, 0xff, 0xc3, 0x18, 0xff, 0xc3, 0x18, 0xff, 0xc3, 0x18, 0xff, 0x8a, 0x4a, 0xff, 
  0xc3, 0x18, 0xff, 0xc3, 0x18, 0xff, 0xc3, 0x18, 0xff, 0xc3, 0x18, 0xff, 0xc3, 0x18, 0xff, 0xc3, 0x18, 0xff, 0xc3, 0x18, 0xff, 0xc3, 0x18, 0xff, 0xc3, 0x18, 0xff, 0xc3, 0x18, 0xff, 0xc3, 0x18, 0xff, 0xc3, 0x18, 0xff, 0xc3, 0x18, 0xff, 0xc3, 0x18, 0xff, 0xc3, 0x18, 0xff, 0xc3, 0x18, 0xff, 0xc3, 0x18, 0xff, 0xc3, 0x18, 0xff, 0xc3, 0x18, 0xff, 0xc3, 0x18, 0xff, 0xc3, 0x18, 0xff, 0xc3, 0x18, 0xff, 0xc3, 0x18, 0xff, 0xc3, 0x18, 0xff, 
  0x8f, 0x6b, 0xff, 0x25, 0x21, 0xff, 0xc3, 0x18, 0xff, 0xc3, 0x18, 0xff, 0xc3, 0x18, 0xff, 0xc3, 0x18, 0xff, 0xc3, 0x18, 0xff, 0xc3, 0x18, 0xff, 0xc3, 0x18, 0xff, 0xc3, 0x18, 0xff, 0xc3, 0x18, 0xff, 0xc3, 0x18, 0xff, 0xc3, 0x18, 0xff, 0xc3, 0x18, 0xff, 0xc3, 0x18, 0xff, 0xc3, 0x18, 0xff, 0xc3, 0x18, 0xff, 0xc3, 0x18, 0xff, 0xc3, 0x18, 0xff, 0xc3, 0x18, 0xff, 0xc3, 0x18, 0xff, 0xc3, 0x18, 0xff, 0xc3, 0x18, 0xff, 0xc3, 0x18, 0xff, 
  0x8f, 0x6b, 0xff, 0x25, 0x21, 0xff, 0xc3, 0x18, 0xff, 0xc3, 0x18, 0xff, 0xc3, 0x18, 0xff, 0xc3, 0x18, 0xff, 0xc3, 0x18, 0xff, 0xc3, 0x18, 0xff, 0xc3, 0x18, 0xff, 0xc3, 0x18, 0xff, 0xc3, 0x18, 0xff, 0xc3, 0x18, 0xff, 0xc3, 0x18, 0xff, 0xc3, 0x18, 0xff, 0xc3, 0x18, 0xff, 0xc3, 0x18, 0xff, 0xc3, 0x18, 0xff, 0xc3, 0x18, 0xff, 0xc3, 0x18, 0xff, 0xc3, 0x18, 0xff, 0xc3, 0x18, 0xff, 0xc3, 0x18, 0xff, 0x25, 0x21, 0xff, 0x8f, 0x6b, 0xff, 
  0x66, 0x29, 0xff, 0xc3, 0x18, 0xff, 0xc3, 0x18, 0xff, 0xc3, 0x18, 0xff, 0xc3, 0x18, 0xff, 0xc3, 0x18, 0xff, 0xc3, 0x18, 0xff, 0xc3, 0x18, 0xff, 0xc3, 0x18, 0xff, 0xc3, 0x18, 0xff, 0xc3, 0x18, 0xff, 0xc3, 0x18, 0xff, 0xc3, 0x18, 0xff, 0xc3, 0x18, 0xff, 0xc3, 0x18, 0xff, 0xc3, 0x18, 0xff, 0xc3, 0x18, 0xff, 0xc3, 0x18, 0xff, 0xc3, 0x18, 0xff, 0xc3, 0x18, 0xff, 0xc3, 0x18, 0xff, 0xc3, 0x18, 0xff, 0x25, 0x21, 0xff, 0x8f, 0x6b, 0xff, 
  0xc3, 0x18, 0xff, 0xc3, 0x18, 0xff, 0xc3, 0x18, 0xff, 0xc3, 0x18, 0xff, 0xc3, 0x18, 0xff, 0xc3, 0x18, 0xff, 0xc3, 0x18, 0xff, 0xc3, 0x18, 0xff, 0xc3, 0x18, 0xff, 0xc3, 0x18, 0xff, 0xc3, 0x18, 0xff, 0xc3, 0x18, 0xff, 0xc3, 0x18, 0xff, 0xc3, 0x18, 0xff, 0xc3, 0x18, 0xff, 0xc3, 0x18, 0xff, 0xc3, 0x18, 0xff, 0xc3, 0x18, 0xff, 0xc3, 0x18, 0xff, 0xc3, 0x18, 0xff, 0xc3, 0x18, 0xff, 0xc3, 0x18, 0xff, 0xc3, 0x18, 0xff, 0x66, 0x29, 0xff, 
  0xc8, 0x39, 0xff, 0x25, 0x21, 0xff, 0xc3, 0x18, 0xff, 0xc3, 0x18, 0xff, 0xc3, 0x18, 0xff, 0xc3, 0x18, 0xff, 0xc3, 0x18, 0xff, 0xc3, 0x18, 0xff, 0xc3, 0x18, 0xff, 0xc3, 0x18, 0xff, 0xc3, 0x18, 0xff, 0xc3, 0x18, 0xff, 0xc3, 0x18, 0xff, 0xc3, 0x18, 0xff, 0xc3, 0x18, 0xff, 0xc3, 0x18, 0xff, 0xc3, 0x18, 0xff, 0xc3, 0x18, 0xff, 0xc3, 0x18, 0xff, 0xc3, 0x18, 0xff, 0xc3, 0x18, 0xff, 0xc3, 0x18, 0xff, 0xc3, 0x18, 0xff, 0xc3, 0x18, 0xff, 
  0x8f, 0x6b, 0xff, 0x25, 0x21, 0xff, 0xc3, 0x18, 0xff, 0xc3, 0x18, 0xff, 0xc3, 0x18, 0xff, 0xc3, 0x18, 0xff, 0xc3, 0x18, 0xff, 0xc3, 0x18, 0xff, 0xc3, 0x18, 0xff, 0xc3, 0x18, 0xff, 0xc3, 0x18, 0xff, 0xc3, 0x18, 0xff, 0xc3, 0x18, 0xff, 0xc3, 0x18, 0xff, 0xc3, 0x18, 0xff, 0xc3, 0x18, 0xff, 0xc3, 0x18, 0xff, 0xc3, 0x18, 0xff, 0xc3, 0x18, 0xff, 0xc3, 0x18, 0xff, 0xc3, 0x18, 0xff, 0xc3, 0x18, 0xff, 0x25, 0x21, 0xff, 0xc8, 0x39, 0xff, 
  0x8f, 0x6b, 0xff, 0x25, 0x21, 0xff, 0xc3, 0x18, 0xff, 0xc3, 0x18, 0xff, 0xc3, 0x18, 0xff, 0xc3, 0x18, 0xff, 0xc3, 0x18, 0xff, 0xc3, 0x18, 0xff, 0xc3, 0x18, 0xff, 0xc3, 0x18, 0xff, 0xc3, 0x18, 0xff, 0xc3, 0x18, 0xff, 0xc3, 0x18, 0xff, 0xc3, 0x18, 0xff, 0xc3, 0x18, 0xff, 0xc3, 0x18, 0xff, 0xc3, 0x18, 0xff, 0xc3, 0x18, 0xff, 0xc3, 0x18, 0xff, 0xc3, 0x18, 0xff, 0xc3, 0x18, 0xff, 0xc3, 0x18, 0xff, 0x25, 0x21, 0xff, 0x8f, 0x6b, 0xff, 
  0xc3, 0x18, 0xff, 0xc3, 0x18, 0xff, 0xc3, 0x18, 0xff, 0xc3, 0x18, 0xff, 0xc3, 0x18, 0xff, 0xc3, 0x18, 0xff, 0xc3, 0x18, 0xff, 0xc3, 0x18, 0xff, 0xc3, 0x18, 0xff, 0xc3, 0x18, 0xff, 0xc3, 0x18, 0xff, 0xc3, 0x18, 0xff, 0xc3, 0x18, 0xff, 0xc3, 0x18, 0xff, 0xc3, 0x18, 0xff, 0xc3, 0x18, 0xff, 0xc3, 0x18, 0xff, 0xc3, 0x18, 0xff, 0xc3, 0x18, 0xff, 0xc3, 0x18, 0xff, 0xc3, 0x18, 0xff, 0xc3, 0x18, 0xff, 0x25, 0x21, 0xff, 0x2d, 0x63, 0xff, 
  0xc3, 0x18, 0xff, 0xc3, 0x18, 0xff, 0xc3, 0x18, 0xff, 0xc3, 0x18, 0xff, 0xc3, 0x18, 0xff, 0xc3, 0x18, 0xff, 0xc3, 0x18, 0xff, 0xc3, 0x18, 0xff, 0xc3, 0x18, 0xff, 0xc3, 0x18, 0xff, 0xc3, 0x18, 0xff, 0xc3, 0x18, 0xff, 0xc3, 0x18, 0xff, 0xc3, 0x18, 0xff, 0xc3, 0x18, 0xff, 0xc3, 0x18, 0xff, 0xc3, 0x18, 0xff, 0xc3, 0x18, 0xff, 0xc3, 0x18, 0xff, 0xc3, 0x18, 0xff, 0xc3, 0x18, 0xff, 0xc3, 0x18, 0xff, 0xc3, 0x18, 0xff, 0xc3, 0x18, 0xff, 
  0xcc, 0x5a, 0xff, 0x25, 0x21, 0xff, 0xc3, 0x18, 0xff, 0xc3, 0x18, 0xff, 0xc3, 0x18, 0xff, 0xc3, 0x18, 0xff, 0xc3, 0x18, 0xff, 0xc3, 0x18, 0xff, 0xc3, 0x18, 0xff, 0xc3, 0x18, 0xff, 0xc3, 0x18, 0xff, 0xc3, 0x18, 0xff, 0xc3, 0x18, 0xff, 0xc3, 0x18, 0xff, 0xc3, 0x18, 0xff, 0xc3, 0x18, 0xff, 0xc3, 0x18, 0xff, 0xc3, 0x18, 0xff, 0xc3, 0x18, 0xff, 0xc3, 0x18, 0xff, 0xc3, 0x18, 0xff, 0xc3, 0x18, 0xff, 0xc3, 0x18, 0xff, 0xc3, 0x18, 0xff, 
  0x8f, 0x6b, 0xff, 0x25, 0x21, 0xff, 0xc3, 0x18, 0xff, 0xc3, 0x18, 0xff, 0xc3, 0x18, 0xff, 0xc3, 0x18, 0xff, 0xc3, 0x18, 0xff, 0xc3, 0x18, 0xff, 0xc3, 0x18, 0xff, 0xc3, 0x18, 0xff, 0xc3, 0x18, 0xff, 0xc3, 0x18, 0xff, 0xc3, 0x18, 0xff, 0xc3, 0x18, 0xff, 0xc3, 0x18, 0xff, 0xc3, 0x18, 0xff, 0xc3, 0x18, 0xff, 0xc3, 0x18, 0xff, 0xc3, 0x18, 0xff, 0xc3, 0x18, 0xff, 0xc3, 0x18, 0xff, 0xc3, 0x18, 0xff, 0x25, 0x21, 0xff, 0xcc, 0x5a, 0xff, 
  0x8a, 0x4a, 0xff, 0xc3, 0x18, 0xff, 0xc3, 0x18, 0xff, 0xc3, 0x18, 0xff, 0xc3, 0x18, 0xff, 0xc3, 0x18, 0xff, 0xc3, 0x18, 0xff, 0xc3, 0x18, 0xff, 0xc3, 0x18, 0xff, 0xc3, 0x18, 0xff, 0xc3, 0x18, 0xff, 0xc3, 0x18, 0xff, 0xc3, 0x18, 0xff, 0xc3, 0x18, 0xff, 0xc3, 0x18, 0xff, 0xc3, 0x18, 0xff, 0xc3, 0x18, 0xff, 0xc3, 0x18, 0xff, 0xc3, 0x18, 0xff, 0xc3, 0x18, 0xff, 0xc3, 0x18, 0xff, 0xc3, 0x18, 0xff, 0x25, 0x21, 0xff, 0x8f, 0x6b, 0xff, 
  0xc3, 0x18, 0xff, 0xc3, 0x18, 0xff, 0xc3, 0x18, 0xff, 0xc3, 0x18, 0xff, 0xc3, 0x18, 0xff, 0xc3, 0x18, 0xff, 0xc3, 0x18, 0xff, 0xc3, 0x18, 0xff, 0xc3, 0x18, 0xff, 0xc3, 0x18, 0xff, 0xc3, 0x18, 0xff, 0xc3, 0x18, 0xff, 0xc3, 0x18, 0xff, 0xc3, 0x18, 0xff, 0xc3, 0x18, 0xff, 0xc3, 0x18, 0xff, 0xc3, 0x18, 0xff, 0xc3, 0x18, 0xff, 0xc3, 0x18, 0xff, 0xc3, 0x18, 0xff, 0xc3, 0x18, 0xff, 0xc3, 0x18, 0xff, 0xc3, 0x18, 0xff, 0x29, 0x42, 0xff, 
  0x25, 0x21, 0xff, 0x25, 0x21, 0xff, 0xc3, 0x18, 0xff, 0xc3, 0x18, 0xff, 0xc3, 0x18, 0xff, 0xc3, 0x18, 0xff, 0xc3, 0x18, 0xff, 0xc3, 0x18, 0xff, 0xc3, 0x18, 0xff, 0xc3, 0x18, 0xff, 0xc3, 0x18, 0xff, 0xc3, 0x18, 0xff, 0xc3, 0x18, 0xff, 0xc3, 0x18, 0xff, 0xc3, 0x18, 0xff, 0xc3, 0x18, 0xff, 0xc3, 0x18, 0xff, 0xc3, 0x18, 0xff, 0xc3, 0x18, 0xff, 0xc3, 0x18, 0xff, 0xc3, 0x18, 0xff, 0xc3, 0x18, 0xff, 0xc3, 0x18, 0xff, 0xc3, 0x18, 0xff, 
  0x8f, 0x6b, 0xff, 0x25, 0x21, 0xff, 0xc3, 0x18, 0xff, 0xc3, 0x18, 0xff, 0xc3, 0x18, 0xff, 0xc3, 0x18, 0xff, 0xc3, 0x18, 0xff, 0xc3, 0x18, 0xff, 0xc3, 0x18, 0xff, 0xc3, 0x18, 0xff, 0xc3, 0x18, 0xff, 0xc3, 0x18, 0xff, 0xc3, 0x18, 0xff, 0xc3, 0x18, 0xff, 0xc3, 0x18, 0xff, 0xc3, 0x18, 0xff, 0xc3, 0x18, 0xff, 0xc3, 0x18, 0xff, 0xc3, 0x18, 0xff, 0xc3, 0x18, 0xff, 0xc3, 0x18, 0xff, 0xc3, 0x18, 0xff, 0xc3, 0x18, 0xff, 0x25, 0x21, 0xff, 
  0x8f, 0x6b, 0xff, 0x25, 0x21, 0xff, 0xc3, 0x18, 0xff, 0xc3, 0x18, 0xff, 0xc3, 0x18, 0xff, 0xc3, 0x18, 0xff, 0xc3, 0x18, 0xff, 0xc3, 0x18, 0xff, 0xc3, 0x18, 0xff, 0xc3, 0x18, 0xff, 0xc3, 0x18, 0xff, 0xc3, 0x18, 0xff, 0xc3, 0x18, 0xff, 0xc3, 0x18, 0xff, 0xc3, 0x18, 0xff, 0xc3, 0x18, 0xff, 0xc3, 0x18, 0xff, 0xc3, 0x18, 0xff, 0xc3, 0x18, 0xff, 0xc3, 0x18, 0xff, 0xc3, 0x18, 0xff, 0xc3, 0x18, 0xff, 0x25, 0x21, 0xff, 0x8f, 0x6b, 0xff, 
  0x66, 0x29, 0xff, 0xc3, 0x18, 0xff, 0xc3, 0x18, 0xff, 0xc3, 0x18, 0xff, 0xc3, 0x18, 0xff, 0xc3, 0x18, 0xff, 0xc3, 0x18, 0xff, 0xc3, 0x18, 0xff, 0xc3, 0x18, 0xff, 0xc3, 0x18, 0xff, 0xc3, 0x18, 0xff, 0xc3, 0x18, 0xff, 0xc3, 0x18, 0xff, 0xc3, 0x18, 0xff, 0xc3, 0x18, 0xff, 0xc3, 0x18, 0xff, 0xc3, 0x18, 0xff, 0xc3, 0x18, 0xff, 0xc3, 0x18, 0xff, 0xc3, 0x18, 0xff, 0xc3, 0x18, 0xff, 0xc3, 0x18, 0xff, 0x25, 0x21, 0xff, 0x8f, 0x6b, 0xff, 
  0xc3, 0x18, 0xff, 0xc3, 0x18, 0xff, 0xc3, 0x18, 0xff, 0xc3, 0x18, 0xff, 0xc3, 0x18, 0xff, 0xc3, 0x18, 0xff, 0xc3, 0x18, 0xff, 0xc3, 0x18, 0xff, 0xc3, 0x18, 0xff, 0xc3, 0x18, 0xff, 0xc3, 0x18, 0xff, 0xc3, 0x18, 0xff, 0xc3, 0x18, 0xff, 0xc3, 0x18, 0xff, 0xc3, 0x18, 0xff, 0xc3, 0x18, 0xff, 0xc3, 0x18, 0xff, 0xc3, 0x18, 0xff, 0xc3, 0x18, 0xff, 0xc3, 0x18, 0xff, 0xc3, 0x18, 0xff, 0xc3, 0x18, 0xff, 0xc3, 0x18, 0xff, 0x66, 0x29, 0xff, 
  0x29, 0x42, 0xff, 0x25, 0x21, 0xff, 0xc3, 0x18, 0xff, 0xc3, 0x18, 0xff, 0xc3, 0x18, 0xff, 0xc3, 0x18, 0xff, 0xc3, 0x18, 0xff, 0xc3, 0x18, 0xff, 0xc3, 0x18, 0xff, 0xc3, 0x18, 0xff, 0xc3, 0x18, 0xff, 0xc3, 0x18, 0xff, 0xc3, 0x18, 0xff, 0xc3, 0x18, 0xff, 0xc3, 0x18, 0xff, 0xc3, 0x18, 0xff, 0xc3, 0x18, 0xff, 0xc3, 0x18, 0xff, 0xc3, 0x18, 0xff, 0xc3, 0x18, 0xff, 0xc3, 0x18, 0xff, 0xc3, 0x18, 0xff, 0xc3, 0x18, 0xff, 0xc3, 0x18, 0xff, 
  0x8f, 0x6b, 0xff, 0x25, 0x21, 0xff, 0xc3, 0x18, 0xff, 0xc3, 0x18, 0xff, 0xc3, 0x18, 0xff, 0xc3, 0x18, 0xff, 0xc3, 0x18, 0xff, 0xc3, 0x18, 0xff, 0xc3, 0x18, 0xff, 0xc3, 0x18, 0xff, 0xc3, 0x18, 0xff, 0xc3, 0x18, 0xff, 0xc3, 0x18, 0xff, 0xc3, 0x18, 0xff, 0xc3, 0x18, 0xff, 0xc3, 0x18, 0xff, 0xc3, 0x18, 0xff, 0xc3, 0x18, 0xff, 0xc3, 0x18, 0xff, 0xc3, 0x18, 0xff, 0xc3, 0x18, 0xff, 0xc3, 0x18, 0xff, 0x25, 0x21, 0xff, 0x29, 0x42, 0xff, 
  0x2d, 0x63, 0xff, 0xc3, 0x18, 0xff, 0xc3, 0x18, 0xff, 0xc3, 0x18, 0xff, 0xc3, 0x18, 0xff, 0xc3, 0x18, 0xff, 0xc3, 0x18, 0xff, 0xc3, 0x18, 0xff, 0xc3, 0x18, 0xff, 0xc3, 0x18, 0xff, 0xc3, 0x18, 0xff, 0xc3, 0x18, 0xff, 0xc3, 0x18, 0xff, 0xc3, 0x18, 0xff, 0xc3, 0x18, 0xff, 0xc3, 0x18, 0xff, 0xc3, 0x18, 0xff, 0xc3, 0x18, 0xff, 0xc3, 0x18, 0xff, 0xc3, 0x18, 0xff, 0xc3, 0x18, 0xff, 0xc3, 0x18, 0xff, 0x25, 0x21, 0xff, 0x8f, 0x6b, 0xff, 
  0xc3, 0x18, 0xff, 0xc3, 0x18, 0xff, 0xc3, 0x18, 0xff, 0xc3, 0x18, 0xff, 0xc3, 0x18, 0xff, 0xc3, 0x18, 0xff, 0xc3, 0x18, 0xff, 0xc3, 0x18, 0xff, 0xc3, 0x18, 0xff, 0xc3, 0x18, 0xff, 0xc3, 0x18, 0xff, 0xc3, 0x18, 0xff, 0xc3, 0x18, 0xff, 0xc3, 0x18, 0xff, 0xc3, 0x18, 0xff, 0xc3, 0x18, 0xff, 0xc3, 0x18, 0xff, 0xc3, 0x18, 0xff, 0xc3, 0x18, 0xff, 0xc3, 0x18, 0xff, 0xc3, 0x18, 0xff, 0xc3, 0x18, 0xff, 0x25, 0x21, 0xff, 0x2d, 0x63, 0xff, 
  0xc3, 0x18, 0xff, 0xc3, 0x18, 0xff, 0xc3, 0x18, 0xff, 0xc3, 0x18, 0xff, 0xc3, 0x18, 0xff, 0xc3, 0x18, 0xff, 0xc3, 0x18, 0xff, 0xc3, 0x18, 0xff, 0xc3, 0x18, 0xff, 0xc3, 0x18, 0xff, 0xc3, 0x18, 0xff, 0xc3, 0x18, 0xff, 0xc3, 0x18, 0xff, 0xc3, 0x18, 0xff, 0xc3, 0x18, 0xff, 0xc3, 0x18, 0xff, 0xc3, 0x18, 0xff, 0xc3, 0x18, 0xff, 0xc3, 0x18, 0xff, 0xc3, 0x18, 0xff, 0xc3, 0x18, 0xff, 0xc3, 0x18, 0xff, 0xc3, 0x18, 0xff, 0xc3, 0x18, 0xff, 
  0x2d, 0x63, 0xff, 0x25, 0x21, 0xff, 0xc3, 0x18, 0xff, 0xc3, 0x18, 0xff, 0xc3, 0x18, 0xff, 0xc3, 0x18, 0xff, 0xc3, 0x18, 0xff, 0xc3, 0x18, 0xff, 0xc3, 0x18, 0xff, 0xc3, 0x18, 0xff, 0xc3, 0x18, 0xff, 0xc3, 0x18, 0xff, 0xc3, 0x18, 0xff, 0xc3, 0x18, 0xff, 0xc3, 0x18, 0xff, 0xc3, 0x18, 0xff, 0xc3, 0x18, 0xff, 0xc3, 0x18, 0xff, 0xc3, 0x18, 0xff, 0xc3, 0x18, 0xff, 0xc3, 0x18, 0xff, 0xc3, 0x18, 0xff, 0xc3, 0x18, 0xff, 0xc3, 0x18, 0xff, 
  0x8f, 0x6b, 0xff, 0x25, 0x21, 0xff, 0xc3, 0x18, 0xff, 0xc3, 0x18, 0xff, 0xc3, 0x18, 0xff, 0xc3, 0x18, 0xff, 0xc3, 0x18, 0xff, 0xc3, 0x18, 0xff, 0xc3, 0x18, 0xff, 0xc3, 0x18, 0xff, 0xc3, 0x18, 0xff, 0xc3, 0x18, 0xff, 0xc3, 0x18, 0xff, 0xc3, 0x18, 0xff, 0xc3, 0x18, 0xff, 0xc3, 0x18, 0xff, 0xc3, 0x18, 0xff, 0xc3, 0x18, 0xff, 0xc3, 0x18, 0xff, 0xc3, 0x18, 0xff, 0xc3, 0x18, 0xff, 0xc3, 0x18, 0xff, 0x25, 0x21, 0xff, 0x2d, 0x63, 0xff, 
  0x29, 0x42, 0xff, 0xc3, 0x18, 0xff, 0xc3, 0x18, 0xff, 0xc3, 0x18, 0xff, 0xc3, 0x18, 0xff, 0xc3, 0x18, 0xff, 0xc3, 0x18, 0xff, 0xc3, 0x18, 0xff, 0xc3, 0x18, 0xff, 0xc3, 0x18, 0xff, 0xc3, 0x18, 0xff, 0xc3, 0x18, 0xff, 0xc3, 0x18, 0xff, 0xc3, 0x18, 0xff, 0xc3, 0x18, 0xff, 0xc3, 0x18, 0xff, 0xc3, 0x18, 0xff, 0xc3, 0x18, 0xff, 0xc3, 0x18, 0xff, 0xc3, 0x18, 0xff, 0xc3, 0x18, 0xff, 0xc3, 0x18, 0xff, 0x25, 0x21, 0xff, 0x8f, 0x6b, 0xff, 
  0xc3, 0x18, 0xff, 0xc3, 0x18, 0xff, 0xc3, 0x18, 0xff, 0xc3, 0x18, 0xff, 0xc3, 0x18, 0xff, 0xc3, 0x18, 0xff, 0xc3, 0x18, 0xff, 0xc3, 0x18, 0xff, 0xc3, 0x18, 0xff, 0xc3, 0x18, 0xff, 0xc3, 0x18, 0xff, 0xc3, 0x18, 0xff, 0xc3, 0x18, 0xff, 0xc3, 0x18, 0xff, 0xc3, 0x18, 0xff, 0xc3, 0x18, 0xff, 0xc3, 0x18, 0xff, 0xc3, 0x18, 0xff, 0xc3, 0x18, 0xff, 0xc3, 0x18, 0xff, 0xc3, 0x18, 0xff, 0xc3, 0x18, 0xff, 0xc3, 0x18, 0xff, 0x29, 0x42, 0xff, 
  0x25, 0x21, 0xff, 0x25, 0x21, 0xff, 0xc3, 0x18, 0xff, 0xc3, 0x18, 0xff, 0xc3, 0x18, 0xff, 0xc3, 0x18, 0xff, 0xc3, 0x18, 0xff, 0xc3, 0x18, 0xff, 0xc3, 0x18, 0xff, 0xc3, 0x18, 0xff, 0xc3, 0x18, 0xff, 0xc3, 0x18, 0xff, 0xc3, 0x18, 0xff, 0xc3, 0x18, 0xff, 0xc3, 0x18, 0xff, 0xc3, 0x18, 0xff, 0xc3, 0x18, 0xff, 0xc3, 0x18, 0xff, 0xc3, 0x18, 0xff, 0xc3, 0x18, 0xff, 0xc3, 0x18, 0xff, 0xc3, 0x18, 0xff, 0xc3, 0x18, 0xff, 0xc3, 0x18, 0xff, 
  0x8f, 0x6b, 0xff, 0x25, 0x21, 0xff, 0xc3, 0x18, 0xff, 0xc3, 0x18, 0xff, 0xc3, 0x18, 0xff, 0xc3, 0x18, 0xff, 0xc3, 0x18, 0xff, 0xc3, 0x18, 0xff, 0xc3, 0x18, 0xff, 0xc3, 0x18, 0xff, 0xc3, 0x18, 0xff, 0xc3, 0x18, 0xff, 0xc3, 0x18, 0xff, 0xc3, 0x18, 0xff, 0xc3, 0x18, 0xff, 0xc3, 0x18, 0xff, 0xc3, 0x18, 0xff, 0xc3, 0x18, 0xff, 0xc3, 0x18, 0xff, 0xc3, 0x18, 0xff, 0xc3, 0x18, 0xff, 0xc3, 0x18, 0xff, 0xc3, 0x18, 0xff, 0x66, 0x29, 0xff, 
  0x8f, 0x6b, 0xff, 0x25, 0x21, 0xff, 0xc3, 0x18, 0xff, 0xc3, 0x18, 0xff, 0xc3, 0x18, 0xff, 0xc3, 0x18, 0xff, 0xc3, 0x18, 0xff, 0xc3, 0x18, 0xff, 0xc3, 0x18, 0xff, 0xc3, 0x18, 0xff, 0xc3, 0x18, 0xff, 0xc3, 0x18, 0xff, 0xc3, 0x18, 0xff, 0xc3, 0x18, 0xff, 0xc3, 0x18, 0xff, 0xc3, 0x18, 0xff, 0xc3, 0x18, 0xff, 0xc3, 0x18, 0xff, 0xc3, 0x18, 0xff, 0xc3, 0x18, 0xff, 0xc3, 0x18, 0xff, 0xc3, 0x18, 0xff, 0x25, 0x21, 0xff, 0x8f, 0x6b, 0xff, 
  0x25, 0x21, 0xff, 0xc3, 0x18, 0xff, 0xc3, 0x18, 0xff, 0xc3, 0x18, 0xff, 0xc3, 0x18, 0xff, 0xc3, 0x18, 0xff, 0xc3, 0x18, 0xff, 0xc3, 0x18, 0xff, 0xc3, 0x18, 0xff, 0xc3, 0x18, 0xff, 0xc3, 0x18, 0xff, 0xc3, 0x18, 0xff, 0xc3, 0x18, 0xff, 0xc3, 0x18, 0xff, 0xc3, 0x18, 0xff, 0xc3, 0x18, 0xff, 0xc3, 0x18, 0xff, 0xc3, 0x18, 0xff, 0xc3, 0x18, 0xff, 0xc3, 0x18, 0xff, 0xc3, 0x18, 0xff, 0xc3, 0x18, 0xff, 0x25, 0x21, 0xff, 0x8f, 0x6b, 0xff, 
  0xc3, 0x18, 0xff, 0xc3, 0x18, 0xff, 0xc3, 0x18, 0xff, 0xc3, 0x18, 0xff, 0xc3, 0x18, 0xff, 0xc3, 0x18, 0xff, 0xc3, 0x18, 0xff, 0xc3, 0x18, 0xff, 0xc3, 0x18, 0xff, 0xc3, 0x18, 0xff, 0xc3, 0x18, 0xff, 0xc3, 0x18, 0xff, 0xc3, 0x18, 0xff, 0xc3, 0x18, 0xff, 0xc3, 0x18, 0xff, 0xc3, 0x18, 0xff, 0xc3, 0x18, 0xff, 0xc3, 0x18, 0xff, 0xc3, 0x18, 0xff, 0xc3, 0x18, 0xff, 0xc3, 0x18, 0xff, 0xc3, 0x18, 0xff, 0xc3, 0x18, 0xff, 0x25, 0x21, 0xff, 
  0x29, 0x42, 0xff, 0x25, 0x21, 0xff, 0xc3, 0x18, 0xff, 0xc3, 0x18, 0xff, 0xc3, 0x18, 0xff, 0xc3, 0x18, 0xff, 0xc3, 0x18, 0xff, 0xc3, 0x18, 0xff, 0xc3, 0x18, 0xff, 0xc3, 0x18, 0xff, 0xc3, 0x18, 0xff, 0xc3, 0x18, 0xff, 0xc3, 0x18, 0xff, 0xc3, 0x18, 0xff, 0xc3, 0x18, 0xff, 0xc3, 0x18, 0xff, 0xc3, 0x18, 0xff, 0xc3, 0x18, 0xff, 0xc3, 0x18, 0xff, 0xc3, 0x18, 0xff, 0xc3, 0x18, 0xff, 0xc3, 0x18, 0xff, 0xc3, 0x18, 0xff, 0xc3, 0x18, 0xff, 
  0x8f, 0x6b, 0xff, 0x25, 0x21, 0xff, 0xc3, 0x18, 0xff, 0xc3, 0x18, 0xff, 0xc3, 0x18, 0xff, 0xc3, 0x18, 0xff, 0xc3, 0x18, 0xff, 0xc3, 0x18, 0xff, 0xc3, 0x18, 0xff, 0xc3, 0x18, 0xff, 0xc3, 0x18, 0xff, 0xc3, 0x18, 0xff, 0xc3, 0x18, 0xff, 0xc3, 0x18, 0xff, 0xc3, 0x18, 0xff, 0xc3, 0x18, 0xff, 0xc3, 0x18, 0xff, 0xc3, 0x18, 0xff, 0xc3, 0x18, 0xff, 0xc3, 0x18, 0xff, 0xc3, 0x18, 0xff, 0xc3, 0x18, 0xff, 0x25, 0x21, 0xff, 0x29, 0x42, 0xff, 
  0xcc, 0x5a, 0xff, 0xc3, 0x18, 0xff, 0xc3, 0x18, 0xff, 0xc3, 0x18, 0xff, 0xc3, 0x18, 0xff, 0xc3, 0x18, 0xff, 0xc3, 0x18, 0xff, 0xc3, 0x18, 0xff, 0xc3, 0x18, 0xff, 0xc3, 0x18, 0xff, 0xc3, 0x18, 0xff, 0xc3, 0x18, 0xff, 0xc3, 0x18, 0xff, 0xc3, 0x18, 0xff, 0xc3, 0x18, 0xff, 0xc3, 0x18, 0xff, 0xc3, 0x18, 0xff, 0xc3, 0x18, 0xff, 0xc3, 0x18, 0xff, 0xc3, 0x18, 0xff, 0xc3, 0x18, 0xff, 0xc3, 0x18, 0xff, 0x25, 0x21, 0xff, 0x8f, 0x6b, 0xff, 
  0xc3, 0x18, 0xff, 0xc3, 0x18, 0xff, 0xc3, 0x18, 0xff, 0xc3, 0x18, 0xff, 0xc3, 0x18, 0xff, 0xc3, 0x18, 0xff, 0xc3, 0x18, 0xff, 0xc3, 0x18, 0xff, 0xc3, 0x18, 0xff, 0xc3, 0x18, 0xff, 0xc3, 0x18, 0xff, 0xc3, 0x18, 0xff, 0xc3, 0x18, 0xff, 0xc3, 0x18, 0xff, 0xc3, 0x18, 0xff, 0xc3, 0x18, 0xff, 0xc3, 0x18, 0xff, 0xc3, 0x18, 0xff, 0xc3, 0x18, 0xff, 0xc3, 0x18, 0xff, 0xc3, 0x18, 0xff, 0xc3, 0x18, 0xff, 0x25, 0x21, 0xff, 0xcc, 0x5a, 0xff, 
  0xc3, 0x18, 0xff, 0xc3, 0x18, 0xff, 0xc3, 0x18, 0xff, 0xc3, 0x18, 0xff, 0xc3, 0x18, 0xff, 0xc3, 0x18, 0xff, 0xc3, 0x18, 0xff, 0xc3, 0x18, 0xff, 0xc3, 0x18, 0xff, 0xc3, 0x18, 0xff, 0xc3, 0x18, 0xff, 0xc3, 0x18, 0xff, 0xc3, 0x18, 0xff, 0xc3, 0x18, 0xff, 0xc3, 0x18, 0xff, 0xc3, 0x18, 0xff, 0xc3, 0x18, 0xff, 0xc3, 0x18, 0xff, 0xc3, 0x18, 0xff, 0xc3, 0x18, 0xff, 0xc3, 0x18, 0xff, 0xc3, 0x18, 0xff, 0xc3, 0x18, 0xff, 0xc3, 0x18, 0xff, 
  0x2d, 0x63, 0xff, 0x25, 0x21, 0xff, 0xc3, 0x18, 0xff, 0xc3, 0x18, 0xff, 0xc3, 0x18, 0xff, 0xc3, 0x18, 0xff, 0xc3, 0x18, 0xff, 0xc3, 0x18, 0xff, 0xc3, 0x18, 0xff, 0xc3, 0x18, 0xff, 0xc3, 0x18, 0xff, 0xc3, 0x18, 0xff, 0xc3, 0x18, 0xff, 0xc3, 0x18, 0xff, 0xc3, 0x18, 0xff, 0xc3, 0x18, 0xff, 0xc3, 0x18, 0xff, 0xc3, 0x18, 0xff, 0xc3, 0x18, 0xff, 0xc3, 0x18, 0xff, 0xc3, 0x18, 0xff, 0xc3, 0x18, 0xff, 0xc3, 0x18, 0xff, 0xc3, 0x18, 0xff, 
  0x8f, 0x6b, 0xff, 0x25, 0x21, 0xff, 0xc3, 0x18, 0xff, 0xc3, 0x18, 0xff, 0xc3, 0x18, 0xff, 0xc3, 0x18, 0xff, 0xc3, 0x18, 0xff, 0xc3, 0x18, 0xff, 0xc3, 0x18, 0xff, 0xc3, 0x18, 0xff, 0xc3, 0x18, 0xff, 0xc3, 0x18, 0xff, 0xc3, 0x18, 0xff, 0xc3, 0x18, 0xff, 0xc3, 0x18, 0xff, 0xc3, 0x18, 0xff, 0xc3, 0x18, 0xff, 0xc3, 0x18, 0xff, 0xc3, 0x18, 0xff, 0xc3, 0x18, 0xff, 0xc3, 0x18, 0xff, 0xc3, 0x18, 0xff, 0x25, 0x21, 0xff, 0x2d, 0x63, 0xff, 
  0xc8, 0x39, 0xff, 0xc3, 0x18, 0xff, 0xc3, 0x18, 0xff, 0xc3, 0x18, 0xff, 0xc3, 0x18, 0xff, 0xc3, 0x18, 0xff, 0xc3, 0x18, 0xff, 0xc3, 0x18, 0xff, 0xc3, 0x18, 0xff, 0xc3, 0x18, 0xff, 0xc3, 0x18, 0xff, 0xc3, 0x18, 0xff, 0xc3, 0x18, 0xff, 0xc3, 0x18, 0xff, 0xc3, 0x18, 0xff, 0xc3, 0x18, 0xff, 0xc3, 0x18, 0xff, 0xc3, 0x18, 0xff, 0xc3, 0x18, 0xff, 0xc3, 0x18, 0xff, 0xc3, 0x18, 0xff, 0xc3, 0x18, 0xff, 0x25, 0x21, 0xff, 0x8f, 0x6b, 0xff, 
  0xc3, 0x18, 0xff, 0xc3, 0x18, 0xff, 0xc3, 0x18, 0xff, 0xc3, 0x18, 0xff, 0xc3, 0x18, 0xff, 0xc3, 0x18, 0xff, 0xc3, 0x18, 0xff, 0xc3, 0x18, 0xff, 0xc3, 0x18, 0xff, 0xc3, 0x18, 0xff, 0xc3, 0x18, 0xff, 0xc3, 0x18, 0xff, 0xc3, 0x18, 0xff, 0xc3, 0x18, 0xff, 0xc3, 0x18, 0xff, 0xc3, 0x18, 0xff, 0xc3, 0x18, 0xff, 0xc3, 0x18, 0xff, 0xc3, 0x18, 0xff, 0xc3, 0x18, 0xff, 0xc3, 0x18, 0xff, 0xc3, 0x18, 0xff, 0xc3, 0x18, 0xff, 0xc8, 0x39, 0xff, 
  0x66, 0x29, 0xff, 0x25, 0x21, 0xff, 0xc3, 0x18, 0xff, 0xc3, 0x18, 0xff, 0xc3, 0x18, 0xff, 0xc3, 0x18, 0xff, 0xc3, 0x18, 0xff, 0xc3, 0x18, 0xff, 0xc3, 0x18, 0xff, 0xc3, 0x18, 0xff, 0xc3, 0x18, 0xff, 0xc3, 0x18, 0xff, 0xc3, 0x18, 0xff, 0xc3, 0x18, 0xff, 0xc3, 0x18, 0xff, 0xc3, 0x18, 0xff, 0xc3, 0x18, 0xff, 0xc3, 0x18, 0xff, 0xc3, 0x18, 0xff, 0xc3, 0x18, 0xff, 0xc3, 0x18, 0xff, 0xc3, 0x18, 0xff, 0xc3, 0x18, 0xff, 0xc3, 0x18, 0xff, 
  0x8f, 0x6b, 0xff, 0x25, 0x21, 0xff, 0xc3, 0x18, 0xff, 0xc3, 0x18, 0xff, 0xc3, 0x18, 0xff, 0xc3, 0x18, 0xff, 0xc3, 0x18, 0xff, 0xc3, 0x18, 0xff, 0xc3, 0x18, 0xff, 0xc3, 0x18, 0xff, 0xc3, 0x18, 0xff, 0xc3, 0x18, 0xff, 0xc3, 0x18, 0xff, 0xc3, 0x18, 0xff, 0xc3, 0x18, 0xff, 0xc3, 0x18, 0xff, 0xc3, 0x18, 0xff, 0xc3, 0x18, 0xff, 0xc3, 0x18, 0xff, 0xc3, 0x18, 0xff, 0xc3, 0x18, 0xff, 0xc3, 0x18, 0xff, 0xc3, 0x18, 0xff, 0x66, 0x29, 0xff, 
  0x8f, 0x6b, 0xff, 0x25, 0x21, 0xff, 0xc3, 0x18, 0xff, 0xc3, 0x18, 0xff, 0xc3, 0x18, 0xff, 0xc3, 0x18, 0xff, 0xc3, 0x18, 0xff, 0xc3, 0x18, 0xff, 0xc3, 0x18, 0xff, 0xc3, 0x18, 0xff, 0xc3, 0x18, 0xff, 0xc3, 0x18, 0xff, 0xc3, 0x18, 0xff, 0xc3, 0x18, 0xff, 0xc3, 0x18, 0xff, 0xc3, 0x18, 0xff, 0xc3, 0x18, 0xff, 0xc3, 0x18, 0xff, 0xc3, 0x18, 0xff, 0xc3, 0x18, 0xff, 0xc3, 0x18, 0xff, 0xc3, 0x18, 0xff, 0x25, 0x21, 0xff, 0x8f, 0x6b, 0xff, 
  0x25, 0x21, 0xff, 0xc3, 0x18, 0xff, 0xc3, 0x18, 0xff, 0xc3, 0x18, 0xff, 0xc3, 0x18, 0xff, 0xc3, 0x18, 0xff, 0xc3, 0x18, 0xff, 0xc3, 0x18, 0xff, 0xc3, 0x18, 0xff, 0xc3, 0x18, 0xff, 0xc3, 0x18, 0xff, 0xc3, 0x18, 0xff, 0xc3, 0x18, 0xff, 0xc3, 0x18, 0xff, 0xc3, 0x18, 0xff, 0xc3, 0x18, 0xff, 0xc3, 0x18, 0xff, 0xc3, 0x18, 0xff, 0xc3, 0x18, 0xff, 0xc3, 0x18, 0xff, 0xc3, 0x18, 0xff, 0xc3, 0x18, 0xff, 0x25, 0x21, 0xff, 0x8f, 0x6b, 0xff, 
  0xc3, 0x18, 0xff, 0xc3, 0x18, 0xff, 0xc3, 0x18, 0xff, 0xc3, 0x18, 0xff, 0xc3, 0x18, 0xff, 0xc3, 0x18, 0xff, 0xc3, 0x18, 0xff, 0xc3, 0x18, 0xff, 0xc3, 0x18, 0xff, 0xc3, 0x18, 0xff, 0xc3, 0x18, 0xff, 0xc3, 0x18, 0xff, 0xc3, 0x18, 0xff, 0xc3, 0x18, 0xff, 0xc3, 0x18, 0xff, 0xc3, 0x18, 0xff, 0xc3, 0x18, 0xff, 0xc3, 0x18, 0xff, 0xc3, 0x18, 0xff, 0xc3, 0x18, 0xff, 0xc3, 0x18, 0xff, 0xc3, 0x18, 0xff, 0xc3, 0x18, 0xff, 0xc3, 0x18, 0xff, 
  0x8a, 0x4a, 0xff, 0x25, 0x21, 0xff, 0xc3, 0x18, 0xff, 0xc3, 0x18, 0xff, 0xc3, 0x18, 0xff, 0xc3, 0x18, 0xff, 0xc3, 0x18, 0xff, 0xc3, 0x18, 0xff, 0xc3, 0x18, 0xff, 0xc3, 0x18, 0xff, 0xc3, 0x18, 0xff, 0xc3, 0x18, 0xff, 0xc3, 0x18, 0xff, 0xc3, 0x18, 0xff, 0xc3, 0x18, 0xff, 0xc3, 0x18, 0xff, 0xc3, 0x18, 0xff, 0xc3, 0x18, 0xff, 0xc3, 0x18, 0xff, 0xc3, 0x18, 0xff, 0xc3, 0x18, 0xff, 0xc3, 0x18, 0xff, 0xc3, 0x18, 0xff, 0xc3, 0x18, 0xff, 
  0x8f, 0x6b, 0xff, 0x25, 0x21, 0xff, 0xc3, 0x18, 0xff, 0xc3, 0x18, 0xff, 0xc3, 0x18, 0xff, 0xc3, 0x18, 0xff, 0xc3, 0x18, 0xff, 0xc3, 0x18, 0xff, 0xc3, 0x18, 0xff, 0xc3, 0x18, 0xff, 0xc3, 0x18, 0xff, 0xc3, 0x18, 0xff, 0xc3, 0x18, 0xff, 0xc3, 0x18, 0xff, 0xc3, 0x18, 0xff, 0xc3, 0x18, 0xff, 0xc3, 0x18, 0xff, 0xc3, 0x18, 0xff, 0xc3, 0x18, 0xff, 0xc3, 0x18, 0xff, 0xc3, 0x18, 0xff, 0xc3, 0x18, 0xff, 0x25, 0x21, 0xff, 0x8a, 0x4a, 0xff, 
  0xcc, 0x5a, 0xff, 0xc3, 0x18, 0xff, 0xc3, 0x18, 0xff, 0xc3, 0x18, 0xff, 0xc3, 0x18, 0xff, 0xc3, 0x18, 0xff, 0xc3, 0x18, 0xff, 0xc3, 0x18, 0xff, 0xc3, 0x18, 0xff, 0xc3, 0x18, 0xff, 0xc3, 0x18, 0xff, 0xc3, 0x18, 0xff, 0xc3, 0x18, 0xff, 0xc3, 0x18, 0xff, 0xc3, 0x18, 0xff, 0xc3, 0x18, 0xff, 0xc3, 0x18, 0xff, 0xc3, 0x18, 0xff, 0xc3, 0x18, 0xff, 0xc3, 0x18, 0xff, 0xc3, 0x18, 0xff, 0xc3, 0x18, 0xff, 0x25, 0x21, 0xff, 0x8f, 0x6b, 0xff, 
  0xc3, 0x18, 0xff, 0xc3, 0x18, 0xff, 0xc3, 0x18, 0xff, 0xc3, 0x18, 0xff, 0xc3, 0x18, 0xff, 0xc3, 0x18, 0xff, 0xc3, 0x18, 0xff, 0xc3, 0x18, 0xff, 0xc3, 0x18, 0xff, 0xc3, 0x18, 0xff, 0xc3, 0x18, 0xff, 0xc3, 0x18, 0xff, 0xc3, 0x18, 0xff, 0xc3, 0x18, 0xff, 0xc3, 0x18, 0xff, 0xc3, 0x18, 0xff, 0xc3, 0x18, 0xff, 0xc3, 0x18, 0xff, 0xc3, 0x18, 0xff, 0xc3, 0x18, 0xff, 0xc3, 0x18, 0xff, 0xc3, 0x18, 0xff, 0xc3, 0x18, 0xff, 0x8a, 0x4a, 0xff, 
  0xc3, 0x18, 0xff, 0xc3, 0x18, 0xff, 0xc3, 0x18, 0xff, 0xc3, 0x18, 0xff, 0xc3, 0x18, 0xff, 0xc3, 0x18, 0xff, 0xc3, 0x18, 0xff, 0xc3, 0x18, 0xff, 0xc3, 0x18, 0xff, 0xc3, 0x18, 0xff, 0xc3, 0x18, 0xff, 0xc3, 0x18, 0xff, 0xc3, 0x18, 0xff, 0xc3, 0x18, 0xff, 0xc3, 0x18, 0xff, 0xc3, 0x18, 0xff, 0xc3, 0x18, 0xff, 0xc3, 0x18, 0xff, 0xc3, 0x18, 0xff, 0xc3, 0x18, 0xff, 0xc3, 0x18, 0xff, 0xc3, 0x18, 0xff, 0xc3, 0x18, 0xff, 0xc3, 0x18, 0xff, 
  0x8f, 0x6b, 0xff, 0x25, 0x21, 0xff, 0xc3, 0x18, 0xff, 0xc3, 0x18, 0xff, 0xc3, 0x18, 0xff, 0xc3, 0x18, 0xff, 0xc3, 0x18, 0xff, 0xc3, 0x18, 0xff, 0xc3, 0x18, 0xff, 0xc3, 0x18, 0xff, 0xc3, 0x18, 0xff, 0xc3, 0x18, 0xff, 0xc3, 0x18, 0xff, 0xc3, 0x18, 0xff, 0xc3, 0x18, 0xff, 0xc3, 0x18, 0xff, 0xc3, 0x18, 0xff, 0xc3, 0x18, 0xff, 0xc3, 0x18, 0xff, 0xc3, 0x18, 0xff, 0xc3, 0x18, 0xff, 0xc3, 0x18, 0xff, 0xc3, 0x18, 0xff, 0xc3, 0x18, 0xff, 
  0x8f, 0x6b, 0xff, 0x25, 0x21, 0xff, 0xc3, 0x18, 0xff, 0xc3, 0x18, 0xff, 0xc3, 0x18, 0xff, 0xc3, 0x18, 0xff, 0xc3, 0x18, 0xff, 0xc3, 0x18, 0xff, 0xc3, 0x18, 0xff, 0xc3, 0x18, 0xff, 0xc3, 0x18, 0xff, 0xc3, 0x18, 0xff, 0xc3, 0x18, 0xff, 0xc3, 0x18, 0xff, 0xc3, 0x18, 0xff, 0xc3, 0x18, 0xff, 0xc3, 0x18, 0xff, 0xc3, 0x18, 0xff, 0xc3, 0x18, 0xff, 0xc3, 0x18, 0xff, 0xc3, 0x18, 0xff, 0xc3, 0x18, 0xff, 0x25, 0x21, 0xff, 0x8f, 0x6b, 0xff, 
  0xc8, 0x39, 0xff, 0xc3, 0x18, 0xff, 0xc3, 0x18, 0xff, 0xc3, 0x18, 0xff, 0xc3, 0x18, 0xff, 0xc3, 0x18, 0xff, 0xc3, 0x18, 0xff, 0xc3, 0x18, 0xff, 0xc3, 0x18, 0xff, 0xc3, 0x18, 0xff, 0xc3, 0x18, 0xff, 0xc3, 0x18, 0xff, 0xc3, 0x18, 0xff, 0xc3, 0x18, 0xff, 0xc3, 0x18, 0xff, 0xc3, 0x18, 0xff, 0xc3, 0x18, 0xff, 0xc3, 0x18, 0xff, 0xc3, 0x18, 0xff, 0xc3, 0x18, 0xff, 0xc3, 0x18, 0xff, 0xc3, 0x18, 0xff, 0x25, 0x21, 0xff, 0x8f, 0x6b, 0xff, 
  0xc3, 0x18, 0xff, 0xc3, 0x18, 0xff, 0xc3, 0x18, 0xff, 0xc3, 0x18, 0xff, 0xc3, 0x18, 0xff, 0xc3, 0x18, 0xff, 0xc3, 0x18, 0xff, 0xc3, 0x18, 0xff, 0xc3, 0x18, 0xff, 0xc3, 0x18, 0xff, 0xc3, 0x18, 0xff, 0xc3, 0x18, 0xff, 0xc3, 0x18, 0xff, 0xc3, 0x18, 0xff, 0xc3, 0x18, 0xff, 0xc3, 0x18, 0xff, 0xc3, 0x18, 0xff, 0xc3, 0x18, 0xff, 0xc3, 0x18, 0xff, 0xc3, 0x18, 0xff, 0xc3, 0x18, 0xff, 0xc3, 0x18, 0xff, 0xc3, 0x18, 0xff, 0xc8, 0x39, 0xff, 
  0xc8, 0x39, 0xff, 0x25, 0x21, 0xff, 0xc3, 0x18, 0xff, 0xc3, 0x18, 0xff, 0xc3, 0x18, 0xff, 0xc3, 0x18, 0xff, 0xc3, 0x18, 0xff, 0xc3, 0x18, 0xff, 0xc3, 0x18, 0xff, 0xc3, 0x18, 0xff, 0xc3, 0x18, 0xff, 0xc3, 0x18, 0xff, 0xc3, 0x18, 0xff, 0xc3, 0x18, 0xff, 0xc3, 0x18, 0xff, 0xc3, 0x18, 0xff, 0xc3, 0x18, 0xff, 0xc3, 0x18, 0xff, 0xc3, 0x18, 0xff, 0xc3, 0x18, 0xff, 0xc3, 0x18, 0xff, 0xc3, 0x18, 0xff, 0xc3, 0x18, 0xff, 0xc3, 0x18, 0xff, 
  0x8f, 0x6b, 0xff, 0x25, 0x21, 0xff, 0xc3, 0x18, 0xff, 0xc3, 0x18, 0xff, 0xc3, 0x18, 0xff, 0xc3, 0x18, 0xff, 0xc3, 0x18, 0xff, 0xc3, 0x18, 0xff, 0xc3, 0x18, 0xff, 0xc3, 0x18, 0xff, 0xc3, 0x18, 0xff, 0xc3, 0x18, 0xff, 0xc3, 0x18, 0xff, 0xc3, 0x18, 0xff, 0xc3, 0x18, 0xff, 0xc3, 0x18, 0xff, 0xc3, 0x18, 0xff, 0xc3, 0x18, 0xff, 0xc3, 0x18, 0xff, 0xc3, 0x18, 0xff, 0xc3, 0x18, 0xff, 0xc3, 0x18, 0xff, 0x25, 0x21, 0xff, 0xc8, 0x39, 0xff, 
  0x8f, 0x6b, 0xff, 0x25, 0x21, 0xff, 0xc3, 0x18, 0xff, 0xc3, 0x18, 0xff, 0xc3, 0x18, 0xff, 0xc3, 0x18, 0xff, 0xc3, 0x18, 0xff, 0xc3, 0x18, 0xff, 0xc3, 0x18, 0xff, 0xc3, 0x18, 0xff, 0xc3, 0x18, 0xff, 0xc3, 0x18, 0xff, 0xc3, 0x18, 0xff, 0xc3, 0x18, 0xff, 0xc3, 0x18, 0xff, 0xc3, 0x18, 0xff, 0xc3, 0x18, 0xff, 0xc3, 0x18, 0xff, 0xc3, 0x18, 0xff, 0xc3, 0x18, 0xff, 0xc3, 0x18, 0xff, 0xc3, 0x18, 0xff, 0x25, 0x21, 0xff, 0x8f, 0x6b, 0xff, 
  0xc3, 0x18, 0xff, 0xc3, 0x18, 0xff, 0xc3, 0x18, 0xff, 0xc3, 0x18, 0xff, 0xc3, 0x18, 0xff, 0xc3, 0x18, 0xff, 0xc3, 0x18, 0xff, 0xc3, 0x18, 0xff, 0xc3, 0x18, 0xff, 0xc3, 0x18, 0xff, 0xc3, 0x18, 0xff, 0xc3, 0x18, 0xff, 0xc3, 0x18, 0xff, 0xc3, 0x18, 0xff, 0xc3, 0x18, 0xff, 0xc3, 0x18, 0xff, 0xc3, 0x18, 0xff, 0xc3, 0x18, 0xff, 0xc3, 0x18, 0xff, 0xc3, 0x18, 0xff, 0xc3, 0x18, 0xff, 0xc3, 0x18, 0xff, 0x25, 0x21, 0xff, 0x8f, 0x6b, 0xff, 
  0xc3, 0x18, 0xff, 0xc3, 0x18, 0xff, 0xc3, 0x18, 0xff, 0xc3, 0x18, 0xff, 0xc3, 0x18, 0xff, 0xc3, 0x18, 0xff, 0xc3, 0x18, 0xff, 0xc3, 0x18, 0xff, 0xc3, 0x18, 0xff, 0xc3, 0x18, 0xff, 0xc3, 0x18, 0xff, 0xc3, 0x18, 0xff, 0xc3, 0x18, 0xff, 0xc3, 0x18, 0xff, 0xc3, 0x18, 0xff, 0xc3, 0x18, 0xff, 0xc3, 0x18, 0xff, 0xc3, 0x18, 0xff, 0xc3, 0x18, 0xff, 0xc3, 0x18, 0xff, 0xc3, 0x18, 0xff, 0xc3, 0x18, 0xff, 0xc3, 0x18, 0xff, 0xc3, 0x18, 0xff, 
  0xcc, 0x5a, 0xfa, 0x25, 0x21, 0xff, 0xc3, 0x18, 0xff, 0xc3, 0x18, 0xff, 0xc3, 0x18, 0xff, 0xc3, 0x18, 0xff, 0xc3, 0x18, 0xff, 0xc3, 0x18, 0xff, 0xc3, 0x18, 0xff, 0xc3, 0x18, 0xff, 0xc3, 0x18, 0xff, 0xc3, 0x18, 0xff, 0xc3, 0x18, 0xff, 0xc3, 0x18, 0xff, 0xc3, 0x18, 0xff, 0xc3, 0x18, 0xff, 0xc3, 0x18, 0xff, 0xc3, 0x18, 0xff, 0xc3, 0x18, 0xff, 0xc3, 0x18, 0xff, 0xc3, 0x18, 0xff, 0xc3, 0x18, 0xff, 0xc3, 0x18, 0xff, 0xc3, 0x18, 0xf7, 
  0x8f, 0x6b, 0x81, 0x29, 0x42, 0xff, 0xc3, 0x18, 0xff, 0xc8, 0x39, 0xff, 0x8a, 0x4a, 0xff, 0x29, 0x42, 0xff, 0xc3, 0x18, 0xff, 0xc3, 0x18, 0xff, 0x8a, 0x4a, 0xff, 0x8a, 0x4a, 0xff, 0x66, 0x29, 0xff, 0xc3, 0x18, 0xff, 0x66, 0x29, 0xff, 0x8a, 0x4a, 0xff, 0x8a, 0x4a, 0xff, 0xc3, 0x18, 0xff, 0xc3, 0x18, 0xff, 0x29, 0x42, 0xff, 0x8a, 0x4a, 0xff, 0xc8, 0x39, 0xff, 0xc3, 0x18, 0xff, 0xc3, 0x18, 0xff, 0x8f, 0x6b, 0xff, 0x0d, 0x63, 0x71, 
  0x00, 0x00, 0x00, 0xa4, 0x18, 0x19, 0xa3, 0x18, 0x3f, 0xcc, 0x5a, 0x67, 0x8f, 0x6b, 0x7f, 0x0d, 0x63, 0x6f, 0xa3, 0x18, 0x3f, 0xa3, 0x18, 0x3f, 0x8f, 0x6b, 0x7f, 0x8f, 0x6b, 0x7f, 0x4a, 0x42, 0x57, 0xa3, 0x18, 0x3f, 0x4a, 0x42, 0x57, 0x8f, 0x6b, 0x7f, 0x8f, 0x6b, 0x7f, 0xa3, 0x18, 0x3f, 0xa3, 0x18, 0x3f, 0x0d, 0x63, 0x6f, 0x8f, 0x6b, 0x7f, 0xcc, 0x5a, 0x67, 0xa3, 0x18, 0x3f, 0xa3, 0x18, 0x3f, 0x8f, 0x6b, 0x50, 0x00, 0x00, 0x00, 
#endif
#if LV_COLOR_DEPTH == 16 && LV_COLOR_16_SWAP != 0
  /*Pixel format: Alpha 8 bit, Red: 5 bit, Green: 6 bit, Blue: 5 bit  BUT the 2  color bytes are swapped*/
  0x00, 0x00, 0x00, 0x6b, 0x4e, 0x49, 0x6b, 0x8f, 0x7f, 0x42, 0x4a, 0x57, 0x18, 0xa3, 0x3f, 0x39, 0xe8, 0x4f, 0x6b, 0x8f, 0x7f, 0x6b, 0x8f, 0x7f, 0x18, 0xa3, 0x3f, 0x18, 0xa3, 0x3f, 0x5a, 0xcc, 0x67, 0x6b, 0x8f, 0x7f, 0x5a, 0xcc, 0x67, 0x18, 0xa3, 0x3f, 0x18, 0xa3, 0x3f, 0x6b, 0x8f, 0x7f, 0x6b, 0x8f, 0x7f, 0x39, 0xe8, 0x4f, 0x18, 0xa3, 0x3f, 0x42, 0x4a, 0x57, 0x6b, 0x8f, 0x7f, 0x6b, 0x8f, 0x7f, 0x6b, 0x8f, 0x50, 0x00, 0x00, 0x00, 
  0x18, 0xc3, 0x41, 0x42, 0x29, 0xff, 0x4a, 0x8a, 0xff, 0x29, 0x66, 0xff, 0x18, 0xc3, 0xff, 0x21, 0x25, 0xff, 0x4a, 0x8a, 0xff, 0x4a, 0x8a, 0xff, 0x18, 0xc3, 0xff, 0x18, 0xc3, 0xff, 0x39, 0xc8, 0xff, 0x4a, 0x8a, 0xff, 0x39, 0xc8, 0xff, 0x18, 0xc3, 0xff, 0x18, 0xc3, 0xff, 0x4a, 0x8a, 0xff, 0x4a, 0x8a, 0xff, 0x21, 0x25, 0xff, 0x18, 0xc3, 0xff, 0x29, 0x66, 0xff, 0x4a, 0x8a, 0xff, 0x4a, 0x8a, 0xff, 0x63, 0x2d, 0xff, 0x52, 0x8b, 0x61, 
  0x29, 0x66, 0xf8, 0x21, 0x25, 0xff, 0x18, 0xc3, 0xff, 0x18, 0xc3, 0xff, 0x18, 0xc3, 0xff, 0x18, 0xc3, 0xff, 0x18, 0xc3, 0xff, 0x18, 0xc3, 0xff, 0x18, 0xc3, 0xff, 0x18, 0xc3, 0xff, 0x18, 0xc3, 0xff, 0x18, 0xc3, 0xff, 0x18, 0xc3, 0xff, 0x18, 0xc3, 0xff, 0x18, 0xc3, 0xff, 0x18, 0xc3, 0xff, 0x18, 0xc3, 0xff, 0x18, 0xc3, 0xff, 0x18, 0xc3, 0xff, 0x18, 0xc3, 0xff, 0x18, 0xc3, 0xff, 0x18, 0xc3, 0xff, 0x18, 0xc3, 0xff, 0x18, 0xc3, 0xf7, 
  0x6b, 0x8f, 0xff, 0x21, 0x25, 0xff, 0x18, 0xc3, 0xff, 0x18, 0xc3, 0xff, 0x18, 0xc3, 0xff, 0x18, 0xc3, 0xff, 0x18, 0xc3, 0xff, 0x18, 0xc3, 0xff, 0x18, 0xc3, 0xff, 0x18, 0xc3, 0xff, 0x18, 0xc3, 0xff, 0x18, 0xc3, 0xff, 0x18, 0xc3, 0xff, 0x18, 0xc3, 0xff, 0x18, 0xc3, 0xff, 0x18, 0xc3, 0xff, 0x18, 0xc3, 0xff, 0x18, 0xc3, 0xff, 0x18, 0xc3, 0xff, 0x18, 0xc3, 0xff, 0x18, 0xc3, 0xff, 0x18, 0xc3, 0xff, 0x21, 0x25, 0xff, 0x39, 0xc8, 0xff, 
  0x6b, 0x8f, 0xff, 0x21, 0x25, 0xff, 0x18, 0xc3, 0xff, 0x18, 0xc3, 0xff, 0x18, 0xc3, 0xff, 0x18, 0xc3, 0xff, 0x18, 0xc3, 0xff, 0x18, 0xc3, 0xff, 0x18, 0xc3, 0xff, 0x18, 0xc3, 0xff, 0x18, 0xc3, 0xff, 0x18, 0xc3, 0xff, 0x18, 0xc3, 0xff, 0x18, 0xc3, 0xff, 0x18, 0xc3, 0xff, 0x18, 0xc3, 0xff, 0x18, 0xc3, 0xff, 0x18, 0xc3, 0xff, 0x18, 0xc3, 0xff, 0x18, 0xc3, 0xff, 0x18, 0xc3, 0xff, 0x18, 0xc3, 0xff, 0x21, 0x25, 0xff, 0x6b, 0x8f, 0xff, 
  0x18, 0xc3, 0xff, 0x18, 0xc3, 0xff, 0x18, 0xc3, 0xff, 0x18, 0xc3, 0xff, 0x18, 0xc3, 0xff, 0x18, 0xc3, 0xff, 0x18, 0xc3, 0xff, 0x18, 0xc3, 0xff, 0x18, 0xc3, 0xff, 0x18, 0xc3, 0xff, 0x18, 0xc3, 0xff, 0x18, 0xc3, 0xff, 0x18, 0xc3, 0xff, 0x18, 0xc3, 0xff, 0x18, 0xc3, 0xff, 0x18, 0xc3, 0xff, 0x18, 0xc3, 0xff, 0x18, 0xc3, 0xff, 0x18, 0xc3, 0xff, 0x18, 0xc3, 0xff, 0x18, 0xc3, 0xff, 0x18, 0xc3, 0xff, 0x21, 0x25, 0xff, 0x6b, 0x8f, 0xff, 
  0x18, 0xc3, 0xff, 0x18, 0xc3, 0xff, 0x18, 0xc3, 0xff, 0x18, 0xc3, 0xff, 0x18, 0xc3, 0xff, 0x18, 0xc3, 0xff, 0x18, 0xc3, 0xff, 0x18, 0xc3, 0xff, 0x18, 0xc3, 0xff, 0x18, 0xc3, 0xff, 0x18, 0xc3, 0xff, 0x18, 0xc3, 0xff, 0x18, 0xc3, 0xff, 0x18, 0xc3, 0xff, 0x18, 0xc3, 0xff, 0x18, 0xc3, 0xff, 0x18, 0xc3, 0xff, 0x18, 0xc3, 0xff, 0x18, 0xc3, 0xff, 0x18, 0xc3, 0xff, 0x18, 0xc3, 0xff, 0x18, 0xc3, 0xff, 0x18, 0xc3, 0xff, 0x18, 0xc3, 0xff, 
  0x4a, 0x8a, 0xff, 0x21, 0x25, 0xff, 0x18, 0xc3, 0xff, 0x18, 0xc3, 0xff, 0x18, 0xc3, 0xff, 0x18, 0xc3, 0xff, 0x18, 0xc3, 0xff, 0x18, 0xc3, 0xff, 0x18, 0xc3, 0xff, 0x18, 0xc3, 0xff, 0x18, 0xc3, 0xff, 0x18, 0xc3, 0xff, 0x18, 0xc3, 0xff, 0x18, 0xc3, 0xff, 0x18, 0xc3, 0xff, 0x18, 0xc3, 0xff, 0x18, 0xc3, 0xff, 0x18, 0xc3, 0xff, 0x18, 0xc3, 0xff, 0x18, 0xc3, 0xff, 0x18, 0xc3, 0xff, 0x18, 0xc3, 0xff, 0x18, 0xc3, 0xff, 0x18, 0xc3, 0xff, 
  0x6b, 0x8f, 0xff, 0x21, 0x25, 0xff, 0x18, 0xc3, 0xff, 0x18, 0xc3, 0xff, 0x18, 0xc3, 0xff, 0x18, 0xc3, 0xff, 0x18, 0xc3, 0xff, 0x18, 0xc3, 0xff, 0x18, 0xc3, 0xff, 0x18, 0xc3, 0xff, 0x18, 0xc3, 0xff, 0x18, 0xc3, 0xff, 0x18, 0xc3, 0xff, 0x18, 0xc3, 0xff, 0x18, 0xc3, 0xff, 0x18, 0xc3, 0xff, 0x18, 0xc3, 0xff, 0x18, 0xc3, 0xff, 0x18, 0xc3, 0xff, 0x18, 0xc3, 0xff, 0x18, 0xc3, 0xff, 0x18, 0xc3, 0xff, 0x21, 0x25, 0xff, 0x4a, 0x8a, 0xff, 
  0x4a, 0x8a, 0xff, 0x18, 0xc3, 0xff, 0x18, 0xc3, 0xff, 0x18, 0xc3, 0xff, 0x18, 0xc3, 0xff, 0x18, 0xc3, 0xff, 0x18, 0xc3, 0xff, 0x18, 0xc3, 0xff, 0x18, 0xc3, 0xff, 0x18, 0xc3, 0xff, 0x18, 0xc3, 0xff, 0x18, 0xc3, 0xff, 0x18, 0xc3, 0xff, 0x18, 0xc3, 0xff, 0x18, 0xc3, 0xff, 0x18, 0xc3, 0xff, 0x18, 0xc3, 0xff, 0x18, 0xc3, 0xff, 0x18, 0xc3, 0xff, 0x18, 0xc3, 0xff, 0x18, 0xc3, 0xff, 0x18, 0xc3, 0xff, 0x21, 0x25, 0xff, 0x6b, 0x8f, 0xff, 
  0x18, 0xc3, 0xff, 0x18, 0xc3, 0xff, 0x18, 0xc3, 0xff, 0x18, 0xc3, 0xff, 0x18, 0xc3, 0xff, 0x18, 0xc3, 0xff, 0x18, 0xc3, 0xff, 0x18, 0xc3, 0xff, 0x18, 0xc3, 0xff, 0x18, 0xc3, 0xff, 0x18, 0xc3, 0xff, 0x18, 0xc3, 0xff, 0x18, 0xc3, 0xff, 0x18, 0xc3, 0xff, 0x18, 0xc3, 0xff, 0x18, 0xc3, 0xff, 0x18, 0xc3, 0xff, 0x18, 0xc3, 0xff, 0x18, 0xc3, 0xff, 0x18, 0xc3, 0xff, 0x18, 0xc3, 0xff, 0x18, 0xc3, 0xff, 0x18, 0xc3, 0xff, 0x4a, 0x8a, 0xff, 
  0x18, 0xc3, 0xff, 0x18, 0xc3, 0xff, 0x18, 0xc3, 0xff, 0x18, 0xc3, 0xff, 0x18, 0xc3, 0xff, 0x18, 0xc3, 0xff, 0x18, 0xc3, 0xff, 0x18, 0xc3, 0xff, 0x18, 0xc3, 0xff, 0x18, 0xc3, 0xff, 0x18, 0xc3, 0xff, 0x18, 0xc3, 0xff, 0x18, 0xc3, 0xff, 0x18, 0xc3, 0xff, 0x18, 0xc3, 0xff, 0x18, 0xc3, 0xff, 0x18, 0xc3, 0xff, 0x18, 0xc3, 0xff, 0x18, 0xc3, 0xff, 0x18, 0xc3, 0xff, 0x18, 0xc3, 0xff, 0x18, 0xc3, 0xff, 0x18, 0xc3, 0xff, 0x18, 0xc3, 0xff, 
  0x6b, 0x8f, 0xff, 0x21, 0x25, 0xff, 0x18, 0xc3, 0xff, 0x18, 0xc3, 0xff, 0x18, 0xc3, 0xff, 0x18, 0xc3, 0xff, 0x18, 0xc3, 0xff, 0x18, 0xc3, 0xff, 0x18, 0xc3, 0xff, 0x18, 0xc3, 0xff, 0x18, 0xc3, 0xff, 0x18, 0xc3, 0xff, 0x18, 0xc3, 0xff, 0x18, 0xc3, 0xff, 0x18, 0xc3, 0xff, 0x18, 0xc3, 0xff, 0x18, 0xc3, 0xff, 0x18, 0xc3, 0xff, 0x18, 0xc3, 0xff, 0x18, 0xc3, 0xff, 0x18, 0xc3, 0xff, 0x18, 0xc3, 0xff, 0x18, 0xc3, 0xff, 0x18, 0xc3, 0xff, 
  0x6b, 0x8f, 0xff, 0x21, 0x25, 0xff, 0x18, 0xc3, 0xff, 0x18, 0xc3, 0xff, 0x18, 0xc3, 0xff, 0x18, 0xc3, 0xff, 0x18, 0xc3, 0xff, 0x18, 0xc3, 0xff, 0x18, 0xc3, 0xff, 0x18, 0xc3, 0xff, 0x18, 0xc3, 0xff, 0x18, 0xc3, 0xff, 0x18, 0xc3, 0xff, 0x18, 0xc3, 0xff, 0x18, 0xc3, 0xff, 0x18, 0xc3, 0xff, 0x18, 0xc3, 0xff, 0x18, 0xc3, 0xff, 0x18, 0xc3, 0xff, 0x18, 0xc3, 0xff, 0x18, 0xc3, 0xff, 0x18, 0xc3, 0xff, 0x21, 0x25, 0xff, 0x6b, 0x8f, 0xff, 
  0x29, 0x66, 0xff, 0x18, 0xc3, 0xff, 0x18, 0xc3, 0xff, 0x18, 0xc3, 0xff, 0x18, 0xc3, 0xff, 0x18, 0xc3, 0xff, 0x18, 0xc3, 0xff, 0x18, 0xc3, 0xff, 0x18, 0xc3, 0xff, 0x18, 0xc3, 0xff, 0x18, 0xc3, 0xff, 0x18, 0xc3, 0xff, 0x18, 0xc3, 0xff, 0x18, 0xc3, 0xff, 0x18, 0xc3, 0xff, 0x18, 0xc3, 0xff, 0x18, 0xc3, 0xff, 0x18, 0xc3, 0xff, 0x18, 0xc3, 0xff, 0x18, 0xc3, 0xff, 0x18, 0xc3, 0xff, 0x18, 0xc3, 0xff, 0x21, 0x25, 0xff, 0x6b, 0x8f, 0xff, 
  0x18, 0xc3, 0xff, 0x18, 0xc3, 0xff, 0x18, 0xc3, 0xff, 0x18, 0xc3, 0xff, 0x18, 0xc3, 0xff, 0x18, 0xc3, 0xff, 0x18, 0xc3, 0xff, 0x18, 0xc3, 0xff, 0x18, 0xc3, 0xff, 0x18, 0xc3, 0xff, 0x18, 0xc3, 0xff, 0x18, 0xc3, 0xff, 0x18, 0xc3, 0xff, 0x18, 0xc3, 0xff, 0x18, 0xc3, 0xff, 0x18, 0xc3, 0xff, 0x18, 0xc3, 0xff, 0x18, 0xc3, 0xff, 0x18, 0xc3, 0xff, 0x18, 0xc3, 0xff, 0x18, 0xc3, 0xff, 0x18, 0xc3, 0xff, 0x18, 0xc3, 0xff, 0x29, 0x66, 0xff, 
  0x39, 0xc8, 0xff, 0x21, 0x25, 0xff, 0x18, 0xc3, 0xff, 0x18, 0xc3, 0xff, 0x18, 0xc3, 0xff, 0x18, 0xc3, 0xff, 0x18, 0xc3, 0xff, 0x18, 0xc3, 0xff, 0x18, 0xc3, 0xff, 0x18, 0xc3, 0xff, 0x18, 0xc3, 0xff, 0x18, 0xc3, 0xff, 0x18, 0xc3, 0xff, 0x18, 0xc3, 0xff, 0x18, 0xc3, 0xff, 0x18, 0xc3, 0xff, 0x18, 0xc3, 0xff, 0x18, 0xc3, 0xff, 0x18, 0xc3, 0xff, 0x18, 0xc3, 0xff, 0x18, 0xc3, 0xff, 0x18, 0xc3, 0xff, 0x18, 0xc3, 0xff, 0x18, 0xc3, 0xff, 
  0x6b, 0x8f, 0xff, 0x21, 0x25, 0xff, 0x18, 0xc3, 0xff, 0x18, 0xc3, 0xff, 0x18, 0xc3, 0xff, 0x18, 0xc3, 0xff, 0x18, 0xc3, 0xff, 0x18, 0xc3, 0xff, 0x18, 0xc3, 0xff, 0x18, 0xc3, 0xff, 0x18, 0xc3, 0xff, 0x18, 0xc3, 0xff, 0x18, 0xc3, 0xff, 0x18, 0xc3, 0xff, 0x18, 0xc3, 0xff, 0x18, 0xc3, 0xff, 0x18, 0xc3, 0xff, 0x18, 0xc3, 0xff, 0x18, 0xc3, 0xff, 0x18, 0xc3, 0xff, 0x18, 0xc3, 0xff, 0x18, 0xc3, 0xff, 0x21, 0x25, 0xff, 0x39, 0xc8, 0xff, 
  0x6b, 0x8f, 0xff, 0x21, 0x25, 0xff, 0x18, 0xc3, 0xff, 0x18, 0xc3, 0xff, 0x18, 0xc3, 0xff, 0x18, 0xc3, 0xff, 0x18, 0xc3, 0xff, 0x18, 0xc3, 0xff, 0x18, 0xc3, 0xff, 0x18, 0xc3, 0xff, 0x18, 0xc3, 0xff, 0x18, 0xc3, 0xff, 0x18, 0xc3, 0xff, 0x18, 0xc3, 0xff, 0x18, 0xc3, 0xff, 0x18, 0xc3, 0xff, 0x18, 0xc3, 0xff, 0x18, 0xc3, 0xff, 0x18, 0xc3, 0xff, 0x18, 0xc3, 0xff, 0x18, 0xc3, 0xff, 0x18, 0xc3, 0xff, 0x21, 0x25, 0xff, 0x6b, 0x8f, 0xff, 
  0x18, 0xc3, 0xff, 0x18, 0xc3, 0xff, 0x18, 0xc3, 0xff, 0x18, 0xc3, 0xff, 0x18, 0xc3, 0xff, 0x18, 0xc3, 0xff, 0x18, 0xc3, 0xff, 0x18, 0xc3, 0xff, 0x18, 0xc3, 0xff, 0x18, 0xc3, 0xff, 0x18, 0xc3, 0xff, 0x18, 0xc3, 0xff, 0x18, 0xc3, 0xff, 0x18, 0xc3, 0xff, 0x18, 0xc3, 0xff, 0x18, 0xc3, 0xff, 0x18, 0xc3, 0xff, 0x18, 0xc3, 0xff, 0x18, 0xc3, 0xff, 0x18, 0xc3, 0xff, 0x18, 0xc3, 0xff, 0x18, 0xc3, 0xff, 0x21, 0x25, 0xff, 0x63, 0x2d, 0xff, 
  0x18, 0xc3, 0xff, 0x18, 0xc3, 0xff, 0x18, 0xc3, 0xff, 0x18, 0xc3, 0xff, 0x18, 0xc3, 0xff, 0x18, 0xc3, 0xff, 0x18, 0xc3, 0xff, 0x18, 0xc3, 0xff, 0x18, 0xc3, 0xff, 0x18, 0xc3, 0xff, 0x18, 0xc3, 0xff, 0x18, 0xc3, 0xff, 0x18, 0xc3, 0xff, 0x18, 0xc3, 0xff, 0x18, 0xc3, 0xff, 0x18, 0xc3, 0xff, 0x18, 0xc3, 0xff, 0x18, 0xc3, 0xff, 0x18, 0xc3, 0xff, 0x18, 0xc3, 0xff, 0x18, 0xc3, 0xff, 0x18, 0xc3, 0xff, 0x18, 0xc3, 0xff, 0x18, 0xc3, 0xff, 
  0x5a, 0xcc, 0xff, 0x21, 0x25, 0xff, 0x18, 0xc3, 0xff, 0x18, 0xc3, 0xff, 0x18, 0xc3, 0xff, 0x18, 0xc3, 0xff, 0x18, 0xc3, 0xff, 0x18, 0xc3, 0xff, 0x18, 0xc3, 0xff, 0x18, 0xc3, 0xff, 0x18, 0xc3, 0xff, 0x18, 0xc3, 0xff, 0x18, 0xc3, 0xff, 0x18, 0xc3, 0xff, 0x18, 0xc3, 0xff, 0x18, 0xc3, 0xff, 0x18, 0xc3, 0xff, 0x18, 0xc3, 0xff, 0x18, 0xc3, 0xff, 0x18, 0xc3, 0xff, 0x18, 0xc3, 0xff, 0x18, 0xc3, 0xff, 0x18, 0xc3, 0xff, 0x18, 0xc3, 0xff, 
  0x6b, 0x8f, 0xff, 0x21, 0x25, 0xff, 0x18, 0xc3, 0xff, 0x18, 0xc3, 0xff, 0x18, 0xc3, 0xff, 0x18, 0xc3, 0xff, 0x18, 0xc3, 0xff, 0x18, 0xc3, 0xff, 0x18, 0xc3, 0xff, 0x18, 0xc3, 0xff, 0x18, 0xc3, 0xff, 0x18, 0xc3, 0xff, 0x18, 0xc3, 0xff, 0x18, 0xc3, 0xff, 0x18, 0xc3, 0xff, 0x18, 0xc3, 0xff, 0x18, 0xc3, 0xff, 0x18, 0xc3, 0xff, 0x18, 0xc3, 0xff, 0x18, 0xc3, 0xff, 0x18, 0xc3, 0xff, 0x18, 0xc3, 0xff, 0x21, 0x25, 0xff, 0x5a, 0xcc, 0xff, 
  0x4a, 0x8a, 0xff, 0x18, 0xc3, 0xff, 0x18, 0xc3, 0xff, 0x18, 0xc3, 0xff, 0x18, 0xc3, 0xff, 0x18, 0xc3, 0xff, 0x18, 0xc3, 0xff, 0x18, 0xc3, 0xff, 0x18, 0xc3, 0xff, 0x18, 0xc3, 0xff, 0x18, 0xc3, 0xff, 0x18, 0xc3, 0xff, 0x18, 0xc3, 0xff, 0x18, 0xc3, 0xff, 0x18, 0xc3, 0xff, 0x18, 0xc3, 0xff, 0x18, 0xc3, 0xff, 0x18, 0xc3, 0xff, 0x18, 0xc3, 0xff, 0x18, 0xc3, 0xff, 0x18, 0xc3, 0xff, 0x18, 0xc3, 0xff, 0x21, 0x25, 0xff, 0x6b, 0x8f, 0xff, 
  0x18, 0xc3, 0xff, 0x18, 0xc3, 0xff, 0x18, 0xc3, 0xff, 0x18, 0xc3, 0xff, 0x18, 0xc3, 0xff, 0x18, 0xc3, 0xff, 0x18, 0xc3, 0xff, 0x18, 0xc3, 0xff, 0x18, 0xc3, 0xff, 0x18, 0xc3, 0xff, 0x18, 0xc3, 0xff, 0x18, 0xc3, 0xff, 0x18, 0xc3, 0xff, 0x18, 0xc3, 0xff, 0x18, 0xc3, 0xff, 0x18, 0xc3, 0xff, 0x18, 0xc3, 0xff, 0x18, 0xc3, 0xff, 0x18, 0xc3, 0xff, 0x18, 0xc3, 0xff, 0x18, 0xc3, 0xff, 0x18, 0xc3, 0xff, 0x18, 0xc3, 0xff, 0x42, 0x29, 0xff, 
  0x21, 0x25, 0xff, 0x21, 0x25, 0xff, 0x18, 0xc3, 0xff, 0x18, 0xc3, 0xff, 0x18, 0xc3, 0xff, 0x18, 0xc3, 0xff, 0x18, 0xc3, 0xff, 0x18, 0xc3, 0xff, 0x18, 0xc3, 0xff, 0x18, 0xc3, 0xff, 0x18, 0xc3, 0xff, 0x18, 0xc3, 0xff, 0x18, 0xc3, 0xff, 0x18, 0xc3, 0xff, 0x18, 0xc3, 0xff, 0x18, 0xc3, 0xff, 0x18, 0xc3, 0xff, 0x18, 0xc3, 0xff, 0x18, 0xc3, 0xff, 0x18, 0xc3, 0xff, 0x18, 0xc3, 0xff, 0x18, 0xc3, 0xff, 0x18, 0xc3, 0xff, 0x18, 0xc3, 0xff, 
  0x6b, 0x8f, 0xff, 0x21, 0x25, 0xff, 0x18, 0xc3, 0xff, 0x18, 0xc3, 0xff, 0x18, 0xc3, 0xff, 0x18, 0xc3, 0xff, 0x18, 0xc3, 0xff, 0x18, 0xc3, 0xff, 0x18, 0xc3, 0xff, 0x18, 0xc3, 0xff, 0x18, 0xc3, 0xff, 0x18, 0xc3, 0xff, 0x18, 0xc3, 0xff, 0x18, 0xc3, 0xff, 0x18, 0xc3, 0xff, 0x18, 0xc3, 0xff, 0x18, 0xc3, 0xff, 0x18, 0xc3, 0xff, 0x18, 0xc3, 0xff, 0x18, 0xc3, 0xff, 0x18, 0xc3, 0xff, 0x18, 0xc3, 0xff, 0x18, 0xc3, 0xff, 0x21, 0x25, 0xff, 
  0x6b, 0x8f, 0xff, 0x21, 0x25, 0xff, 0x18, 0xc3, 0xff, 0x18, 0xc3, 0xff, 0x18, 0xc3, 0xff, 0x18, 0xc3, 0xff, 0x18, 0xc3, 0xff, 0x18, 0xc3, 0xff, 0x18, 0xc3, 0xff, 0x18, 0xc3, 0xff, 0x18, 0xc3, 0xff, 0x18, 0xc3, 0xff, 0x18, 0xc3, 0xff, 0x18, 0xc3, 0xff, 0x18, 0xc3, 0xff, 0x18, 0xc3, 0xff, 0x18, 0xc3, 0xff, 0x18, 0xc3, 0xff, 0x18, 0xc3, 0xff, 0x18, 0xc3, 0xff, 0x18, 0xc3, 0xff, 0x18, 0xc3, 0xff, 0x21, 0x25, 0xff, 0x6b, 0x8f, 0xff, 
  0x29, 0x66, 0xff, 0x18, 0xc3, 0xff, 0x18, 0xc3, 0xff, 0x18, 0xc3, 0xff, 0x18, 0xc3, 0xff, 0x18, 0xc3, 0xff, 0x18, 0xc3, 0xff, 0x18, 0xc3, 0xff, 0x18, 0xc3, 0xff, 0x18, 0xc3, 0xff, 0x18, 0xc3, 0xff, 0x18, 0xc3, 0xff, 0x18, 0xc3, 0xff, 0x18, 0xc3, 0xff, 0x18, 0xc3, 0xff, 0x18, 0xc3, 0xff, 0x18, 0xc3, 0xff, 0x18, 0xc3, 0xff, 0x18, 0xc3, 0xff, 0x18, 0xc3, 0xff, 0x18, 0xc3, 0xff, 0x18, 0xc3, 0xff, 0x21, 0x25, 0xff, 0x6b, 0x8f, 0xff, 
  0x18, 0xc3, 0xff, 0x18, 0xc3, 0xff, 0x18, 0xc3, 0xff, 0x18, 0xc3, 0xff, 0x18, 0xc3, 0xff, 0x18, 0xc3, 0xff, 0x18, 0xc3, 0xff, 0x18, 0xc3, 0xff, 0x18, 0xc3, 0xff, 0x18, 0xc3, 0xff, 0x18, 0xc3, 0xff, 0x18, 0xc3, 0xff, 0x18, 0xc3, 0xff, 0x18, 0xc3, 0xff, 0x18, 0xc3, 0xff, 0x18, 0xc3, 0xff, 0x18, 0xc3, 0xff, 0x18, 0xc3, 0xff, 0x18, 0xc3, 0xff, 0x18, 0xc3, 0xff, 0x18, 0xc3, 0xff, 0x18, 0xc3, 0xff, 0x18, 0xc3, 0xff, 0x29, 0x66, 0xff, 
  0x42, 0x29, 0xff, 0x21, 0x25, 0xff, 0x18, 0xc3, 0xff, 0x18, 0xc3, 0xff, 0x18, 0xc3, 0xff, 0x18, 0xc3, 0xff, 0x18, 0xc3, 0xff, 0x18, 0xc3, 0xff, 0x18, 0xc3, 0xff, 0x18, 0xc3, 0xff, 0x18, 0xc3, 0xff, 0x18, 0xc3, 0xff, 0x18, 0xc3, 0xff, 0x18, 0xc3, 0xff, 0x18, 0xc3, 0xff, 0x18, 0xc3, 0xff, 0x18, 0xc3, 0xff, 0x18, 0xc3, 0xff, 0x18, 0xc3, 0xff, 0x18, 0xc3, 0xff, 0x18, 0xc3, 0xff, 0x18, 0xc3, 0xff, 0x18, 0xc3, 0xff, 0x18, 0xc3, 0xff, 
  0x6b, 0x8f, 0xff, 0x21, 0x25, 0xff, 0x18, 0xc3, 0xff, 0x18, 0xc3, 0xff, 0x18, 0xc3, 0xff, 0x18, 0xc3, 0xff, 0x18, 0xc3, 0xff, 0x18, 0xc3, 0xff, 0x18, 0xc3, 0xff, 0x18, 0xc3, 0xff, 0x18, 0xc3, 0xff, 0x18, 0xc3, 0xff, 0x18, 0xc3, 0xff, 0x18, 0xc3, 0xff, 0x18, 0xc3, 0xff, 0x18, 0xc3, 0xff, 0x18, 0xc3, 0xff, 0x18, 0xc3, 0xff, 0x18, 0xc3, 0xff, 0x18, 0xc3, 0xff, 0x18, 0xc3, 0xff, 0x18, 0xc3, 0xff, 0x21, 0x25, 0xff, 0x42, 0x29, 0xff, 
  0x63, 0x2d, 0xff, 0x18, 0xc3, 0xff, 0x18, 0xc3, 0xff, 0x18, 0xc3, 0xff, 0x18, 0xc3, 0xff, 0x18, 0xc3, 0xff, 0x18, 0xc3, 0xff, 0x18, 0xc3, 0xff, 0x18, 0xc3, 0xff, 0x18, 0xc3, 0xff, 0x18, 0xc3, 0xff, 0x18, 0xc3, 0xff, 0x18, 0xc3, 0xff, 0x18, 0xc3, 0xff, 0x18, 0xc3, 0xff, 0x18, 0xc3, 0xff, 0x18, 0xc3, 0xff, 0x18, 0xc3, 0xff, 0x18, 0xc3, 0xff, 0x18, 0xc3, 0xff, 0x18, 0xc3, 0xff, 0x18, 0xc3, 0xff, 0x21, 0x25, 0xff, 0x6b, 0x8f, 0xff, 
  0x18, 0xc3, 0xff, 0x18, 0xc3, 0xff, 0x18, 0xc3, 0xff, 0x18, 0xc3, 0xff, 0x18, 0xc3, 0xff, 0x18, 0xc3, 0xff, 0x18, 0xc3, 0xff, 0x18, 0xc3, 0xff, 0x18, 0xc3, 0xff, 0x18, 0xc3, 0xff, 0x18, 0xc3, 0xff, 0x18, 0xc3, 0xff, 0x18, 0xc3, 0xff, 0x18, 0xc3, 0xff, 0x18, 0xc3, 0xff, 0x18, 0xc3, 0xff, 0x18, 0xc3, 0xff, 0x18, 0xc3, 0xff, 0x18, 0xc3, 0xff, 0x18, 0xc3, 0xff, 0x18, 0xc3, 0xff, 0x18, 0xc3, 0xff, 0x21, 0x25, 0xff, 0x63, 0x2d, 0xff, 
  0x18, 0xc3, 0xff, 0x18, 0xc3, 0xff, 0x18, 0xc3, 0xff, 0x18, 0xc3, 0xff, 0x18, 0xc3, 0xff, 0x18, 0xc3, 0xff, 0x18, 0xc3, 0xff, 0x18, 0xc3, 0xff, 0x18, 0xc3, 0xff, 0x18, 0xc3, 0xff, 0x18, 0xc3, 0xff, 0x18, 0xc3, 0xff, 0x18, 0xc3, 0xff, 0x18, 0xc3, 0xff, 0x18, 0xc3, 0xff, 0x18, 0xc3, 0xff, 0x18, 0xc3, 0xff, 0x18, 0xc3, 0xff, 0x18, 0xc3, 0xff, 0x18, 0xc3, 0xff, 0x18, 0xc3, 0xff, 0x18, 0xc3, 0xff, 0x18, 0xc3, 0xff, 0x18, 0xc3, 0xff, 
  0x63, 0x2d, 0xff, 0x21, 0x25, 0xff, 0x18, 0xc3, 0xff, 0x18, 0xc3, 0xff, 0x18, 0xc3, 0xff, 0x18, 0xc3, 0xff, 0x18, 0xc3, 0xff, 0x18, 0xc3, 0xff, 0x18, 0xc3, 0xff, 0x18, 0xc3, 0xff, 0x18, 0xc3, 0xff, 0x18, 0xc3, 0xff, 0x18, 0xc3, 0xff, 0x18, 0xc3, 0xff, 0x18, 0xc3, 0xff, 0x18, 0xc3, 0xff, 0x18, 0xc3, 0xff, 0x18, 0xc3, 0xff, 0x18, 0xc3, 0xff, 0x18, 0xc3, 0xff, 0x18, 0xc3, 0xff, 0x18, 0xc3, 0xff, 0x18, 0xc3, 0xff, 0x18, 0xc3, 0xff, 
  0x6b, 0x8f, 0xff, 0x21, 0x25, 0xff, 0x18, 0xc3, 0xff, 0x18, 0xc3, 0xff, 0x18, 0xc3, 0xff, 0x18, 0xc3, 0xff, 0x18, 0xc3, 0xff, 0x18, 0xc3, 0xff, 0x18, 0xc3, 0xff, 0x18, 0xc3, 0xff, 0x18, 0xc3, 0xff, 0x18, 0xc3, 0xff, 0x18, 0xc3, 0xff, 0x18, 0xc3, 0xff, 0x18, 0xc3, 0xff, 0x18, 0xc3, 0xff, 0x18, 0xc3, 0xff, 0x18, 0xc3, 0xff, 0x18, 0xc3, 0xff, 0x18, 0xc3, 0xff, 0x18, 0xc3, 0xff, 0x18, 0xc3, 0xff, 0x21, 0x25, 0xff, 0x63, 0x2d, 0xff, 
  0x42, 0x29, 0xff, 0x18, 0xc3, 0xff, 0x18, 0xc3, 0xff, 0x18, 0xc3, 0xff, 0x18, 0xc3, 0xff, 0x18, 0xc3, 0xff, 0x18, 0xc3, 0xff, 0x18, 0xc3, 0xff, 0x18, 0xc3, 0xff, 0x18, 0xc3, 0xff, 0x18, 0xc3, 0xff, 0x18, 0xc3, 0xff, 0x18, 0xc3, 0xff, 0x18, 0xc3, 0xff, 0x18, 0xc3, 0xff, 0x18, 0xc3, 0xff, 0x18, 0xc3, 0xff, 0x18, 0xc3, 0xff, 0x18, 0xc3, 0xff, 0x18, 0xc3, 0xff, 0x18, 0xc3, 0xff, 0x18, 0xc3, 0xff, 0x21, 0x25, 0xff, 0x6b, 0x8f, 0xff, 
  0x18, 0xc3, 0xff, 0x18, 0xc3, 0xff, 0x18, 0xc3, 0xff, 0x18, 0xc3, 0xff, 0x18, 0xc3, 0xff, 0x18, 0xc3, 0xff, 0x18, 0xc3, 0xff, 0x18, 0xc3, 0xff, 0x18, 0xc3, 0xff, 0x18, 0xc3, 0xff, 0x18, 0xc3, 0xff, 0x18, 0xc3, 0xff, 0x18, 0xc3, 0xff, 0x18, 0xc3, 0xff, 0x18, 0xc3, 0xff, 0x18, 0xc3, 0xff, 0x18, 0xc3, 0xff, 0x18, 0xc3, 0xff, 0x18, 0xc3, 0xff, 0x18, 0xc3, 0xff, 0x18, 0xc3, 0xff, 0x18, 0xc3, 0xff, 0x18, 0xc3, 0xff, 0x42, 0x29, 0xff, 
  0x21, 0x25, 0xff, 0x21, 0x25, 0xff, 0x18, 0xc3, 0xff, 0x18, 0xc3, 0xff, 0x18, 0xc3, 0xff, 0x18, 0xc3, 0xff, 0x18, 0xc3, 0xff, 0x18, 0xc3, 0xff, 0x18, 0xc3, 0xff, 0x18, 0xc3, 0xff, 0x18, 0xc3, 0xff, 0x18, 0xc3, 0xff, 0x18, 0xc3, 0xff, 0x18, 0xc3, 0xff, 0x18, 0xc3, 0xff, 0x18, 0xc3, 0xff, 0x18, 0xc3, 0xff, 0x18, 0xc3, 0xff, 0x18, 0xc3, 0xff, 0x18, 0xc3, 0xff, 0x18, 0xc3, 0xff, 0x18, 0xc3, 0xff, 0x18, 0xc3, 0xff, 0x18, 0xc3, 0xff, 
  0x6b, 0x8f, 0xff, 0x21, 0x25, 0xff, 0x18, 0xc3, 0xff, 0x18, 0xc3, 0xff, 0x18, 0xc3, 0xff, 0x18, 0xc3, 0xff, 0x18, 0xc3, 0xff, 0x18, 0xc3, 0xff, 0x18, 0xc3, 0xff, 0x18, 0xc3, 0xff, 0x18, 0xc3, 0xff, 0x18, 0xc3, 0xff, 0x18, 0xc3, 0xff, 0x18, 0xc3, 0xff, 0x18, 0xc3, 0xff, 0x18, 0xc3, 0xff, 0x18, 0xc3, 0xff, 0x18, 0xc3, 0xff, 0x18, 0xc3, 0xff, 0x18, 0xc3, 0xff, 0x18, 0xc3, 0xff, 0x18, 0xc3, 0xff, 0x18, 0xc3, 0xff, 0x29, 0x66, 0xff, 
  0x6b, 0x8f, 0xff, 0x21, 0x25, 0xff, 0x18, 0xc3, 0xff, 0x18, 0xc3, 0xff, 0x18, 0xc3, 0xff, 0x18, 0xc3, 0xff, 0x18, 0xc3, 0xff, 0x18, 0xc3, 0xff, 0x18, 0xc3, 0xff, 0x18, 0xc3, 0xff, 0x18, 0xc3, 0xff, 0x18, 0xc3, 0xff, 0x18, 0xc3, 0xff, 0x18, 0xc3, 0xff, 0x18, 0xc3, 0xff, 0x18, 0xc3, 0xff, 0x18, 0xc3, 0xff, 0x18, 0xc3, 0xff, 0x18, 0xc3, 0xff, 0x18, 0xc3, 0xff, 0x18, 0xc3, 0xff, 0x18, 0xc3, 0xff, 0x21, 0x25, 0xff, 0x6b, 0x8f, 0xff, 
  0x21, 0x25, 0xff, 0x18, 0xc3, 0xff, 0x18, 0xc3, 0xff, 0x18, 0xc3, 0xff, 0x18, 0xc3, 0xff, 0x18, 0xc3, 0xff, 0x18, 0xc3, 0xff, 0x18, 0xc3, 0xff, 0x18, 0xc3, 0xff, 0x18, 0xc3, 0xff, 0x18, 0xc3, 0xff, 0x18, 0xc3, 0xff, 0x18, 0xc3, 0xff, 0x18, 0xc3, 0xff, 0x18, 0xc3, 0xff, 0x18, 0xc3, 0xff, 0x18, 0xc3, 0xff, 0x18, 0xc3, 0xff, 0x18, 0xc3, 0xff, 0x18, 0xc3, 0xff, 0x18, 0xc3, 0xff, 0x18, 0xc3, 0xff, 0x21, 0x25, 0xff, 0x6b, 0x8f, 0xff, 
  0x18, 0xc3, 0xff, 0x18, 0xc3, 0xff, 0x18, 0xc3, 0xff, 0x18, 0xc3, 0xff, 0x18, 0xc3, 0xff, 0x18, 0xc3, 0xff, 0x18, 0xc3, 0xff, 0x18, 0xc3, 0xff, 0x18, 0xc3, 0xff, 0x18, 0xc3, 0xff, 0x18, 0xc3, 0xff, 0x18, 0xc3, 0xff, 0x18, 0xc3, 0xff, 0x18, 0xc3, 0xff, 0x18, 0xc3, 0xff, 0x18, 0xc3, 0xff, 0x18, 0xc3, 0xff, 0x18, 0xc3, 0xff, 0x18, 0xc3, 0xff, 0x18, 0xc3, 0xff, 0x18, 0xc3, 0xff, 0x18, 0xc3, 0xff, 0x18, 0xc3, 0xff, 0x21, 0x25, 0xff, 
  0x42, 0x29, 0xff, 0x21, 0x25, 0xff, 0x18, 0xc3, 0xff, 0x18, 0xc3, 0xff, 0x18, 0xc3, 0xff, 0x18, 0xc3, 0xff, 0x18, 0xc3, 0xff, 0x18, 0xc3, 0xff, 0x18, 0xc3, 0xff, 0x18, 0xc3, 0xff, 0x18, 0xc3, 0xff, 0x18, 0xc3, 0xff, 0x18, 0xc3, 0xff, 0x18, 0xc3, 0xff, 0x18, 0xc3, 0xff, 0x18, 0xc3, 0xff, 0x18, 0xc3, 0xff, 0x18, 0xc3, 0xff, 0x18, 0xc3, 0xff, 0x18, 0xc3, 0xff, 0x18, 0xc3, 0xff, 0x18, 0xc3, 0xff, 0x18, 0xc3, 0xff, 0x18, 0xc3, 0xff, 
  0x6b, 0x8f, 0xff, 0x21, 0x25, 0xff, 0x18, 0xc3, 0xff, 0x18, 0xc3, 0xff, 0x18, 0xc3, 0xff, 0x18, 0xc3, 0xff, 0x18, 0xc3, 0xff, 0x18, 0xc3, 0xff, 0x18, 0xc3, 0xff, 0x18, 0xc3, 0xff, 0x18, 0xc3, 0xff, 0x18, 0xc3, 0xff, 0x18, 0xc3, 0xff, 0x18, 0xc3, 0xff, 0x18, 0xc3, 0xff, 0x18, 0xc3, 0xff, 0x18, 0xc3, 0xff, 0x18, 0xc3, 0xff, 0x18, 0xc3, 0xff, 0x18, 0xc3, 0xff, 0x18, 0xc3, 0xff, 0x18, 0xc3, 0xff, 0x21, 0x25, 0xff, 0x42, 0x29, 0xff, 
  0x5a, 0xcc, 0xff, 0x18, 0xc3, 0xff, 0x18, 0xc3, 0xff, 0x18, 0xc3, 0xff, 0x18, 0xc3, 0xff, 0x18, 0xc3, 0xff, 0x18, 0xc3, 0xff, 0x18, 0xc3, 0xff, 0x18, 0xc3, 0xff, 0x18, 0xc3, 0xff, 0x18, 0xc3, 0xff, 0x18, 0xc3, 0xff, 0x18, 0xc3, 0xff, 0x18, 0xc3, 0xff, 0x18, 0xc3, 0xff, 0x18, 0xc3, 0xff, 0x18, 0xc3, 0xff, 0x18, 0xc3, 0xff, 0x18, 0xc3, 0xff, 0x18, 0xc3, 0xff, 0x18, 0xc3, 0xff, 0x18, 0xc3, 0xff, 0x21, 0x25, 0xff, 0x6b, 0x8f, 0xff, 
  0x18, 0xc3, 0xff, 0x18, 0xc3, 0xff, 0x18, 0xc3, 0xff, 0x18, 0xc3, 0xff, 0x18, 0xc3, 0xff, 0x18, 0xc3, 0xff, 0x18, 0xc3, 0xff, 0x18, 0xc3, 0xff, 0x18, 0xc3, 0xff, 0x18, 0xc3, 0xff, 0x18, 0xc3, 0xff, 0x18, 0xc3, 0xff, 0x18, 0xc3, 0xff, 0x18, 0xc3, 0xff, 0x18, 0xc3, 0xff, 0x18, 0xc3, 0xff, 0x18, 0xc3, 0xff, 0x18, 0xc3, 0xff, 0x18, 0xc3, 0xff, 0x18, 0xc3, 0xff, 0x18, 0xc3, 0xff, 0x18, 0xc3, 0xff, 0x21, 0x25, 0xff, 0x5a, 0xcc, 0xff, 
  0x18, 0xc3, 0xff, 0x18, 0xc3, 0xff, 0x18, 0xc3, 0xff, 0x18, 0xc3, 0xff, 0x18, 0xc3, 0xff, 0x18, 0xc3, 0xff, 0x18, 0xc3, 0xff, 0x18, 0xc3, 0xff, 0x18, 0xc3, 0xff, 0x18, 0xc3, 0xff, 0x18, 0xc3, 0xff, 0x18, 0xc3, 0xff, 0x18, 0xc3, 0xff, 0x18, 0xc3, 0xff, 0x18, 0xc3, 0xff, 0x18, 0xc3, 0xff, 0x18, 0xc3, 0xff, 0x18, 0xc3, 0xff, 0x18, 0xc3, 0xff, 0x18, 0xc3, 0xff, 0x18, 0xc3, 0xff, 0x18, 0xc3, 0xff, 0x18, 0xc3, 0xff, 0x18, 0xc3, 0xff, 
  0x63, 0x2d, 0xff, 0x21, 0x25, 0xff, 0x18, 0xc3, 0xff, 0x18, 0xc3, 0xff, 0x18, 0xc3, 0xff, 0x18, 0xc3, 0xff, 0x18, 0xc3, 0xff, 0x18, 0xc3, 0xff, 0x18, 0xc3, 0xff, 0x18, 0xc3, 0xff, 0x18, 0xc3, 0xff, 0x18, 0xc3, 0xff, 0x18, 0xc3, 0xff, 0x18, 0xc3, 0xff, 0x18, 0xc3, 0xff, 0x18, 0xc3, 0xff, 0x18, 0xc3, 0xff, 0x18, 0xc3, 0xff, 0x18, 0xc3, 0xff, 0x18, 0xc3, 0xff, 0x18, 0xc3, 0xff, 0x18, 0xc3, 0xff, 0x18, 0xc3, 0xff, 0x18, 0xc3, 0xff, 
  0x6b, 0x8f, 0xff, 0x21, 0x25, 0xff, 0x18, 0xc3, 0xff, 0x18, 0xc3, 0xff, 0x18, 0xc3, 0xff, 0x18, 0xc3, 0xff, 0x18, 0xc3, 0xff, 0x18, 0xc3, 0xff, 0x18, 0xc3, 0xff, 0x18, 0xc3, 0xff, 0x18, 0xc3, 0xff, 0x18, 0xc3, 0xff, 0x18, 0xc3, 0xff, 0x18, 0xc3, 0xff, 0x18, 0xc3, 0xff, 0x18, 0xc3, 0xff, 0x18, 0xc3, 0xff, 0x18, 0xc3, 0xff, 0x18, 0xc3, 0xff, 0x18, 0xc3, 0xff, 0x18, 0xc3, 0xff, 0x18, 0xc3, 0xff, 0x21, 0x25, 0xff, 0x63, 0x2d, 0xff, 
  0x39, 0xc8, 0xff, 0x18, 0xc3, 0xff, 0x18, 0xc3, 0xff, 0x18, 0xc3, 0xff, 0x18, 0xc3, 0xff, 0x18, 0xc3, 0xff, 0x18, 0xc3, 0xff, 0x18, 0xc3, 0xff, 0x18, 0xc3, 0xff, 0x18, 0xc3, 0xff, 0x18, 0xc3, 0xff, 0x18, 0xc3, 0xff, 0x18, 0xc3, 0xff, 0x18, 0xc3, 0xff, 0x18, 0xc3, 0xff, 0x18, 0xc3, 0xff, 0x18, 0xc3, 0xff, 0x18, 0xc3, 0xff, 0x18, 0xc3, 0xff, 0x18, 0xc3, 0xff, 0x18, 0xc3, 0xff, 0x18, 0xc3, 0xff, 0x21, 0x25, 0xff, 0x6b, 0x8f, 0xff, 
  0x18, 0xc3, 0xff, 0x18, 0xc3, 0xff, 0x18, 0xc3, 0xff, 0x18, 0xc3, 0xff, 0x18, 0xc3, 0xff, 0x18, 0xc3, 0xff, 0x18, 0xc3, 0xff, 0x18, 0xc3, 0xff, 0x18, 0xc3, 0xff, 0x18, 0xc3, 0xff, 0x18, 0xc3, 0xff, 0x18, 0xc3, 0xff, 0x18, 0xc3, 0xff, 0x18, 0xc3, 0xff, 0x18, 0xc3, 0xff, 0x18, 0xc3, 0xff, 0x18, 0xc3, 0xff, 0x18, 0xc3, 0xff, 0x18, 0xc3, 0xff, 0x18, 0xc3, 0xff, 0x18, 0xc3, 0xff, 0x18, 0xc3, 0xff, 0x18, 0xc3, 0xff, 0x39, 0xc8, 0xff, 
  0x29, 0x66, 0xff, 0x21, 0x25, 0xff, 0x18, 0xc3, 0xff, 0x18, 0xc3, 0xff, 0x18, 0xc3, 0xff, 0x18, 0xc3, 0xff, 0x18, 0xc3, 0xff, 0x18, 0xc3, 0xff, 0x18, 0xc3, 0xff, 0x18, 0xc3, 0xff, 0x18, 0xc3, 0xff, 0x18, 0xc3, 0xff, 0x18, 0xc3, 0xff, 0x18, 0xc3, 0xff, 0x18, 0xc3, 0xff, 0x18, 0xc3, 0xff, 0x18, 0xc3, 0xff, 0x18, 0xc3, 0xff, 0x18, 0xc3, 0xff, 0x18, 0xc3, 0xff, 0x18, 0xc3, 0xff, 0x18, 0xc3, 0xff, 0x18, 0xc3, 0xff, 0x18, 0xc3, 0xff, 
  0x6b, 0x8f, 0xff, 0x21, 0x25, 0xff, 0x18, 0xc3, 0xff, 0x18, 0xc3, 0xff, 0x18, 0xc3, 0xff, 0x18, 0xc3, 0xff, 0x18, 0xc3, 0xff, 0x18, 0xc3, 0xff, 0x18, 0xc3, 0xff, 0x18, 0xc3, 0xff, 0x18, 0xc3, 0xff, 0x18, 0xc3, 0xff, 0x18, 0xc3, 0xff, 0x18, 0xc3, 0xff, 0x18, 0xc3, 0xff, 0x18, 0xc3, 0xff, 0x18, 0xc3, 0xff, 0x18, 0xc3, 0xff, 0x18, 0xc3, 0xff, 0x18, 0xc3, 0xff, 0x18, 0xc3, 0xff, 0x18, 0xc3, 0xff, 0x18, 0xc3, 0xff, 0x29, 0x66, 0xff, 
  0x6b, 0x8f, 0xff, 0x21, 0x25, 0xff, 0x18, 0xc3, 0xff, 0x18, 0xc3, 0xff, 0x18, 0xc3, 0xff, 0x18, 0xc3, 0xff, 0x18, 0xc3, 0xff, 0x18, 0xc3, 0xff, 0x18, 0xc3, 0xff, 0x18, 0xc3, 0xff, 0x18, 0xc3, 0xff, 0x18, 0xc3, 0xff, 0x18, 0xc3, 0xff, 0x18, 0xc3, 0xff, 0x18, 0xc3, 0xff, 0x18, 0xc3, 0xff, 0x18, 0xc3, 0xff, 0x18, 0xc3, 0xff, 0x18, 0xc3, 0xff, 0x18, 0xc3, 0xff, 0x18, 0xc3, 0xff, 0x18, 0xc3, 0xff, 0x21, 0x25, 0xff, 0x6b, 0x8f, 0xff, 
  0x21, 0x25, 0xff, 0x18, 0xc3, 0xff, 0x18, 0xc3, 0xff, 0x18, 0xc3, 0xff, 0x18, 0xc3, 0xff, 0x18, 0xc3, 0xff, 0x18, 0xc3, 0xff, 0x18, 0xc3, 0xff, 0x18, 0xc3, 0xff, 0x18, 0xc3, 0xff, 0x18, 0xc3, 0xff, 0x18, 0xc3, 0xff, 0x18, 0xc3, 0xff, 0x18, 0xc3, 0xff, 0x18, 0xc3, 0xff, 0x18, 0xc3, 0xff, 0x18, 0xc3, 0xff, 0x18, 0xc3, 0xff, 0x18, 0xc3, 0xff, 0x18, 0xc3, 0xff, 0x18, 0xc3, 0xff, 0x18, 0xc3, 0xff, 0x21, 0x25, 0xff, 0x6b, 0x8f, 0xff, 
  0x18, 0xc3, 0xff, 0x18, 0xc3, 0xff, 0x18, 0xc3, 0xff, 0x18, 0xc3, 0xff, 0x18, 0xc3, 0xff, 0x18, 0xc3, 0xff, 0x18, 0xc3, 0xff, 0x18, 0xc3, 0xff, 0x18, 0xc3, 0xff, 0x18, 0xc3, 0xff, 0x18, 0xc3, 0xff, 0x18, 0xc3, 0xff, 0x18, 0xc3, 0xff, 0x18, 0xc3, 0xff, 0x18, 0xc3, 0xff, 0x18, 0xc3, 0xff, 0x18, 0xc3, 0xff, 0x18, 0xc3, 0xff, 0x18, 0xc3, 0xff, 0x18, 0xc3, 0xff, 0x18, 0xc3, 0xff, 0x18, 0xc3, 0xff, 0x18, 0xc3, 0xff, 0x18, 0xc3, 0xff, 
  0x4a, 0x8a, 0xff, 0x21, 0x25, 0xff, 0x18, 0xc3, 0xff, 0x18, 0xc3, 0xff, 0x18, 0xc3, 0xff, 0x18, 0xc3, 0xff, 0x18, 0xc3, 0xff, 0x18, 0xc3, 0xff, 0x18, 0xc3, 0xff, 0x18, 0xc3, 0xff, 0x18, 0xc3, 0xff, 0x18, 0xc3, 0xff, 0x18, 0xc3, 0xff, 0x18, 0xc3, 0xff, 0x18, 0xc3, 0xff, 0x18, 0xc3, 0xff, 0x18, 0xc3, 0xff, 0x18, 0xc3, 0xff, 0x18, 0xc3, 0xff, 0x18, 0xc3, 0xff, 0x18, 0xc3, 0xff, 0x18, 0xc3, 0xff, 0x18, 0xc3, 0xff, 0x18, 0xc3, 0xff, 
  0x6b, 0x8f, 0xff, 0x21, 0x25, 0xff, 0x18, 0xc3, 0xff, 0x18, 0xc3, 0xff, 0x18, 0xc3, 0xff, 0x18, 0xc3, 0xff, 0x18, 0xc3, 0xff, 0x18, 0xc3, 0xff, 0x18, 0xc3, 0xff, 0x18, 0xc3, 0xff, 0x18, 0xc3, 0xff, 0x18, 0xc3, 0xff, 0x18, 0xc3, 0xff, 0x18, 0xc3, 0xff, 0x18, 0xc3, 0xff, 0x18, 0xc3, 0xff, 0x18, 0xc3, 0xff, 0x18, 0xc3, 0xff, 0x18, 0xc3, 0xff, 0x18, 0xc3, 0xff, 0x18, 0xc3, 0xff, 0x18, 0xc3, 0xff, 0x21, 0x25, 0xff, 0x4a, 0x8a, 0xff, 
  0x5a, 0xcc, 0xff, 0x18, 0xc3, 0xff, 0x18, 0xc3, 0xff, 0x18, 0xc3, 0xff, 0x18, 0xc3, 0xff, 0x18, 0xc3, 0xff, 0x18, 0xc3, 0xff, 0x18, 0xc3, 0xff, 0x18, 0xc3, 0xff, 0x18, 0xc3, 0xff, 0x18, 0xc3, 0xff, 0x18, 0xc3, 0xff, 0x18, 0xc3, 0xff, 0x18, 0xc3, 0xff, 0x18, 0xc3, 0xff, 0x18, 0xc3, 0xff, 0x18, 0xc3, 0xff, 0x18, 0xc3, 0xff, 0x18, 0xc3, 0xff, 0x18, 0xc3, 0xff, 0x18, 0xc3, 0xff, 0x18, 0xc3, 0xff, 0x21, 0x25, 0xff, 0x6b, 0x8f, 0xff, 
  0x18, 0xc3, 0xff, 0x18, 0xc3, 0xff, 0x18, 0xc3, 0xff, 0x18, 0xc3, 0xff, 0x18, 0xc3, 0xff, 0x18, 0xc3, 0xff, 0x18, 0xc3, 0xff, 0x18, 0xc3, 0xff, 0x18, 0xc3, 0xff, 0x18, 0xc3, 0xff, 0x18, 0xc3, 0xff, 0x18, 0xc3, 0xff, 0x18, 0xc3, 0xff, 0x18, 0xc3, 0xff, 0x18, 0xc3, 0xff, 0x18, 0xc3, 0xff, 0x18, 0xc3, 0xff, 0x18, 0xc3, 0xff, 0x18, 0xc3, 0xff, 0x18, 0xc3, 0xff, 0x18, 0xc3, 0xff, 0x18, 0xc3, 0xff, 0x18, 0xc3, 0xff, 0x4a, 0x8a, 0xff, 
  0x18, 0xc3, 0xff, 0x18, 0xc3, 0xff, 0x18, 0xc3, 0xff, 0x18, 0xc3, 0xff, 0x18, 0xc3, 0xff, 0x18, 0xc3, 0xff, 0x18, 0xc3, 0xff, 0x18, 0xc3, 0xff, 0x18, 0xc3, 0xff, 0x18, 0xc3, 0xff, 0x18, 0xc3, 0xff, 0x18, 0xc3, 0xff, 0x18, 0xc3, 0xff, 0x18, 0xc3, 0xff, 0x18, 0xc3, 0xff, 0x18, 0xc3, 0xff, 0x18, 0xc3, 0xff, 0x18, 0xc3, 0xff, 0x18, 0xc3, 0xff, 0x18, 0xc3, 0xff, 0x18, 0xc3, 0xff, 0x18, 0xc3, 0xff, 0x18, 0xc3, 0xff, 0x18, 0xc3, 0xff, 
  0x6b, 0x8f, 0xff, 0x21, 0x25, 0xff, 0x18, 0xc3, 0xff, 0x18, 0xc3, 0xff, 0x18, 0xc3, 0xff, 0x18, 0xc3, 0xff, 0x18, 0xc3, 0xff, 0x18, 0xc3, 0xff, 0x18, 0xc3, 0xff, 0x18, 0xc3, 0xff, 0x18, 0xc3, 0xff, 0x18, 0xc3, 0xff, 0x18, 0xc3, 0xff, 0x18, 0xc3, 0xff, 0x18, 0xc3, 0xff, 0x18, 0xc3, 0xff, 0x18, 0xc3, 0xff, 0x18, 0xc3, 0xff, 0x18, 0xc3, 0xff, 0x18, 0xc3, 0xff, 0x18, 0xc3, 0xff, 0x18, 0xc3, 0xff, 0x18, 0xc3, 0xff, 0x18, 0xc3, 0xff, 
  0x6b, 0x8f, 0xff, 0x21, 0x25, 0xff, 0x18, 0xc3, 0xff, 0x18, 0xc3, 0xff, 0x18, 0xc3, 0xff, 0x18, 0xc3, 0xff, 0x18, 0xc3, 0xff, 0x18, 0xc3, 0xff, 0x18, 0xc3, 0xff, 0x18, 0xc3, 0xff, 0x18, 0xc3, 0xff, 0x18, 0xc3, 0xff, 0x18, 0xc3, 0xff, 0x18, 0xc3, 0xff, 0x18, 0xc3, 0xff, 0x18, 0xc3, 0xff, 0x18, 0xc3, 0xff, 0x18, 0xc3, 0xff, 0x18, 0xc3, 0xff, 0x18, 0xc3, 0xff, 0x18, 0xc3, 0xff, 0x18, 0xc3, 0xff, 0x21, 0x25, 0xff, 0x6b, 0x8f, 0xff, 
  0x39, 0xc8, 0xff, 0x18, 0xc3, 0xff, 0x18, 0xc3, 0xff, 0x18, 0xc3, 0xff, 0x18, 0xc3, 0xff, 0x18, 0xc3, 0xff, 0x18, 0xc3, 0xff, 0x18, 0xc3, 0xff, 0x18, 0xc3, 0xff, 0x18, 0xc3, 0xff, 0x18, 0xc3, 0xff, 0x18, 0xc3, 0xff, 0x18, 0xc3, 0xff, 0x18, 0xc3, 0xff, 0x18, 0xc3, 0xff, 0x18, 0xc3, 0xff, 0x18, 0xc3, 0xff, 0x18, 0xc3, 0xff, 0x18, 0xc3, 0xff, 0x18, 0xc3, 0xff, 0x18, 0xc3, 0xff, 0x18, 0xc3, 0xff, 0x21, 0x25, 0xff, 0x6b, 0x8f, 0xff, 
  0x18, 0xc3, 0xff, 0x18, 0xc3, 0xff, 0x18, 0xc3, 0xff, 0x18, 0xc3, 0xff, 0x18, 0xc3, 0xff, 0x18, 0xc3, 0xff, 0x18, 0xc3, 0xff, 0x18, 0xc3, 0xff, 0x18, 0xc3, 0xff, 0x18, 0xc3, 0xff, 0x18, 0xc3, 0xff, 0x18, 0xc3, 0xff, 0x18, 0xc3, 0xff, 0x18, 0xc3, 0xff, 0x18, 0xc3, 0xff, 0x18, 0xc3, 0xff, 0x18, 0xc3, 0xff, 0x18, 0xc3, 0xff, 0x18, 0xc3, 0xff, 0x18, 0xc3, 0xff, 0x18, 0xc3, 0xff, 0x18, 0xc3, 0xff, 0x18, 0xc3, 0xff, 0x39, 0xc8, 0xff, 
  0x39, 0xc8, 0xff, 0x21, 0x25, 0xff, 0x18, 0xc3, 0xff, 0x18, 0xc3, 0xff, 0x18, 0xc3, 0xff, 0x18, 0xc3, 0xff, 0x18, 0xc3, 0xff, 0x18, 0xc3, 0xff, 0x18, 0xc3, 0xff, 0x18, 0xc3, 0xff, 0x18, 0xc3, 0xff, 0x18, 0xc3, 0xff, 0x18, 0xc3, 0xff, 0x18, 0xc3, 0xff, 0x18, 0xc3, 0xff, 0x18, 0xc3, 0xff, 0x18, 0xc3, 0xff, 0x18, 0xc3, 0xff, 0x18, 0xc3, 0xff, 0x18, 0xc3, 0xff, 0x18, 0xc3, 0xff, 0x18, 0xc3, 0xff, 0x18, 0xc3, 0xff, 0x18, 0xc3, 0xff, 
  0x6b, 0x8f, 0xff, 0x21, 0x25, 0xff, 0x18, 0xc3, 0xff, 0x18, 0xc3, 0xff, 0x18, 0xc3, 0xff, 0x18, 0xc3, 0xff, 0x18, 0xc3, 0xff, 0x18, 0xc3, 0xff, 0x18, 0xc3, 0xff, 0x18, 0xc3, 0xff, 0x18, 0xc3, 0xff, 0x18, 0xc3, 0xff, 0x18, 0xc3, 0xff, 0x18, 0xc3, 0xff, 0x18, 0xc3, 0xff, 0x18, 0xc3, 0xff, 0x18, 0xc3, 0xff, 0x18, 0xc3, 0xff, 0x18, 0xc3, 0xff, 0x18, 0xc3, 0xff, 0x18, 0xc3, 0xff, 0x18, 0xc3, 0xff, 0x21, 0x25, 0xff, 0x39, 0xc8, 0xff, 
  0x6b, 0x8f, 0xff, 0x21, 0x25, 0xff, 0x18, 0xc3, 0xff, 0x18, 0xc3, 0xff, 0x18, 0xc3, 0xff, 0x18, 0xc3, 0xff, 0x18, 0xc3, 0xff, 0x18, 0xc3, 0xff, 0x18, 0xc3, 0xff, 0x18, 0xc3, 0xff, 0x18, 0xc3, 0xff, 0x18, 0xc3, 0xff, 0x18, 0xc3, 0xff, 0x18, 0xc3, 0xff, 0x18, 0xc3, 0xff, 0x18, 0xc3, 0xff, 0x18, 0xc3, 0xff, 0x18, 0xc3, 0xff, 0x18, 0xc3, 0xff, 0x18, 0xc3, 0xff, 0x18, 0xc3, 0xff, 0x18, 0xc3, 0xff, 0x21, 0x25, 0xff, 0x6b, 0x8f, 0xff, 
  0x18, 0xc3, 0xff, 0x18, 0xc3, 0xff, 0x18, 0xc3, 0xff, 0x18, 0xc3, 0xff, 0x18, 0xc3, 0xff, 0x18, 0xc3, 0xff, 0x18, 0xc3, 0xff, 0x18, 0xc3, 0xff, 0x18, 0xc3, 0xff, 0x18, 0xc3, 0xff, 0x18, 0xc3, 0xff, 0x18, 0xc3, 0xff, 0x18, 0xc3, 0xff, 0x18, 0xc3, 0xff, 0x18, 0xc3, 0xff, 0x18, 0xc3, 0xff, 0x18, 0xc3, 0xff, 0x18, 0xc3, 0xff, 0x18, 0xc3, 0xff, 0x18, 0xc3, 0xff, 0x18, 0xc3, 0xff, 0x18, 0xc3, 0xff, 0x21, 0x25, 0xff, 0x6b, 0x8f, 0xff, 
  0x18, 0xc3, 0xff, 0x18, 0xc3, 0xff, 0x18, 0xc3, 0xff, 0x18, 0xc3, 0xff, 0x18, 0xc3, 0xff, 0x18, 0xc3, 0xff, 0x18, 0xc3, 0xff, 0x18, 0xc3, 0xff, 0x18, 0xc3, 0xff, 0x18, 0xc3, 0xff, 0x18, 0xc3, 0xff, 0x18, 0xc3, 0xff, 0x18, 0xc3, 0xff, 0x18, 0xc3, 0xff, 0x18, 0xc3, 0xff, 0x18, 0xc3, 0xff, 0x18, 0xc3, 0xff, 0x18, 0xc3, 0xff, 0x18, 0xc3, 0xff, 0x18, 0xc3, 0xff, 0x18, 0xc3, 0xff, 0x18, 0xc3, 0xff, 0x18, 0xc3, 0xff, 0x18, 0xc3, 0xff, 
  0x5a, 0xcc, 0xfa, 0x21, 0x25, 0xff, 0x18, 0xc3, 0xff, 0x18, 0xc3, 0xff, 0x18, 0xc3, 0xff, 0x18, 0xc3, 0xff, 0x18, 0xc3, 0xff, 0x18, 0xc3, 0xff, 0x18, 0xc3, 0xff, 0x18, 0xc3, 0xff, 0x18, 0xc3, 0xff, 0x18, 0xc3, 0xff, 0x18, 0xc3, 0xff, 0x18, 0xc3, 0xff, 0x18, 0xc3, 0xff, 0x18, 0xc3, 0xff, 0x18, 0xc3, 0xff, 0x18, 0xc3, 0xff, 0x18, 0xc3, 0xff, 0x18, 0xc3, 0xff, 0x18, 0xc3, 0xff, 0x18, 0xc3, 0xff, 0x18, 0xc3, 0xff, 0x18, 0xc3, 0xf7, 
  0x6b, 0x8f, 0x81, 0x42, 0x29, 0xff, 0x18, 0xc3, 0xff, 0x39, 0xc8, 0xff, 0x4a, 0x8a, 0xff, 0x42, 0x29, 0xff, 0x18, 0xc3, 0xff, 0x18, 0xc3, 0xff, 0x4a, 0x8a, 0xff, 0x4a, 0x8a, 0xff, 0x29, 0x66, 0xff, 0x18, 0xc3, 0xff, 0x29, 0x66, 0xff, 0x4a, 0x8a, 0xff, 0x4a, 0x8a, 0xff, 0x18, 0xc3, 0xff, 0x18, 0xc3, 0xff, 0x42, 0x29, 0xff, 0x4a, 0x8a, 0xff, 0x39, 0xc8, 0xff, 0x18, 0xc3, 0xff, 0x18, 0xc3, 0xff, 0x6b, 0x8f, 0xff, 0x63, 0x0d, 0x71, 
  0x00, 0x00, 0x00, 0x18, 0xa4, 0x19, 0x18, 0xa3, 0x3f, 0x5a, 0xcc, 0x67, 0x6b, 0x8f, 0x7f, 0x63, 0x0d, 0x6f, 0x18, 0xa3, 0x3f, 0x18, 0xa3, 0x3f, 0x6b, 0x8f, 0x7f, 0x6b, 0x8f, 0x7f, 0x42, 0x4a, 0x57, 0x18, 0xa3, 0x3f, 0x42, 0x4a, 0x57, 0x6b, 0x8f, 0x7f, 0x6b, 0x8f, 0x7f, 0x18, 0xa3, 0x3f, 0x18, 0xa3, 0x3f, 0x63, 0x0d, 0x6f, 0x6b, 0x8f, 0x7f, 0x5a, 0xcc, 0x67, 0x18, 0xa3, 0x3f, 0x18, 0xa3, 0x3f, 0x6b, 0x8f, 0x50, 0x00, 0x00, 0x00, 
#endif
#if LV_COLOR_DEPTH == 32
  0x00, 0x00, 0x00, 0x00, 0x70, 0x69, 0x65, 0x49, 0x74, 0x6e, 0x6a, 0x7f, 0x4c, 0x46, 0x43, 0x57, 0x18, 0x14, 0x14, 0x3f, 0x3d, 0x3a, 0x37, 0x4f, 0x74, 0x6e, 0x6a, 0x7f, 0x74, 0x6e, 0x6a, 0x7f, 0x18, 0x14, 0x14, 0x3f, 0x18, 0x14, 0x14, 0x3f, 0x61, 0x59, 0x57, 0x67, 0x74, 0x6e, 0x6a, 0x7f, 0x61, 0x59, 0x57, 0x67, 0x18, 0x14, 0x14, 0x3f, 0x18, 0x14, 0x14, 0x3f, 0x74, 0x6e, 0x6a, 0x7f, 0x74, 0x6e, 0x6a, 0x7f, 0x3d, 0x3a, 0x37, 0x4f, 0x18, 0x14, 0x14, 0x3f, 0x4c, 0x46, 0x43, 0x57, 0x74, 0x6e, 0x6a, 0x7f, 0x74, 0x6e, 0x6a, 0x7f, 0x76, 0x70, 0x69, 0x50, 0x00, 0x00, 0x00, 0x00, 
  0x1b, 0x18, 0x14, 0x41, 0x47, 0x43, 0x3f, 0xff, 0x53, 0x4e, 0x4a, 0xff, 0x30, 0x2d, 0x2a, 0xff, 0x1a, 0x17, 0x14, 0xff, 0x26, 0x22, 0x1e, 0xff, 0x53, 0x4e, 0x4a, 0xff, 0x53, 0x4e, 0x4a, 0xff, 0x1a, 0x17, 0x14, 0xff, 0x1a, 0x17, 0x14, 0xff, 0x3c, 0x37, 0x34, 0xff, 0x53, 0x4e, 0x4a, 0xff, 0x3c, 0x37, 0x34, 0xff, 0x1a, 0x17, 0x14, 0xff, 0x1a, 0x17, 0x14, 0xff, 0x53, 0x4e, 0x4a, 0xff, 0x53, 0x4e, 0x4a, 0xff, 0x26, 0x22, 0x1e, 0xff, 0x1a, 0x17, 0x14, 0xff, 0x30, 0x2d, 0x2a, 0xff, 0x53, 0x4e, 0x4a, 0xff, 0x53, 0x4e, 0x4a, 0xff, 0x69, 0x63, 0x60, 0xff, 0x57, 0x51, 0x4c, 0x61, 
  0x30, 0x2d, 0x2a, 0xf8, 0x26, 0x22, 0x1e, 0xff, 0x1a, 0x17, 0x14, 0xff, 0x1a, 0x17, 0x14, 0xff, 0x1a, 0x17, 0x14, 0xff, 0x1a, 0x17, 0x14, 0xff, 0x1a, 0x17, 0x14, 0xff, 0x1a, 0x17, 0x14, 0xff, 0x1a, 0x17, 0x14, 0xff, 0x1a, 0x17, 0x14, 0xff, 0x1a, 0x17, 0x14, 0xff, 0x1a, 0x17, 0x14, 0xff, 0x1a, 0x17, 0x14, 0xff, 0x1a, 0x17, 0x14, 0xff, 0x1a, 0x17, 0x14, 0xff, 0x1a, 0x17, 0x14, 0xff, 0x1a, 0x17, 0x14, 0xff, 0x1a, 0x17, 0x14, 0xff, 0x1a, 0x17, 0x14, 0xff, 0x1a, 0x17, 0x14, 0xff, 0x1a, 0x17, 0x14, 0xff, 0x1a, 0x17, 0x14, 0xff, 0x1a, 0x17, 0x14, 0xff, 0x1b, 0x18, 0x15, 0xf7, 
  0x75, 0x6e, 0x6a, 0xff, 0x26, 0x22, 0x1e, 0xff, 0x1a, 0x17, 0x14, 0xff, 0x1a, 0x17, 0x14, 0xff, 0x1a, 0x17, 0x14, 0xff, 0x1a, 0x17, 0x14, 0xff, 0x1a, 0x17, 0x14, 0xff, 0x1a, 0x17, 0x14, 0xff, 0x1a, 0x17, 0x14, 0xff, 0x1a, 0x17, 0x14, 0xff, 0x1a, 0x17, 0x14, 0xff, 0x1a, 0x17, 0x14, 0xff, 0x1a, 0x17, 0x14, 0xff, 0x1a, 0x17, 0x14, 0xff, 0x1a, 0x17, 0x14, 0xff, 0x1a, 0x17, 0x14, 0xff, 0x1a, 0x17, 0x14, 0xff, 0x1a, 0x17, 0x14, 0xff, 0x1a, 0x17, 0x14, 0xff, 0x1a, 0x17, 0x14, 0xff, 0x1a, 0x17, 0x14, 0xff, 0x1a, 0x17, 0x14, 0xff, 0x26, 0x22, 0x1e, 0xff, 0x3c, 0x37, 0x34, 0xff, 
  0x75, 0x6e, 0x6a, 0xff, 0x26, 0x22, 0x1e, 0xff, 0x1a, 0x17, 0x14, 0xff, 0x1a, 0x17, 0x14, 0xff, 0x1a, 0x17, 0x14, 0xff, 0x1a, 0x17, 0x14, 0xff, 0x1a, 0x17, 0x14, 0xff, 0x1a, 0x17, 0x14, 0xff, 0x1a, 0x17, 0x14, 0xff, 0x1a, 0x17, 0x14, 0xff, 0x1a, 0x17, 0x14, 0xff, 0x1a, 0x17, 0x14, 0xff, 0x1a, 0x17, 0x14, 0xff, 0x1a, 0x17, 0x14, 0xff, 0x1a, 0x17, 0x14, 0xff, 0x1a, 0x17, 0x14, 0xff, 0x1a, 0x17, 0x14, 0xff, 0x1a, 0x17, 0x14, 0xff, 0x1a, 0x17, 0x14, 0xff, 0x1a, 0x17, 0x14, 0xff, 0x1a, 0x17, 0x14, 0xff, 0x1a, 0x17, 0x14, 0xff, 0x26, 0x22, 0x1e, 0xff, 0x75, 0x6e, 0x6a, 0xff, 
  0x1a, 0x17, 0x14, 0xff, 0x1a, 0x17, 0x14, 0xff, 0x1a, 0x17, 0x14, 0xff, 0x1a, 0x17, 0x14, 0xff, 0x1a, 0x17, 0x14, 0xff, 0x1a, 0x17, 0x14, 0xff, 0x1a, 0x17, 0x14, 0xff, 0x1a, 0x17, 0x14, 0xff, 0x1a, 0x17, 0x14, 0xff, 0x1a, 0x17, 0x14, 0xff, 0x1a, 0x17, 0x14, 0xff, 0x1a, 0x17, 0x14, 0xff, 0x1a, 0x17, 0x14, 0xff, 0x1a, 0x17, 0x14, 0xff, 0x1a, 0x17, 0x14, 0xff, 0x1a, 0x17, 0x14, 0xff, 0x1a, 0x17, 0x14, 0xff, 0x1a, 0x17, 0x14, 0xff, 0x1a, 0x17, 0x14, 0xff, 0x1a, 0x17, 0x14, 0xff, 0x1a, 0x17, 0x14, 0xff, 0x1a, 0x17, 0x14, 0xff, 0x26, 0x22, 0x1e, 0xff, 0x75, 0x6e, 0x6a, 0xff, 
  0x1a, 0x17, 0x14, 0xff, 0x1a, 0x17, 0x14, 0xff, 0x1a, 0x17, 0x14, 0xff, 0x1a, 0x17, 0x14, 0xff, 0x1a, 0x17, 0x14, 0xff, 0x1a, 0x17, 0x14, 0xff, 0x1a, 0x17, 0x14, 0xff, 0x1a, 0x17, 0x14, 0xff, 0x1a, 0x17, 0x14, 0xff, 0x1a, 0x17, 0x14, 0xff, 0x1a, 0x17, 0x14, 0xff, 0x1a, 0x17, 0x14, 0xff, 0x1a, 0x17, 0x14, 0xff, 0x1a, 0x17, 0x14, 0xff, 0x1a, 0x17, 0x14, 0xff, 0x1a, 0x17, 0x14, 0xff, 0x1a, 0x17, 0x14, 0xff, 0x1a, 0x17, 0x14, 0xff, 0x1a, 0x17, 0x14, 0xff, 0x1a, 0x17, 0x14, 0xff, 0x1a, 0x17, 0x14, 0xff, 0x1a, 0x17, 0x14, 0xff, 0x1a, 0x17, 0x14, 0xff, 0x1a, 0x17, 0x14, 0xff, 
  0x53, 0x4e, 0x4a, 0xff, 0x26, 0x22, 0x1e, 0xff, 0x1a, 0x17, 0x14, 0xff, 0x1a, 0x17, 0x14, 0xff, 0x1a, 0x17, 0x14, 0xff, 0x1a, 0x17, 0x14, 0xff, 0x1a, 0x17, 0x14, 0xff, 0x1a, 0x17, 0x14, 0xff, 0x1a, 0x17, 0x14, 0xff, 0x1a, 0x17, 0x14, 0xff, 0x1a, 0x17, 0x14, 0xff, 0x1a, 0x17, 0x14, 0xff, 0x1a, 0x17, 0x14, 0xff, 0x1a, 0x17, 0x14, 0xff, 0x1a, 0x17, 0x14, 0xff, 0x1a, 0x17, 0x14, 0xff, 0x1a, 0x17, 0x14, 0xff, 0x1a, 0x17, 0x14, 0xff, 0x1a, 0x17, 0x14, 0xff, 0x1a, 0x17, 0x14, 0xff, 0x1a, 0x17, 0x14, 0xff, 0x1a, 0x17, 0x14, 0xff, 0x1a, 0x17, 0x14, 0xff, 0x1a, 0x17, 0x14, 0xff, 
  0x75, 0x6e, 0x6a, 0xff, 0x26, 0x22, 0x1e, 0xff, 0x1a, 0x17, 0x14, 0xff, 0x1a, 0x17, 0x14, 0xff, 0x1a, 0x17, 0x14, 0xff, 0x1a, 0x17, 0x14, 0xff, 0x1a, 0x17, 0x14, 0xff, 0x1a, 0x17, 0x14, 0xff, 0x1a, 0x17, 0x14, 0xff, 0x1a, 0x17, 0x14, 0xff, 0x1a, 0x17, 0x14, 0xff, 0x1a, 0x17, 0x14, 0xff, 0x1a, 0x17, 0x14, 0xff, 0x1a, 0x17, 0x14, 0xff, 0x1a, 0x17, 0x14, 0xff, 0x1a, 0x17, 0x14, 0xff, 0x1a, 0x17, 0x14, 0xff, 0x1a, 0x17, 0x14, 0xff, 0x1a, 0x17, 0x14, 0xff, 0x1a, 0x17, 0x14, 0xff, 0x1a, 0x17, 0x14, 0xff, 0x1a, 0x17, 0x14, 0xff, 0x26, 0x22, 0x1e, 0xff, 0x53, 0x4e, 0x4a, 0xff, 
  0x53, 0x4e, 0x4a, 0xff, 0x1a, 0x17, 0x14, 0xff, 0x1a, 0x17, 0x14, 0xff, 0x1a, 0x17, 0x14, 0xff, 0x1a, 0x17, 0x14, 0xff, 0x1a, 0x17, 0x14, 0xff, 0x1a, 0x17, 0x14, 0xff, 0x1a, 0x17, 0x14, 0xff, 0x1a, 0x17, 0x14, 0xff, 0x1a, 0x17, 0x14, 0xff, 0x1a, 0x17, 0x14, 0xff, 0x1a, 0x17, 0x14, 0xff, 0x1a, 0x17, 0x14, 0xff, 0x1a, 0x17, 0x14, 0xff, 0x1a, 0x17, 0x14, 0xff, 0x1a, 0x17, 0x14, 0xff, 0x1a, 0x17, 0x14, 0xff, 0x1a, 0x17, 0x14, 0xff, 0x1a, 0x17, 0x14, 0xff, 0x1a, 0x17, 0x14, 0xff, 0x1a, 0x17, 0x14, 0xff, 0x1a, 0x17, 0x14, 0xff, 0x26, 0x22, 0x1e, 0xff, 0x75, 0x6e, 0x6a, 0xff, 
  0x1a, 0x17, 0x14, 0xff, 0x1a, 0x17, 0x14, 0xff, 0x1a, 0x17, 0x14, 0xff, 0x1a, 0x17, 0x14, 0xff, 0x1a, 0x17, 0x14, 0xff, 0x1a, 0x17, 0x14, 0xff, 0x1a, 0x17, 0x14, 0xff, 0x1a, 0x17, 0x14, 0xff, 0x1a, 0x17, 0x14, 0xff, 0x1a, 0x17, 0x14, 0xff, 0x1a, 0x17, 0x14, 0xff, 0x1a, 0x17, 0x14, 0xff, 0x1a, 0x17, 0x14, 0xff, 0x1a, 0x17, 0x14, 0xff, 0x1a, 0x17, 0x14, 0xff, 0x1a, 0x17, 0x14, 0xff, 0x1a, 0x17, 0x14, 0xff, 0x1a, 0x17, 0x14, 0xff, 0x1a, 0x17, 0x14, 0xff, 0x1a, 0x17, 0x14, 0xff, 0x1a, 0x17, 0x14, 0xff, 0x1a, 0x17, 0x14, 0xff, 0x1a, 0x17, 0x14, 0xff, 0x53, 0x4e, 0x4a, 0xff, 
  0x1a, 0x17, 0x14, 0xff, 0x1a, 0x17, 0x14, 0xff, 0x1a, 0x17, 0x14, 0xff, 0x1a, 0x17, 0x14, 0xff, 0x1a, 0x17, 0x14, 0xff, 0x1a, 0x17, 0x14, 0xff, 0x1a, 0x17, 0x14, 0xff, 0x1a, 0x17, 0x14, 0xff, 0x1a, 0x17, 0x14, 0xff, 0x1a, 0x17, 0x14, 0xff, 0x1a, 0x17, 0x14, 0xff, 0x1a, 0x17, 0x14, 0xff, 0x1a, 0x17, 0x14, 0xff, 0x1a, 0x17, 0x14, 0xff, 0x1a, 0x17, 0x14, 0xff, 0x1a, 0x17, 0x14, 0xff, 0x1a, 0x17, 0x14, 0xff, 0x1a, 0x17, 0x14, 0xff, 0x1a, 0x17, 0x14, 0xff, 0x1a, 0x17, 0x14, 0xff, 0x1a, 0x17, 0x14, 0xff, 0x1a, 0x17, 0x14, 0xff, 0x1a, 0x17, 0x14, 0xff, 0x1a, 0x17, 0x14, 0xff, 
  0x75, 0x6e, 0x6a, 0xff, 0x26, 0x22, 0x1e, 0xff, 0x1a, 0x17, 0x14, 0xff, 0x1a, 0x17, 0x14, 0xff, 0x1a, 0x17, 0x14, 0xff, 0x1a, 0x17, 0x14, 0xff, 0x1a, 0x17, 0x14, 0xff, 0x1a, 0x17, 0x14, 0xff, 0x1a, 0x17, 0x14, 0xff, 0x1a, 0x17, 0x14, 0xff, 0x1a, 0x17, 0x14, 0xff, 0x1a, 0x17, 0x14, 0xff, 0x1a, 0x17, 0x14, 0xff, 0x1a, 0x17, 0x14, 0xff, 0x1a, 0x17, 0x14, 0xff, 0x1a, 0x17, 0x14, 0xff, 0x1a, 0x17, 0x14, 0xff, 0x1a, 0x17, 0x14, 0xff, 0x1a, 0x17, 0x14, 0xff, 0x1a, 0x17, 0x14, 0xff, 0x1a, 0x17, 0x14, 0xff, 0x1a, 0x17, 0x14, 0xff, 0x1a, 0x17, 0x14, 0xff, 0x1a, 0x17, 0x14, 0xff, 
  0x75, 0x6e, 0x6a, 0xff, 0x26, 0x22, 0x1e, 0xff, 0x1a, 0x17, 0x14, 0xff, 0x1a, 0x17, 0x14, 0xff, 0x1a, 0x17, 0x14, 0xff, 0x1a, 0x17, 0x14, 0xff, 0x1a, 0x17, 0x14, 0xff, 0x1a, 0x17, 0x14, 0xff, 0x1a, 0x17, 0x14, 0xff, 0x1a, 0x17, 0x14, 0xff, 0x1a, 0x17, 0x14, 0xff, 0x1a, 0x17, 0x14, 0xff, 0x1a, 0x17, 0x14, 0xff, 0x1a, 0x17, 0x14, 0xff, 0x1a, 0x17, 0x14, 0xff, 0x1a, 0x17, 0x14, 0xff, 0x1a, 0x17, 0x14, 0xff, 0x1a, 0x17, 0x14, 0xff, 0x1a, 0x17, 0x14, 0xff, 0x1a, 0x17, 0x14, 0xff, 0x1a, 0x17, 0x14, 0xff, 0x1a, 0x17, 0x14, 0xff, 0x26, 0x22, 0x1e, 0xff, 0x75, 0x6e, 0x6a, 0xff, 
  0x30, 0x2d, 0x2a, 0xff, 0x1a, 0x17, 0x14, 0xff, 0x1a, 0x17, 0x14, 0xff, 0x1a, 0x17, 0x14, 0xff, 0x1a, 0x17, 0x14, 0xff, 0x1a, 0x17, 0x14, 0xff, 0x1a, 0x17, 0x14, 0xff, 0x1a, 0x17, 0x14, 0xff, 0x1a, 0x17, 0x14, 0xff, 0x1a, 0x17, 0x14, 0xff, 0x1a, 0x17, 0x14, 0xff, 0x1a, 0x17, 0x14, 0xff, 0x1a, 0x17, 0x14, 0xff, 0x1a, 0x17, 0x14, 0xff, 0x1a, 0x17, 0x14, 0xff, 0x1a, 0x17, 0x14, 0xff, 0x1a, 0x17, 0x14, 0xff, 0x1a, 0x17, 0x14, 0xff, 0x1a, 0x17, 0x14, 0xff, 0x1a, 0x17, 0x14, 0xff, 0x1a, 0x17, 0x14, 0xff, 0x1a, 0x17, 0x14, 0xff, 0x26, 0x22, 0x1e, 0xff, 0x75, 0x6e, 0x6a, 0xff, 
  0x1a, 0x17, 0x14, 0xff, 0x1a, 0x17, 0x14, 0xff, 0x1a, 0x17, 0x14, 0xff, 0x1a, 0x17, 0x14, 0xff, 0x1a, 0x17, 0x14, 0xff, 0x1a, 0x17, 0x14, 0xff, 0x1a, 0x17, 0x14, 0xff, 0x1a, 0x17, 0x14, 0xff, 0x1a, 0x17, 0x14, 0xff, 0x1a, 0x17, 0x14, 0xff, 0x1a, 0x17, 0x14, 0xff, 0x1a, 0x17, 0x14, 0xff, 0x1a, 0x17, 0x14, 0xff, 0x1a, 0x17, 0x14, 0xff, 0x1a, 0x17, 0x14, 0xff, 0x1a, 0x17, 0x14, 0xff, 0x1a, 0x17, 0x14, 0xff, 0x1a, 0x17, 0x14, 0xff, 0x1a, 0x17, 0x14, 0xff, 0x1a, 0x17, 0x14, 0xff, 0x1a, 0x17, 0x14, 0xff, 0x1a, 0x17, 0x14, 0xff, 0x1a, 0x17, 0x14, 0xff, 0x30, 0x2d, 0x2a, 0xff, 
  0x3c, 0x37, 0x34, 0xff, 0x26, 0x22, 0x1e, 0xff, 0x1a, 0x17, 0x14, 0xff, 0x1a, 0x17, 0x14, 0xff, 0x1a, 0x17, 0x14, 0xff, 0x1a, 0x17, 0x14, 0xff, 0x1a, 0x17, 0x14, 0xff, 0x1a, 0x17, 0x14, 0xff, 0x1a, 0x17, 0x14, 0xff, 0x1a, 0x17, 0x14, 0xff, 0x1a, 0x17, 0x14, 0xff, 0x1a, 0x17, 0x14, 0xff, 0x1a, 0x17, 0x14, 0xff, 0x1a, 0x17, 0x14, 0xff, 0x1a, 0x17, 0x14, 0xff, 0x1a, 0x17, 0x14, 0xff, 0x1a, 0x17, 0x14, 0xff, 0x1a, 0x17, 0x14, 0xff, 0x1a, 0x17, 0x14, 0xff, 0x1a, 0x17, 0x14, 0xff, 0x1a, 0x17, 0x14, 0xff, 0x1a, 0x17, 0x14, 0xff, 0x1a, 0x17, 0x14, 0xff, 0x1a, 0x17, 0x14, 0xff, 
  0x75, 0x6e, 0x6a, 0xff, 0x26, 0x22, 0x1e, 0xff, 0x1a, 0x17, 0x14, 0xff, 0x1a, 0x17, 0x14, 0xff, 0x1a, 0x17, 0x14, 0xff, 0x1a, 0x17, 0x14, 0xff, 0x1a, 0x17, 0x14, 0xff, 0x1a, 0x17, 0x14, 0xff, 0x1a, 0x17, 0x14, 0xff, 0x1a, 0x17, 0x14, 0xff, 0x1a, 0x17, 0x14, 0xff, 0x1a, 0x17, 0x14, 0xff, 0x1a, 0x17, 0x14, 0xff, 0x1a, 0x17, 0x14, 0xff, 0x1a, 0x17, 0x14, 0xff, 0x1a, 0x17, 0x14, 0xff, 0x1a, 0x17, 0x14, 0xff, 0x1a, 0x17, 0x14, 0xff, 0x1a, 0x17, 0x14, 0xff, 0x1a, 0x17, 0x14, 0xff, 0x1a, 0x17, 0x14, 0xff, 0x1a, 0x17, 0x14, 0xff, 0x26, 0x22, 0x1e, 0xff, 0x3c, 0x37, 0x34, 0xff, 
  0x75, 0x6e, 0x6a, 0xff, 0x26, 0x22, 0x1e, 0xff, 0x1a, 0x17, 0x14, 0xff, 0x1a, 0x17, 0x14, 0xff, 0x1a, 0x17, 0x14, 0xff, 0x1a, 0x17, 0x14, 0xff, 0x1a, 0x17, 0x14, 0xff, 0x1a, 0x17, 0x14, 0xff, 0x1a, 0x17, 0x14, 0xff, 0x1a, 0x17, 0x14, 0xff, 0x1a, 0x17, 0x14, 0xff, 0x1a, 0x17, 0x14, 0xff, 0x1a, 0x17, 0x14, 0xff, 0x1a, 0x17, 0x14, 0xff, 0x1a, 0x17, 0x14, 0xff, 0x1a, 0x17, 0x14, 0xff, 0x1a, 0x17, 0x14, 0xff, 0x1a, 0x17, 0x14, 0xff, 0x1a, 0x17, 0x14, 0xff, 0x1a, 0x17, 0x14, 0xff, 0x1a, 0x17, 0x14, 0xff, 0x1a, 0x17, 0x14, 0xff, 0x26, 0x22, 0x1e, 0xff, 0x75, 0x6e, 0x6a, 0xff, 
  0x1a, 0x17, 0x14, 0xff, 0x1a, 0x17, 0x14, 0xff, 0x1a, 0x17, 0x14, 0xff, 0x1a, 0x17, 0x14, 0xff, 0x1a, 0x17, 0x14, 0xff, 0x1a, 0x17, 0x14, 0xff, 0x1a, 0x17, 0x14, 0xff, 0x1a, 0x17, 0x14, 0xff, 0x1a, 0x17, 0x14, 0xff, 0x1a, 0x17, 0x14, 0xff, 0x1a, 0x17, 0x14, 0xff, 0x1a, 0x17, 0x14, 0xff, 0x1a, 0x17, 0x14, 0xff, 0x1a, 0x17, 0x14, 0xff, 0x1a, 0x17, 0x14, 0xff, 0x1a, 0x17, 0x14, 0xff, 0x1a, 0x17, 0x14, 0xff, 0x1a, 0x17, 0x14, 0xff, 0x1a, 0x17, 0x14, 0xff, 0x1a, 0x17, 0x14, 0xff, 0x1a, 0x17, 0x14, 0xff, 0x1a, 0x17, 0x14, 0xff, 0x26, 0x22, 0x1e, 0xff, 0x69, 0x63, 0x60, 0xff, 
  0x1a, 0x17, 0x14, 0xff, 0x1a, 0x17, 0x14, 0xff, 0x1a, 0x17, 0x14, 0xff, 0x1a, 0x17, 0x14, 0xff, 0x1a, 0x17, 0x14, 0xff, 0x1a, 0x17, 0x14, 0xff, 0x1a, 0x17, 0x14, 0xff, 0x1a, 0x17, 0x14, 0xff, 0x1a, 0x17, 0x14, 0xff, 0x1a, 0x17, 0x14, 0xff, 0x1a, 0x17, 0x14, 0xff, 0x1a, 0x17, 0x14, 0xff, 0x1a, 0x17, 0x14, 0xff, 0x1a, 0x17, 0x14, 0xff, 0x1a, 0x17, 0x14, 0xff, 0x1a, 0x17, 0x14, 0xff, 0x1a, 0x17, 0x14, 0xff, 0x1a, 0x17, 0x14, 0xff, 0x1a, 0x17, 0x14, 0xff, 0x1a, 0x17, 0x14, 0xff, 0x1a, 0x17, 0x14, 0xff, 0x1a, 0x17, 0x14, 0xff, 0x1a, 0x17, 0x14, 0xff, 0x1a, 0x17, 0x14, 0xff, 
  0x5f, 0x58, 0x54, 0xff, 0x26, 0x22, 0x1e, 0xff, 0x1a, 0x17, 0x14, 0xff, 0x1a, 0x17, 0x14, 0xff, 0x1a, 0x17, 0x14, 0xff, 0x1a, 0x17, 0x14, 0xff, 0x1a, 0x17, 0x14, 0xff, 0x1a, 0x17, 0x14, 0xff, 0x1a, 0x17, 0x14, 0xff, 0x1a, 0x17, 0x14, 0xff, 0x1a, 0x17, 0x14, 0xff, 0x1a, 0x17, 0x14, 0xff, 0x1a, 0x17, 0x14, 0xff, 0x1a, 0x17, 0x14, 0xff, 0x1a, 0x17, 0x14, 0xff, 0x1a, 0x17, 0x14, 0xff, 0x1a, 0x17, 0x14, 0xff, 0x1a, 0x17, 0x14, 0xff, 0x1a, 0x17, 0x14, 0xff, 0x1a, 0x17, 0x14, 0xff, 0x1a, 0x17, 0x14, 0xff, 0x1a, 0x17, 0x14, 0xff, 0x1a, 0x17, 0x14, 0xff, 0x1a, 0x17, 0x14, 0xff, 
  0x75, 0x6e, 0x6a, 0xff, 0x26, 0x22, 0x1e, 0xff, 0x1a, 0x17, 0x14, 0xff, 0x1a, 0x17, 0x14, 0xff, 0x1a, 0x17, 0x14, 0xff, 0x1a, 0x17, 0x14, 0xff, 0x1a, 0x17, 0x14, 0xff, 0x1a, 0x17, 0x14, 0xff, 0x1a, 0x17, 0x14, 0xff, 0x1a, 0x17, 0x14, 0xff, 0x1a, 0x17, 0x14, 0xff, 0x1a, 0x17, 0x14, 0xff, 0x1a, 0x17, 0x14, 0xff, 0x1a, 0x17, 0x14, 0xff, 0x1a, 0x17, 0x14, 0xff, 0x1a, 0x17, 0x14, 0xff, 0x1a, 0x17, 0x14, 0xff, 0x1a, 0x17, 0x14, 0xff, 0x1a, 0x17, 0x14, 0xff, 0x1a, 0x17, 0x14, 0xff, 0x1a, 0x17, 0x14, 0xff, 0x1a, 0x17, 0x14, 0xff, 0x26, 0x22, 0x1e, 0xff, 0x5f, 0x58, 0x54, 0xff, 
  0x53, 0x4e, 0x4a, 0xff, 0x1a, 0x17, 0x14, 0xff, 0x1a, 0x17, 0x14, 0xff, 0x1a, 0x17, 0x14, 0xff, 0x1a, 0x17, 0x14, 0xff, 0x1a, 0x17, 0x14, 0xff, 0x1a, 0x17, 0x14, 0xff, 0x1a, 0x17, 0x14, 0xff, 0x1a, 0x17, 0x14, 0xff, 0x1a, 0x17, 0x14, 0xff, 0x1a, 0x17, 0x14, 0xff, 0x1a, 0x17, 0x14, 0xff, 0x1a, 0x17, 0x14, 0xff, 0x1a, 0x17, 0x14, 0xff, 0x1a, 0x17, 0x14, 0xff, 0x1a, 0x17, 0x14, 0xff, 0x1a, 0x17, 0x14, 0xff, 0x1a, 0x17, 0x14, 0xff, 0x1a, 0x17, 0x14, 0xff, 0x1a, 0x17, 0x14, 0xff, 0x1a, 0x17, 0x14, 0xff, 0x1a, 0x17, 0x14, 0xff, 0x26, 0x22, 0x1e, 0xff, 0x75, 0x6e, 0x6a, 0xff, 
  0x1a, 0x17, 0x14, 0xff, 0x1a, 0x17, 0x14, 0xff, 0x1a, 0x17, 0x14, 0xff, 0x1a, 0x17, 0x14, 0xff, 0x1a, 0x17, 0x14, 0xff, 0x1a, 0x17, 0x14, 0xff, 0x1a, 0x17, 0x14, 0xff, 0x1a, 0x17, 0x14, 0xff, 0x1a, 0x17, 0x14, 0xff, 0x1a, 0x17, 0x14, 0xff, 0x1a, 0x17, 0x14, 0xff, 0x1a, 0x17, 0x14, 0xff, 0x1a, 0x17, 0x14, 0xff, 0x1a, 0x17, 0x14, 0xff, 0x1a, 0x17, 0x14, 0xff, 0x1a, 0x17, 0x14, 0xff, 0x1a, 0x17, 0x14, 0xff, 0x1a, 0x17, 0x14, 0xff, 0x1a, 0x17, 0x14, 0xff, 0x1a, 0x17, 0x14, 0xff, 0x1a, 0x17, 0x14, 0xff, 0x1a, 0x17, 0x14, 0xff, 0x1a, 0x17, 0x14, 0xff, 0x47, 0x43, 0x3f, 0xff, 
  0x26, 0x22, 0x1e, 0xff, 0x26, 0x22, 0x1e, 0xff, 0x1a, 0x17, 0x14, 0xff, 0x1a, 0x17, 0x14, 0xff, 0x1a, 0x17, 0x14, 0xff, 0x1a, 0x17, 0x14, 0xff, 0x1a, 0x17, 0x14, 0xff, 0x1a, 0x17, 0x14, 0xff, 0x1a, 0x17, 0x14, 0xff, 0x1a, 0x17, 0x14, 0xff, 0x1a, 0x17, 0x14, 0xff, 0x1a, 0x17, 0x14, 0xff, 0x1a, 0x17, 0x14, 0xff, 0x1a, 0x17, 0x14, 0xff, 0x1a, 0x17, 0x14, 0xff, 0x1a, 0x17, 0x14, 0xff, 0x1a, 0x17, 0x14, 0xff, 0x1a, 0x17, 0x14, 0xff, 0x1a, 0x17, 0x14, 0xff, 0x1a, 0x17, 0x14, 0xff, 0x1a, 0x17, 0x14, 0xff, 0x1a, 0x17, 0x14, 0xff, 0x1a, 0x17, 0x14, 0xff, 0x1a, 0x17, 0x14, 0xff, 
  0x75, 0x6e, 0x6a, 0xff, 0x26, 0x22, 0x1e, 0xff, 0x1a, 0x17, 0x14, 0xff, 0x1a, 0x17, 0x14, 0xff, 0x1a, 0x17, 0x14, 0xff, 0x1a, 0x17, 0x14, 0xff, 0x1a, 0x17, 0x14, 0xff, 0x1a, 0x17, 0x14, 0xff, 0x1a, 0x17, 0x14, 0xff, 0x1a, 0x17, 0x14, 0xff, 0x1a, 0x17, 0x14, 0xff, 0x1a, 0x17, 0x14, 0xff, 0x1a, 0x17, 0x14, 0xff, 0x1a, 0x17, 0x14, 0xff, 0x1a, 0x17, 0x14, 0xff, 0x1a, 0x17, 0x14, 0xff, 0x1a, 0x17, 0x14, 0xff, 0x1a, 0x17, 0x14, 0xff, 0x1a, 0x17, 0x14, 0xff, 0x1a, 0x17, 0x14, 0xff, 0x1a, 0x17, 0x14, 0xff, 0x1a, 0x17, 0x14, 0xff, 0x1a, 0x17, 0x14, 0xff, 0x26, 0x22, 0x1e, 0xff, 
  0x75, 0x6e, 0x6a, 0xff, 0x26, 0x22, 0x1e, 0xff, 0x1a, 0x17, 0x14, 0xff, 0x1a, 0x17, 0x14, 0xff, 0x1a, 0x17, 0x14, 0xff, 0x1a, 0x17, 0x14, 0xff, 0x1a, 0x17, 0x14, 0xff, 0x1a, 0x17, 0x14, 0xff, 0x1a, 0x17, 0x14, 0xff, 0x1a, 0x17, 0x14, 0xff, 0x1a, 0x17, 0x14, 0xff, 0x1a, 0x17, 0x14, 0xff, 0x1a, 0x17, 0x14, 0xff, 0x1a, 0x17, 0x14, 0xff, 0x1a, 0x17, 0x14, 0xff, 0x1a, 0x17, 0x14, 0xff, 0x1a, 0x17, 0x14, 0xff, 0x1a, 0x17, 0x14, 0xff, 0x1a, 0x17, 0x14, 0xff, 0x1a, 0x17, 0x14, 0xff, 0x1a, 0x17, 0x14, 0xff, 0x1a, 0x17, 0x14, 0xff, 0x26, 0x22, 0x1e, 0xff, 0x75, 0x6e, 0x6a, 0xff, 
  0x30, 0x2d, 0x2a, 0xff, 0x1a, 0x17, 0x14, 0xff, 0x1a, 0x17, 0x14, 0xff, 0x1a, 0x17, 0x14, 0xff, 0x1a, 0x17, 0x14, 0xff, 0x1a, 0x17, 0x14, 0xff, 0x1a, 0x17, 0x14, 0xff, 0x1a, 0x17, 0x14, 0xff, 0x1a, 0x17, 0x14, 0xff, 0x1a, 0x17, 0x14, 0xff, 0x1a, 0x17, 0x14, 0xff, 0x1a, 0x17, 0x14, 0xff, 0x1a, 0x17, 0x14, 0xff, 0x1a, 0x17, 0x14, 0xff, 0x1a, 0x17, 0x14, 0xff, 0x1a, 0x17, 0x14, 0xff, 0x1a, 0x17, 0x14, 0xff, 0x1a, 0x17, 0x14, 0xff, 0x1a, 0x17, 0x14, 0xff, 0x1a, 0x17, 0x14, 0xff, 0x1a, 0x17, 0x14, 0xff, 0x1a, 0x17, 0x14, 0xff, 0x26, 0x22, 0x1e, 0xff, 0x75, 0x6e, 0x6a, 0xff, 
  0x1a, 0x17, 0x14, 0xff, 0x1a, 0x17, 0x14, 0xff, 0x1a, 0x17, 0x14, 0xff, 0x1a, 0x17, 0x14, 0xff, 0x1a, 0x17, 0x14, 0xff, 0x1a, 0x17, 0x14, 0xff, 0x1a, 0x17, 0x14, 0xff, 0x1a, 0x17, 0x14, 0xff, 0x1a, 0x17, 0x14, 0xff, 0x1a, 0x17, 0x14, 0xff, 0x1a, 0x17, 0x14, 0xff, 0x1a, 0x17, 0x14, 0xff, 0x1a, 0x17, 0x14, 0xff, 0x1a, 0x17, 0x14, 0xff, 0x1a, 0x17, 0x14, 0xff, 0x1a, 0x17, 0x14, 0xff, 0x1a, 0x17, 0x14, 0xff, 0x1a, 0x17, 0x14, 0xff, 0x1a, 0x17, 0x14, 0xff, 0x1a, 0x17, 0x14, 0xff, 0x1a, 0x17, 0x14, 0xff, 0x1a, 0x17, 0x14, 0xff, 0x1a, 0x17, 0x14, 0xff, 0x30, 0x2d, 0x2a, 0xff, 
  0x47, 0x43, 0x3f, 0xff, 0x26, 0x22, 0x1e, 0xff, 0x1a, 0x17, 0x14, 0xff, 0x1a, 0x17, 0x14, 0xff, 0x1a, 0x17, 0x14, 0xff, 0x1a, 0x17, 0x14, 0xff, 0x1a, 0x17, 0x14, 0xff, 0x1a, 0x17, 0x14, 0xff, 0x1a, 0x17, 0x14, 0xff, 0x1a, 0x17, 0x14, 0xff, 0x1a, 0x17, 0x14, 0xff, 0x1a, 0x17, 0x14, 0xff, 0x1a, 0x17, 0x14, 0xff, 0x1a, 0x17, 0x14, 0xff, 0x1a, 0x17, 0x14, 0xff, 0x1a, 0x17, 0x14, 0xff, 0x1a, 0x17, 0x14, 0xff, 0x1a, 0x17, 0x14, 0xff, 0x1a, 0x17, 0x14, 0xff, 0x1a, 0x17, 0x14, 0xff, 0x1a, 0x17, 0x14, 0xff, 0x1a, 0x17, 0x14, 0xff, 0x1a, 0x17, 0x14, 0xff, 0x1a, 0x17, 0x14, 0xff, 
  0x75, 0x6e, 0x6a, 0xff, 0x26, 0x22, 0x1e, 0xff, 0x1a, 0x17, 0x14, 0xff, 0x1a, 0x17, 0x14, 0xff, 0x1a, 0x17, 0x14, 0xff, 0x1a, 0x17, 0x14, 0xff, 0x1a, 0x17, 0x14, 0xff, 0x1a, 0x17, 0x14, 0xff, 0x1a, 0x17, 0x14, 0xff, 0x1a, 0x17, 0x14, 0xff, 0x1a, 0x17, 0x14, 0xff, 0x1a, 0x17, 0x14, 0xff, 0x1a, 0x17, 0x14, 0xff, 0x1a, 0x17, 0x14, 0xff, 0x1a, 0x17, 0x14, 0xff, 0x1a, 0x17, 0x14, 0xff, 0x1a, 0x17, 0x14, 0xff, 0x1a, 0x17, 0x14, 0xff, 0x1a, 0x17, 0x14, 0xff, 0x1a, 0x17, 0x14, 0xff, 0x1a, 0x17, 0x14, 0xff, 0x1a, 0x17, 0x14, 0xff, 0x26, 0x22, 0x1e, 0xff, 0x47, 0x43, 0x3f, 0xff, 
  0x69, 0x63, 0x60, 0xff, 0x1a, 0x17, 0x14, 0xff, 0x1a, 0x17, 0x14, 0xff, 0x1a, 0x17, 0x14, 0xff, 0x1a, 0x17, 0x14, 0xff, 0x1a, 0x17, 0x14, 0xff, 0x1a, 0x17, 0x14, 0xff, 0x1a, 0x17, 0x14, 0xff, 0x1a, 0x17, 0x14, 0xff, 0x1a, 0x17, 0x14, 0xff, 0x1a, 0x17, 0x14, 0xff, 0x1a, 0x17, 0x14, 0xff, 0x1a, 0x17, 0x14, 0xff, 0x1a, 0x17, 0x14, 0xff, 0x1a, 0x17, 0x14, 0xff, 0x1a, 0x17, 0x14, 0xff, 0x1a, 0x17, 0x14, 0xff, 0x1a, 0x17, 0x14, 0xff, 0x1a, 0x17, 0x14, 0xff, 0x1a, 0x17, 0x14, 0xff, 0x1a, 0x17, 0x14, 0xff, 0x1a, 0x17, 0x14, 0xff, 0x26, 0x22, 0x1e, 0xff, 0x75, 0x6e, 0x6a, 0xff, 
  0x1a, 0x17, 0x14, 0xff, 0x1a, 0x17, 0x14, 0xff, 0x1a, 0x17, 0x14, 0xff, 0x1a, 0x17, 0x14, 0xff, 0x1a, 0x17, 0x14, 0xff, 0x1a, 0x17, 0x14, 0xff, 0x1a, 0x17, 0x14, 0xff, 0x1a, 0x17, 0x14, 0xff, 0x1a, 0x17, 0x14, 0xff, 0x1a, 0x17, 0x14, 0xff, 0x1a, 0x17, 0x14, 0xff, 0x1a, 0x17, 0x14, 0xff, 0x1a, 0x17, 0x14, 0xff, 0x1a, 0x17, 0x14, 0xff, 0x1a, 0x17, 0x14, 0xff, 0x1a, 0x17, 0x14, 0xff, 0x1a, 0x17, 0x14, 0xff, 0x1a, 0x17, 0x14, 0xff, 0x1a, 0x17, 0x14, 0xff, 0x1a, 0x17, 0x14, 0xff, 0x1a, 0x17, 0x14, 0xff, 0x1a, 0x17, 0x14, 0xff, 0x26, 0x22, 0x1e, 0xff, 0x69, 0x63, 0x60, 0xff, 
  0x1a, 0x17, 0x14, 0xff, 0x1a, 0x17, 0x14, 0xff, 0x1a, 0x17, 0x14, 0xff, 0x1a, 0x17, 0x14, 0xff, 0x1a, 0x17, 0x14, 0xff, 0x1a, 0x17, 0x14, 0xff, 0x1a, 0x17, 0x14, 0xff, 0x1a, 0x17, 0x14, 0xff, 0x1a, 0x17, 0x14, 0xff, 0x1a, 0x17, 0x14, 0xff, 0x1a, 0x17, 0x14, 0xff, 0x1a, 0x17, 0x14, 0xff, 0x1a, 0x17, 0x14, 0xff, 0x1a, 0x17, 0x14, 0xff, 0x1a, 0x17, 0x14, 0xff, 0x1a, 0x17, 0x14, 0xff, 0x1a, 0x17, 0x14, 0xff, 0x1a, 0x17, 0x14, 0xff, 0x1a, 0x17, 0x14, 0xff, 0x1a, 0x17, 0x14, 0xff, 0x1a, 0x17, 0x14, 0xff, 0x1a, 0x17, 0x14, 0xff, 0x1a, 0x17, 0x14, 0xff, 0x1a, 0x17, 0x14, 0xff, 
  0x69, 0x63, 0x60, 0xff, 0x26, 0x22, 0x1e, 0xff, 0x1a, 0x17, 0x14, 0xff, 0x1a, 0x17, 0x14, 0xff, 0x1a, 0x17, 0x14, 0xff, 0x1a, 0x17, 0x14, 0xff, 0x1a, 0x17, 0x14, 0xff, 0x1a, 0x17, 0x14, 0xff, 0x1a, 0x17, 0x14, 0xff, 0x1a, 0x17, 0x14, 0xff, 0x1a, 0x17, 0x14, 0xff, 0x1a, 0x17, 0x14, 0xff, 0x1a, 0x17, 0x14, 0xff, 0x1a, 0x17, 0x14, 0xff, 0x1a, 0x17, 0x14, 0xff, 0x1a, 0x17, 0x14, 0xff, 0x1a, 0x17, 0x14, 0xff, 0x1a, 0x17, 0x14, 0xff, 0x1a, 0x17, 0x14, 0xff, 0x1a, 0x17, 0x14, 0xff, 0x1a, 0x17, 0x14, 0xff, 0x1a, 0x17, 0x14, 0xff, 0x1a, 0x17, 0x14, 0xff, 0x1a, 0x17, 0x14, 0xff, 
  0x75, 0x6e, 0x6a, 0xff, 0x26, 0x22, 0x1e, 0xff, 0x1a, 0x17, 0x14, 0xff, 0x1a, 0x17, 0x14, 0xff, 0x1a, 0x17, 0x14, 0xff, 0x1a, 0x17, 0x14, 0xff, 0x1a, 0x17, 0x14, 0xff, 0x1a, 0x17, 0x14, 0xff, 0x1a, 0x17, 0x14, 0xff, 0x1a, 0x17, 0x14, 0xff, 0x1a, 0x17, 0x14, 0xff, 0x1a, 0x17, 0x14, 0xff, 0x1a, 0x17, 0x14, 0xff, 0x1a, 0x17, 0x14, 0xff, 0x1a, 0x17, 0x14, 0xff, 0x1a, 0x17, 0x14, 0xff, 0x1a, 0x17, 0x14, 0xff, 0x1a, 0x17, 0x14, 0xff, 0x1a, 0x17, 0x14, 0xff, 0x1a, 0x17, 0x14, 0xff, 0x1a, 0x17, 0x14, 0xff, 0x1a, 0x17, 0x14, 0xff, 0x26, 0x22, 0x1e, 0xff, 0x69, 0x63, 0x60, 0xff, 
  0x47, 0x43, 0x3f, 0xff, 0x1a, 0x17, 0x14, 0xff, 0x1a, 0x17, 0x14, 0xff, 0x1a, 0x17, 0x14, 0xff, 0x1a, 0x17, 0x14, 0xff, 0x1a, 0x17, 0x14, 0xff, 0x1a, 0x17, 0x14, 0xff, 0x1a, 0x17, 0x14, 0xff, 0x1a, 0x17, 0x14, 0xff, 0x1a, 0x17, 0x14, 0xff, 0x1a, 0x17, 0x14, 0xff, 0x1a, 0x17, 0x14, 0xff, 0x1a, 0x17, 0x14, 0xff, 0x1a, 0x17, 0x14, 0xff, 0x1a, 0x17, 0x14, 0xff, 0x1a, 0x17, 0x14, 0xff, 0x1a, 0x17, 0x14, 0xff, 0x1a, 0x17, 0x14, 0xff, 0x1a, 0x17, 0x14, 0xff, 0x1a, 0x17, 0x14, 0xff, 0x1a, 0x17, 0x14, 0xff, 0x1a, 0x17, 0x14, 0xff, 0x26, 0x22, 0x1e, 0xff, 0x75, 0x6e, 0x6a, 0xff, 
  0x1a, 0x17, 0x14, 0xff, 0x1a, 0x17, 0x14, 0xff, 0x1a, 0x17, 0x14, 0xff, 0x1a, 0x17, 0x14, 0xff, 0x1a, 0x17, 0x14, 0xff, 0x1a, 0x17, 0x14, 0xff, 0x1a, 0x17, 0x14, 0xff, 0x1a, 0x17, 0x14, 0xff, 0x1a, 0x17, 0x14, 0xff, 0x1a, 0x17, 0x14, 0xff, 0x1a, 0x17, 0x14, 0xff, 0x1a, 0x17, 0x14, 0xff, 0x1a, 0x17, 0x14, 0xff, 0x1a, 0x17, 0x14, 0xff, 0x1a, 0x17, 0x14, 0xff, 0x1a, 0x17, 0x14, 0xff, 0x1a, 0x17, 0x14, 0xff, 0x1a, 0x17, 0x14, 0xff, 0x1a, 0x17, 0x14, 0xff, 0x1a, 0x17, 0x14, 0xff, 0x1a, 0x17, 0x14, 0xff, 0x1a, 0x17, 0x14, 0xff, 0x1a, 0x17, 0x14, 0xff, 0x47, 0x43, 0x3f, 0xff, 
  0x26, 0x22, 0x1e, 0xff, 0x26, 0x22, 0x1e, 0xff, 0x1a, 0x17, 0x14, 0xff, 0x1a, 0x17, 0x14, 0xff, 0x1a, 0x17, 0x14, 0xff, 0x1a, 0x17, 0x14, 0xff, 0x1a, 0x17, 0x14, 0xff, 0x1a, 0x17, 0x14, 0xff, 0x1a, 0x17, 0x14, 0xff, 0x1a, 0x17, 0x14, 0xff, 0x1a, 0x17, 0x14, 0xff, 0x1a, 0x17, 0x14, 0xff, 0x1a, 0x17, 0x14, 0xff, 0x1a, 0x17, 0x14, 0xff, 0x1a, 0x17, 0x14, 0xff, 0x1a, 0x17, 0x14, 0xff, 0x1a, 0x17, 0x14, 0xff, 0x1a, 0x17, 0x14, 0xff, 0x1a, 0x17, 0x14, 0xff, 0x1a, 0x17, 0x14, 0xff, 0x1a, 0x17, 0x14, 0xff, 0x1a, 0x17, 0x14, 0xff, 0x1a, 0x17, 0x14, 0xff, 0x1a, 0x17, 0x14, 0xff, 
  0x75, 0x6e, 0x6a, 0xff, 0x26, 0x22, 0x1e, 0xff, 0x1a, 0x17, 0x14, 0xff, 0x1a, 0x17, 0x14, 0xff, 0x1a, 0x17, 0x14, 0xff, 0x1a, 0x17, 0x14, 0xff, 0x1a, 0x17, 0x14, 0xff, 0x1a, 0x17, 0x14, 0xff, 0x1a, 0x17, 0x14, 0xff, 0x1a, 0x17, 0x14, 0xff, 0x1a, 0x17, 0x14, 0xff, 0x1a, 0x17, 0x14, 0xff, 0x1a, 0x17, 0x14, 0xff, 0x1a, 0x17, 0x14, 0xff, 0x1a, 0x17, 0x14, 0xff, 0x1a, 0x17, 0x14, 0xff, 0x1a, 0x17, 0x14, 0xff, 0x1a, 0x17, 0x14, 0xff, 0x1a, 0x17, 0x14, 0xff, 0x1a, 0x17, 0x14, 0xff, 0x1a, 0x17, 0x14, 0xff, 0x1a, 0x17, 0x14, 0xff, 0x1a, 0x17, 0x14, 0xff, 0x30, 0x2d, 0x2a, 0xff, 
  0x75, 0x6e, 0x6a, 0xff, 0x26, 0x22, 0x1e, 0xff, 0x1a, 0x17, 0x14, 0xff, 0x1a, 0x17, 0x14, 0xff, 0x1a, 0x17, 0x14, 0xff, 0x1a, 0x17, 0x14, 0xff, 0x1a, 0x17, 0x14, 0xff, 0x1a, 0x17, 0x14, 0xff, 0x1a, 0x17, 0x14, 0xff, 0x1a, 0x17, 0x14, 0xff, 0x1a, 0x17, 0x14, 0xff, 0x1a, 0x17, 0x14, 0xff, 0x1a, 0x17, 0x14, 0xff, 0x1a, 0x17, 0x14, 0xff, 0x1a, 0x17, 0x14, 0xff, 0x1a, 0x17, 0x14, 0xff, 0x1a, 0x17, 0x14, 0xff, 0x1a, 0x17, 0x14, 0xff, 0x1a, 0x17, 0x14, 0xff, 0x1a, 0x17, 0x14, 0xff, 0x1a, 0x17, 0x14, 0xff, 0x1a, 0x17, 0x14, 0xff, 0x26, 0x22, 0x1e, 0xff, 0x75, 0x6e, 0x6a, 0xff, 
  0x26, 0x22, 0x1e, 0xff, 0x1a, 0x17, 0x14, 0xff, 0x1a, 0x17, 0x14, 0xff, 0x1a, 0x17, 0x14, 0xff, 0x1a, 0x17, 0x14, 0xff, 0x1a, 0x17, 0x14, 0xff, 0x1a, 0x17, 0x14, 0xff, 0x1a, 0x17, 0x14, 0xff, 0x1a, 0x17, 0x14, 0xff, 0x1a, 0x17, 0x14, 0xff, 0x1a, 0x17, 0x14, 0xff, 0x1a, 0x17, 0x14, 0xff, 0x1a, 0x17, 0x14, 0xff, 0x1a, 0x17, 0x14, 0xff, 0x1a, 0x17, 0x14, 0xff, 0x1a, 0x17, 0x14, 0xff, 0x1a, 0x17, 0x14, 0xff, 0x1a, 0x17, 0x14, 0xff, 0x1a, 0x17, 0x14, 0xff, 0x1a, 0x17, 0x14, 0xff, 0x1a, 0x17, 0x14, 0xff, 0x1a, 0x17, 0x14, 0xff, 0x26, 0x22, 0x1e, 0xff, 0x75, 0x6e, 0x6a, 0xff, 
  0x1a, 0x17, 0x14, 0xff, 0x1a, 0x17, 0x14, 0xff, 0x1a, 0x17, 0x14, 0xff, 0x1a, 0x17, 0x14, 0xff, 0x1a, 0x17, 0x14, 0xff, 0x1a, 0x17, 0x14, 0xff, 0x1a, 0x17, 0x14, 0xff, 0x1a, 0x17, 0x14, 0xff, 0x1a, 0x17, 0x14, 0xff, 0x1a, 0x17, 0x14, 0xff, 0x1a, 0x17, 0x14, 0xff, 0x1a, 0x17, 0x14, 0xff, 0x1a, 0x17, 0x14, 0xff, 0x1a, 0x17, 0x14, 0xff, 0x1a, 0x17, 0x14, 0xff, 0x1a, 0x17, 0x14, 0xff, 0x1a, 0x17, 0x14, 0xff, 0x1a, 0x17, 0x14, 0xff, 0x1a, 0x17, 0x14, 0xff, 0x1a, 0x17, 0x14, 0xff, 0x1a, 0x17, 0x14, 0xff, 0x1a, 0x17, 0x14, 0xff, 0x1a, 0x17, 0x14, 0xff, 0x26, 0x22, 0x1e, 0xff, 
  0x47, 0x43, 0x3f, 0xff, 0x26, 0x22, 0x1e, 0xff, 0x1a, 0x17, 0x14, 0xff, 0x1a, 0x17, 0x14, 0xff, 0x1a, 0x17, 0x14, 0xff, 0x1a, 0x17, 0x14, 0xff, 0x1a, 0x17, 0x14, 0xff, 0x1a, 0x17, 0x14, 0xff, 0x1a, 0x17, 0x14, 0xff, 0x1a, 0x17, 0x14, 0xff, 0x1a, 0x17, 0x14, 0xff, 0x1a, 0x17, 0x14, 0xff, 0x1a, 0x17, 0x14, 0xff, 0x1a, 0x17, 0x14, 0xff, 0x1a, 0x17, 0x14, 0xff, 0x1a, 0x17, 0x14, 0xff, 0x1a, 0x17, 0x14, 0xff, 0x1a, 0x17, 0x14, 0xff, 0x1a, 0x17, 0x14, 0xff, 0x1a, 0x17, 0x14, 0xff, 0x1a, 0x17, 0x14, 0xff, 0x1a, 0x17, 0x14, 0xff, 0x1a, 0x17, 0x14, 0xff, 0x1a, 0x17, 0x14, 0xff, 
  0x75, 0x6e, 0x6a, 0xff, 0x26, 0x22, 0x1e, 0xff, 0x1a, 0x17, 0x14, 0xff, 0x1a, 0x17, 0x14, 0xff, 0x1a, 0x17, 0x14, 0xff, 0x1a, 0x17, 0x14, 0xff, 0x1a, 0x17, 0x14, 0xff, 0x1a, 0x17, 0x14, 0xff, 0x1a, 0x17, 0x14, 0xff, 0x1a, 0x17, 0x14, 0xff, 0x1a, 0x17, 0x14, 0xff, 0x1a, 0x17, 0x14, 0xff, 0x1a, 0x17, 0x14, 0xff, 0x1a, 0x17, 0x14, 0xff, 0x1a, 0x17, 0x14, 0xff, 0x1a, 0x17, 0x14, 0xff, 0x1a, 0x17, 0x14, 0xff, 0x1a, 0x17, 0x14, 0xff, 0x1a, 0x17, 0x14, 0xff, 0x1a, 0x17, 0x14, 0xff, 0x1a, 0x17, 0x14, 0xff, 0x1a, 0x17, 0x14, 0xff, 0x26, 0x22, 0x1e, 0xff, 0x47, 0x43, 0x3f, 0xff, 
  0x5f, 0x58, 0x54, 0xff, 0x1a, 0x17, 0x14, 0xff, 0x1a, 0x17, 0x14, 0xff, 0x1a, 0x17, 0x14, 0xff, 0x1a, 0x17, 0x14, 0xff, 0x1a, 0x17, 0x14, 0xff, 0x1a, 0x17, 0x14, 0xff, 0x1a, 0x17, 0x14, 0xff, 0x1a, 0x17, 0x14, 0xff, 0x1a, 0x17, 0x14, 0xff, 0x1a, 0x17, 0x14, 0xff, 0x1a, 0x17, 0x14, 0xff, 0x1a, 0x17, 0x14, 0xff, 0x1a, 0x17, 0x14, 0xff, 0x1a, 0x17, 0x14, 0xff, 0x1a, 0x17, 0x14, 0xff, 0x1a, 0x17, 0x14, 0xff, 0x1a, 0x17, 0x14, 0xff, 0x1a, 0x17, 0x14, 0xff, 0x1a, 0x17, 0x14, 0xff, 0x1a, 0x17, 0x14, 0xff, 0x1a, 0x17, 0x14, 0xff, 0x26, 0x22, 0x1e, 0xff, 0x75, 0x6e, 0x6a, 0xff, 
  0x1a, 0x17, 0x14, 0xff, 0x1a, 0x17, 0x14, 0xff, 0x1a, 0x17, 0x14, 0xff, 0x1a, 0x17, 0x14, 0xff, 0x1a, 0x17, 0x14, 0xff, 0x1a, 0x17, 0x14, 0xff, 0x1a, 0x17, 0x14, 0xff, 0x1a, 0x17, 0x14, 0xff, 0x1a, 0x17, 0x14, 0xff, 0x1a, 0x17, 0x14, 0xff, 0x1a, 0x17, 0x14, 0xff, 0x1a, 0x17, 0x14, 0xff, 0x1a, 0x17, 0x14, 0xff, 0x1a, 0x17, 0x14, 0xff, 0x1a, 0x17, 0x14, 0xff, 0x1a, 0x17, 0x14, 0xff, 0x1a, 0x17, 0x14, 0xff, 0x1a, 0x17, 0x14, 0xff, 0x1a, 0x17, 0x14, 0xff, 0x1a, 0x17, 0x14, 0xff, 0x1a, 0x17, 0x14, 0xff, 0x1a, 0x17, 0x14, 0xff, 0x26, 0x22, 0x1e, 0xff, 0x5f, 0x58, 0x54, 0xff, 
  0x1a, 0x17, 0x14, 0xff, 0x1a, 0x17, 0x14, 0xff, 0x1a, 0x17, 0x14, 0xff, 0x1a, 0x17, 0x14, 0xff, 0x1a, 0x17, 0x14, 0xff, 0x1a, 0x17, 0x14, 0xff, 0x1a, 0x17, 0x14, 0xff, 0x1a, 0x17, 0x14, 0xff, 0x1a, 0x17, 0x14, 0xff, 0x1a, 0x17, 0x14, 0xff, 0x1a, 0x17, 0x14, 0xff, 0x1a, 0x17, 0x14, 0xff, 0x1a, 0x17, 0x14, 0xff, 0x1a, 0x17, 0x14, 0xff, 0x1a, 0x17, 0x14, 0xff, 0x1a, 0x17, 0x14, 0xff, 0x1a, 0x17, 0x14, 0xff, 0x1a, 0x17, 0x14, 0xff, 0x1a, 0x17, 0x14, 0xff, 0x1a, 0x17, 0x14, 0xff, 0x1a, 0x17, 0x14, 0xff, 0x1a, 0x17, 0x14, 0xff, 0x1a, 0x17, 0x14, 0xff, 0x1a, 0x17, 0x14, 0xff, 
  0x69, 0x63, 0x60, 0xff, 0x26, 0x22, 0x1e, 0xff, 0x1a, 0x17, 0x14, 0xff, 0x1a, 0x17, 0x14, 0xff, 0x1a, 0x17, 0x14, 0xff, 0x1a, 0x17, 0x14, 0xff, 0x1a, 0x17, 0x14, 0xff, 0x1a, 0x17, 0x14, 0xff, 0x1a, 0x17, 0x14, 0xff, 0x1a, 0x17, 0x14, 0xff, 0x1a, 0x17, 0x14, 0xff, 0x1a, 0x17, 0x14, 0xff, 0x1a, 0x17, 0x14, 0xff, 0x1a, 0x17, 0x14, 0xff, 0x1a, 0x17, 0x14, 0xff, 0x1a, 0x17, 0x14, 0xff, 0x1a, 0x17, 0x14, 0xff, 0x1a, 0x17, 0x14, 0xff, 0x1a, 0x17, 0x14, 0xff, 0x1a, 0x17, 0x14, 0xff, 0x1a, 0x17, 0x14, 0xff, 0x1a, 0x17, 0x14, 0xff, 0x1a, 0x17, 0x14, 0xff, 0x1a, 0x17, 0x14, 0xff, 
  0x75, 0x6e, 0x6a, 0xff, 0x26, 0x22, 0x1e, 0xff, 0x1a, 0x17, 0x14, 0xff, 0x1a, 0x17, 0x14, 0xff, 0x1a, 0x17, 0x14, 0xff, 0x1a, 0x17, 0x14, 0xff, 0x1a, 0x17, 0x14, 0xff, 0x1a, 0x17, 0x14, 0xff, 0x1a, 0x17, 0x14, 0xff, 0x1a, 0x17, 0x14, 0xff, 0x1a, 0x17, 0x14, 0xff, 0x1a, 0x17, 0x14, 0xff, 0x1a, 0x17, 0x14, 0xff, 0x1a, 0x17, 0x14, 0xff, 0x1a, 0x17, 0x14, 0xff, 0x1a, 0x17, 0x14, 0xff, 0x1a, 0x17, 0x14, 0xff, 0x1a, 0x17, 0x14, 0xff, 0x1a, 0x17, 0x14, 0xff, 0x1a, 0x17, 0x14, 0xff, 0x1a, 0x17, 0x14, 0xff, 0x1a, 0x17, 0x14, 0xff, 0x26, 0x22, 0x1e, 0xff, 0x69, 0x63, 0x60, 0xff, 
  0x3c, 0x37, 0x34, 0xff, 0x1a, 0x17, 0x14, 0xff, 0x1a, 0x17, 0x14, 0xff, 0x1a, 0x17, 0x14, 0xff, 0x1a, 0x17, 0x14, 0xff, 0x1a, 0x17, 0x14, 0xff, 0x1a, 0x17, 0x14, 0xff, 0x1a, 0x17, 0x14, 0xff, 0x1a, 0x17, 0x14, 0xff, 0x1a, 0x17, 0x14, 0xff, 0x1a, 0x17, 0x14, 0xff, 0x1a, 0x17, 0x14, 0xff, 0x1a, 0x17, 0x14, 0xff, 0x1a, 0x17, 0x14, 0xff, 0x1a, 0x17, 0x14, 0xff, 0x1a, 0x17, 0x14, 0xff, 0x1a, 0x17, 0x14, 0xff, 0x1a, 0x17, 0x14, 0xff, 0x1a, 0x17, 0x14, 0xff, 0x1a, 0x17, 0x14, 0xff, 0x1a, 0x17, 0x14, 0xff, 0x1a, 0x17, 0x14, 0xff, 0x26, 0x22, 0x1e, 0xff, 0x75, 0x6e, 0x6a, 0xff, 
  0x1a, 0x17, 0x14, 0xff, 0x1a, 0x17, 0x14, 0xff, 0x1a, 0x17, 0x14, 0xff, 0x1a, 0x17, 0x14, 0xff, 0x1a, 0x17, 0x14, 0xff, 0x1a, 0x17, 0x14, 0xff, 0x1a, 0x17, 0x14, 0xff, 0x1a, 0x17, 0x14, 0xff, 0x1a, 0x17, 0x14, 0xff, 0x1a, 0x17, 0x14, 0xff, 0x1a, 0x17, 0x14, 0xff, 0x1a, 0x17, 0x14, 0xff, 0x1a, 0x17, 0x14, 0xff, 0x1a, 0x17, 0x14, 0xff, 0x1a, 0x17, 0x14, 0xff, 0x1a, 0x17, 0x14, 0xff, 0x1a, 0x17, 0x14, 0xff, 0x1a, 0x17, 0x14, 0xff, 0x1a, 0x17, 0x14, 0xff, 0x1a, 0x17, 0x14, 0xff, 0x1a, 0x17, 0x14, 0xff, 0x1a, 0x17, 0x14, 0xff, 0x1a, 0x17, 0x14, 0xff, 0x3c, 0x37, 0x34, 0xff, 
  0x30, 0x2d, 0x2a, 0xff, 0x26, 0x22, 0x1e, 0xff, 0x1a, 0x17, 0x14, 0xff, 0x1a, 0x17, 0x14, 0xff, 0x1a, 0x17, 0x14, 0xff, 0x1a, 0x17, 0x14, 0xff, 0x1a, 0x17, 0x14, 0xff, 0x1a, 0x17, 0x14, 0xff, 0x1a, 0x17, 0x14, 0xff, 0x1a, 0x17, 0x14, 0xff, 0x1a, 0x17, 0x14, 0xff, 0x1a, 0x17, 0x14, 0xff, 0x1a, 0x17, 0x14, 0xff, 0x1a, 0x17, 0x14, 0xff, 0x1a, 0x17, 0x14, 0xff, 0x1a, 0x17, 0x14, 0xff, 0x1a, 0x17, 0x14, 0xff, 0x1a, 0x17, 0x14, 0xff, 0x1a, 0x17, 0x14, 0xff, 0x1a, 0x17, 0x14, 0xff, 0x1a, 0x17, 0x14, 0xff, 0x1a, 0x17, 0x14, 0xff, 0x1a, 0x17, 0x14, 0xff, 0x1a, 0x17, 0x14, 0xff, 
  0x75, 0x6e, 0x6a, 0xff, 0x26, 0x22, 0x1e, 0xff, 0x1a, 0x17, 0x14, 0xff, 0x1a, 0x17, 0x14, 0xff, 0x1a, 0x17, 0x14, 0xff, 0x1a, 0x17, 0x14, 0xff, 0x1a, 0x17, 0x14, 0xff, 0x1a, 0x17, 0x14, 0xff, 0x1a, 0x17, 0x14, 0xff, 0x1a, 0x17, 0x14, 0xff, 0x1a, 0x17, 0x14, 0xff, 0x1a, 0x17, 0x14, 0xff, 0x1a, 0x17, 0x14, 0xff, 0x1a, 0x17, 0x14, 0xff, 0x1a, 0x17, 0x14, 0xff, 0x1a, 0x17, 0x14, 0xff, 0x1a, 0x17, 0x14, 0xff, 0x1a, 0x17, 0x14, 0xff, 0x1a, 0x17, 0x14, 0xff, 0x1a, 0x17, 0x14, 0xff, 0x1a, 0x17, 0x14, 0xff, 0x1a, 0x17, 0x14, 0xff, 0x1a, 0x17, 0x14, 0xff, 0x30, 0x2d, 0x2a, 0xff, 
  0x75, 0x6e, 0x6a, 0xff, 0x26, 0x22, 0x1e, 0xff, 0x1a, 0x17, 0x14, 0xff, 0x1a, 0x17, 0x14, 0xff, 0x1a, 0x17, 0x14, 0xff, 0x1a, 0x17, 0x14, 0xff, 0x1a, 0x17, 0x14, 0xff, 0x1a, 0x17, 0x14, 0xff, 0x1a, 0x17, 0x14, 0xff, 0x1a, 0x17, 0x14, 0xff, 0x1a, 0x17, 0x14, 0xff, 0x1a, 0x17, 0x14, 0xff, 0x1a, 0x17, 0x14, 0xff, 0x1a, 0x17, 0x14, 0xff, 0x1a, 0x17, 0x14, 0xff, 0x1a, 0x17, 0x14, 0xff, 0x1a, 0x17, 0x14, 0xff, 0x1a, 0x17, 0x14, 0xff, 0x1a, 0x17, 0x14, 0xff, 0x1a, 0x17, 0x14, 0xff, 0x1a, 0x17, 0x14, 0xff, 0x1a, 0x17, 0x14, 0xff, 0x26, 0x22, 0x1e, 0xff, 0x75, 0x6e, 0x6a, 0xff, 
  0x26, 0x22, 0x1e, 0xff, 0x1a, 0x17, 0x14, 0xff, 0x1a, 0x17, 0x14, 0xff, 0x1a, 0x17, 0x14, 0xff, 0x1a, 0x17, 0x14, 0xff, 0x1a, 0x17, 0x14, 0xff, 0x1a, 0x17, 0x14, 0xff, 0x1a, 0x17, 0x14, 0xff, 0x1a, 0x17, 0x14, 0xff, 0x1a, 0x17, 0x14, 0xff, 0x1a, 0x17, 0x14, 0xff, 0x1a, 0x17, 0x14, 0xff, 0x1a, 0x17, 0x14, 0xff, 0x1a, 0x17, 0x14, 0xff, 0x1a, 0x17, 0x14, 0xff, 0x1a, 0x17, 0x14, 0xff, 0x1a, 0x17, 0x14, 0xff, 0x1a, 0x17, 0x14, 0xff, 0x1a, 0x17, 0x14, 0xff, 0x1a, 0x17, 0x14, 0xff, 0x1a, 0x17, 0x14, 0xff, 0x1a, 0x17, 0x14, 0xff, 0x26, 0x22, 0x1e, 0xff, 0x75, 0x6e, 0x6a, 0xff, 
  0x1a, 0x17, 0x14, 0xff, 0x1a, 0x17, 0x14, 0xff, 0x1a, 0x17, 0x14, 0xff, 0x1a, 0x17, 0x14, 0xff, 0x1a, 0x17, 0x14, 0xff, 0x1a, 0x17, 0x14, 0xff, 0x1a, 0x17, 0x14, 0xff, 0x1a, 0x17, 0x14, 0xff, 0x1a, 0x17, 0x14, 0xff, 0x1a, 0x17, 0x14, 0xff, 0x1a, 0x17, 0x14, 0xff, 0x1a, 0x17, 0x14, 0xff, 0x1a, 0x17, 0x14, 0xff, 0x1a, 0x17, 0x14, 0xff, 0x1a, 0x17, 0x14, 0xff, 0x1a, 0x17, 0x14, 0xff, 0x1a, 0x17, 0x14, 0xff, 0x1a, 0x17, 0x14, 0xff, 0x1a, 0x17, 0x14, 0xff, 0x1a, 0x17, 0x14, 0xff, 0x1a, 0x17, 0x14, 0xff, 0x1a, 0x17, 0x14, 0xff, 0x1a, 0x17, 0x14, 0xff, 0x1a, 0x17, 0x14, 0xff, 
  0x53, 0x4e, 0x4a, 0xff, 0x26, 0x22, 0x1e, 0xff, 0x1a, 0x17, 0x14, 0xff, 0x1a, 0x17, 0x14, 0xff, 0x1a, 0x17, 0x14, 0xff, 0x1a, 0x17, 0x14, 0xff, 0x1a, 0x17, 0x14, 0xff, 0x1a, 0x17, 0x14, 0xff, 0x1a, 0x17, 0x14, 0xff, 0x1a, 0x17, 0x14, 0xff, 0x1a, 0x17, 0x14, 0xff, 0x1a, 0x17, 0x14, 0xff, 0x1a, 0x17, 0x14, 0xff, 0x1a, 0x17, 0x14, 0xff, 0x1a, 0x17, 0x14, 0xff, 0x1a, 0x17, 0x14, 0xff, 0x1a, 0x17, 0x14, 0xff, 0x1a, 0x17, 0x14, 0xff, 0x1a, 0x17, 0x14, 0xff, 0x1a, 0x17, 0x14, 0xff, 0x1a, 0x17, 0x14, 0xff, 0x1a, 0x17, 0x14, 0xff, 0x1a, 0x17, 0x14, 0xff, 0x1a, 0x17, 0x14, 0xff, 
  0x75, 0x6e, 0x6a, 0xff, 0x26, 0x22, 0x1e, 0xff, 0x1a, 0x17, 0x14, 0xff, 0x1a, 0x17, 0x14, 0xff, 0x1a, 0x17, 0x14, 0xff, 0x1a, 0x17, 0x14, 0xff, 0x1a, 0x17, 0x14, 0xff, 0x1a, 0x17, 0x14, 0xff, 0x1a, 0x17, 0x14, 0xff, 0x1a, 0x17, 0x14, 0xff, 0x1a, 0x17, 0x14, 0xff, 0x1a, 0x17, 0x14, 0xff, 0x1a, 0x17, 0x14, 0xff, 0x1a, 0x17, 0x14, 0xff, 0x1a, 0x17, 0x14, 0xff, 0x1a, 0x17, 0x14, 0xff, 0x1a, 0x17, 0x14, 0xff, 0x1a, 0x17, 0x14, 0xff, 0x1a, 0x17, 0x14, 0xff, 0x1a, 0x17, 0x14, 0xff, 0x1a, 0x17, 0x14, 0xff, 0x1a, 0x17, 0x14, 0xff, 0x26, 0x22, 0x1e, 0xff, 0x53, 0x4e, 0x4a, 0xff, 
  0x5f, 0x58, 0x54, 0xff, 0x1a, 0x17, 0x14, 0xff, 0x1a, 0x17, 0x14, 0xff, 0x1a, 0x17, 0x14, 0xff, 0x1a, 0x17, 0x14, 0xff, 0x1a, 0x17, 0x14, 0xff, 0x1a, 0x17, 0x14, 0xff, 0x1a, 0x17, 0x14, 0xff, 0x1a, 0x17, 0x14, 0xff, 0x1a, 0x17, 0x14, 0xff, 0x1a, 0x17, 0x14, 0xff, 0x1a, 0x17, 0x14, 0xff, 0x1a, 0x17, 0x14, 0xff, 0x1a, 0x17, 0x14, 0xff, 0x1a, 0x17, 0x14, 0xff, 0x1a, 0x17, 0x14, 0xff, 0x1a, 0x17, 0x14, 0xff, 0x1a, 0x17, 0x14, 0xff, 0x1a, 0x17, 0x14, 0xff, 0x1a, 0x17, 0x14, 0xff, 0x1a, 0x17, 0x14, 0xff, 0x1a, 0x17, 0x14, 0xff, 0x26, 0x22, 0x1e, 0xff, 0x75, 0x6e, 0x6a, 0xff, 
  0x1a, 0x17, 0x14, 0xff, 0x1a, 0x17, 0x14, 0xff, 0x1a, 0x17, 0x14, 0xff, 0x1a, 0x17, 0x14, 0xff, 0x1a, 0x17, 0x14, 0xff, 0x1a, 0x17, 0x14, 0xff, 0x1a, 0x17, 0x14, 0xff, 0x1a, 0x17, 0x14, 0xff, 0x1a, 0x17, 0x14, 0xff, 0x1a, 0x17, 0x14, 0xff, 0x1a, 0x17, 0x14, 0xff, 0x1a, 0x17, 0x14, 0xff, 0x1a, 0x17, 0x14, 0xff, 0x1a, 0x17, 0x14, 0xff, 0x1a, 0x17, 0x14, 0xff, 0x1a, 0x17, 0x14, 0xff, 0x1a, 0x17, 0x14, 0xff, 0x1a, 0x17, 0x14, 0xff, 0x1a, 0x17, 0x14, 0xff, 0x1a, 0x17, 0x14, 0xff, 0x1a, 0x17, 0x14, 0xff, 0x1a, 0x17, 0x14, 0xff, 0x1a, 0x17, 0x14, 0xff, 0x53, 0x4e, 0x4a, 0xff, 
  0x1a, 0x17, 0x14, 0xff, 0x1a, 0x17, 0x14, 0xff, 0x1a, 0x17, 0x14, 0xff, 0x1a, 0x17, 0x14, 0xff, 0x1a, 0x17, 0x14, 0xff, 0x1a, 0x17, 0x14, 0xff, 0x1a, 0x17, 0x14, 0xff, 0x1a, 0x17, 0x14, 0xff, 0x1a, 0x17, 0x14, 0xff, 0x1a, 0x17, 0x14, 0xff, 0x1a, 0x17, 0x14, 0xff, 0x1a, 0x17, 0x14, 0xff, 0x1a, 0x17, 0x14, 0xff, 0x1a, 0x17, 0x14, 0xff, 0x1a, 0x17, 0x14, 0xff, 0x1a, 0x17, 0x14, 0xff, 0x1a, 0x17, 0x14, 0xff, 0x1a, 0x17, 0x14, 0xff, 0x1a, 0x17, 0x14, 0xff, 0x1a, 0x17, 0x14, 0xff, 0x1a, 0x17, 0x14, 0xff, 0x1a, 0x17, 0x14, 0xff, 0x1a, 0x17, 0x14, 0xff, 0x1a, 0x17, 0x14, 0xff, 
  0x75, 0x6e, 0x6a, 0xff, 0x26, 0x22, 0x1e, 0xff, 0x1a, 0x17, 0x14, 0xff, 0x1a, 0x17, 0x14, 0xff, 0x1a, 0x17, 0x14, 0xff, 0x1a, 0x17, 0x14, 0xff, 0x1a, 0x17, 0x14, 0xff, 0x1a, 0x17, 0x14, 0xff, 0x1a, 0x17, 0x14, 0xff, 0x1a, 0x17, 0x14, 0xff, 0x1a, 0x17, 0x14, 0xff, 0x1a, 0x17, 0x14, 0xff, 0x1a, 0x17, 0x14, 0xff, 0x1a, 0x17, 0x14, 0xff, 0x1a, 0x17, 0x14, 0xff, 0x1a, 0x17, 0x14, 0xff, 0x1a, 0x17, 0x14, 0xff, 0x1a, 0x17, 0x14, 0xff, 0x1a, 0x17, 0x14, 0xff, 0x1a, 0x17, 0x14, 0xff, 0x1a, 0x17, 0x14, 0xff, 0x1a, 0x17, 0x14, 0xff, 0x1a, 0x17, 0x14, 0xff, 0x1a, 0x17, 0x14, 0xff, 
  0x75, 0x6e, 0x6a, 0xff, 0x26, 0x22, 0x1e, 0xff, 0x1a, 0x17, 0x14, 0xff, 0x1a, 0x17, 0x14, 0xff, 0x1a, 0x17, 0x14, 0xff, 0x1a, 0x17, 0x14, 0xff, 0x1a, 0x17, 0x14, 0xff, 0x1a, 0x17, 0x14, 0xff, 0x1a, 0x17, 0x14, 0xff, 0x1a, 0x17, 0x14, 0xff, 0x1a, 0x17, 0x14, 0xff, 0x1a, 0x17, 0x14, 0xff, 0x1a, 0x17, 0x14, 0xff, 0x1a, 0x17, 0x14, 0xff, 0x1a, 0x17, 0x14, 0xff, 0x1a, 0x17, 0x14, 0xff, 0x1a, 0x17, 0x14, 0xff, 0x1a, 0x17, 0x14, 0xff, 0x1a, 0x17, 0x14, 0xff, 0x1a, 0x17, 0x14, 0xff, 0x1a, 0x17, 0x14, 0xff, 0x1a, 0x17, 0x14, 0xff, 0x26, 0x22, 0x1e, 0xff, 0x75, 0x6e, 0x6a, 0xff, 
  0x3c, 0x37, 0x34, 0xff, 0x1a, 0x17, 0x14, 0xff, 0x1a, 0x17, 0x14, 0xff, 0x1a, 0x17, 0x14, 0xff, 0x1a, 0x17, 0x14, 0xff, 0x1a, 0x17, 0x14, 0xff, 0x1a, 0x17, 0x14, 0xff, 0x1a, 0x17, 0x14, 0xff, 0x1a, 0x17, 0x14, 0xff, 0x1a, 0x17, 0x14, 0xff, 0x1a, 0x17, 0x14, 0xff, 0x1a, 0x17, 0x14, 0xff, 0x1a, 0x17, 0x14, 0xff, 0x1a, 0x17, 0x14, 0xff, 0x1a, 0x17, 0x14, 0xff, 0x1a, 0x17, 0x14, 0xff, 0x1a, 0x17, 0x14, 0xff, 0x1a, 0x17, 0x14, 0xff, 0x1a, 0x17, 0x14, 0xff, 0x1a, 0x17, 0x14, 0xff, 0x1a, 0x17, 0x14, 0xff, 0x1a, 0x17, 0x14, 0xff, 0x26, 0x22, 0x1e, 0xff, 0x75, 0x6e, 0x6a, 0xff, 
  0x1a, 0x17, 0x14, 0xff, 0x1a, 0x17, 0x14, 0xff, 0x1a, 0x17, 0x14, 0xff, 0x1a, 0x17, 0x14, 0xff, 0x1a, 0x17, 0x14, 0xff, 0x1a, 0x17, 0x14, 0xff, 0x1a, 0x17, 0x14, 0xff, 0x1a, 0x17, 0x14, 0xff, 0x1a, 0x17, 0x14, 0xff, 0x1a, 0x17, 0x14, 0xff, 0x1a, 0x17, 0x14, 0xff, 0x1a, 0x17, 0x14, 0xff, 0x1a, 0x17, 0x14, 0xff, 0x1a, 0x17, 0x14, 0xff, 0x1a, 0x17, 0x14, 0xff, 0x1a, 0x17, 0x14, 0xff, 0x1a, 0x17, 0x14, 0xff, 0x1a, 0x17, 0x14, 0xff, 0x1a, 0x17, 0x14, 0xff, 0x1a, 0x17, 0x14, 0xff, 0x1a, 0x17, 0x14, 0xff, 0x1a, 0x17, 0x14, 0xff, 0x1a, 0x17, 0x14, 0xff, 0x3c, 0x37, 0x34, 0xff, 
  0x3c, 0x37, 0x34, 0xff, 0x26, 0x22, 0x1e, 0xff, 0x1a, 0x17, 0x14, 0xff, 0x1a, 0x17, 0x14, 0xff, 0x1a, 0x17, 0x14, 0xff, 0x1a, 0x17, 0x14, 0xff, 0x1a, 0x17, 0x14, 0xff, 0x1a, 0x17, 0x14, 0xff, 0x1a, 0x17, 0x14, 0xff, 0x1a, 0x17, 0x14, 0xff, 0x1a, 0x17, 0x14, 0xff, 0x1a, 0x17, 0x14, 0xff, 0x1a, 0x17, 0x14, 0xff, 0x1a, 0x17, 0x14, 0xff, 0x1a, 0x17, 0x14, 0xff, 0x1a, 0x17, 0x14, 0xff, 0x1a, 0x17, 0x14, 0xff, 0x1a, 0x17, 0x14, 0xff, 0x1a, 0x17, 0x14, 0xff, 0x1a, 0x17, 0x14, 0xff, 0x1a, 0x17, 0x14, 0xff, 0x1a, 0x17, 0x14, 0xff, 0x1a, 0x17, 0x14, 0xff, 0x1a, 0x17, 0x14, 0xff, 
  0x75, 0x6e, 0x6a, 0xff, 0x26, 0x22, 0x1e, 0xff, 0x1a, 0x17, 0x14, 0xff, 0x1a, 0x17, 0x14, 0xff, 0x1a, 0x17, 0x14, 0xff, 0x1a, 0x17, 0x14, 0xff, 0x1a, 0x17, 0x14, 0xff, 0x1a, 0x17, 0x14, 0xff, 0x1a, 0x17, 0x14, 0xff, 0x1a, 0x17, 0x14, 0xff, 0x1a, 0x17, 0x14, 0xff, 0x1a, 0x17, 0x14, 0xff, 0x1a, 0x17, 0x14, 0xff, 0x1a, 0x17, 0x14, 0xff, 0x1a, 0x17, 0x14, 0xff, 0x1a, 0x17, 0x14, 0xff, 0x1a, 0x17, 0x14, 0xff, 0x1a, 0x17, 0x14, 0xff, 0x1a, 0x17, 0x14, 0xff, 0x1a, 0x17, 0x14, 0xff, 0x1a, 0x17, 0x14, 0xff, 0x1a, 0x17, 0x14, 0xff, 0x26, 0x22, 0x1e, 0xff, 0x3c, 0x37, 0x34, 0xff, 
  0x75, 0x6e, 0x6a, 0xff, 0x26, 0x22, 0x1e, 0xff, 0x1a, 0x17, 0x14, 0xff, 0x1a, 0x17, 0x14, 0xff, 0x1a, 0x17, 0x14, 0xff, 0x1a, 0x17, 0x14, 0xff, 0x1a, 0x17, 0x14, 0xff, 0x1a, 0x17, 0x14, 0xff, 0x1a, 0x17, 0x14, 0xff, 0x1a, 0x17, 0x14, 0xff, 0x1a, 0x17, 0x14, 0xff, 0x1a, 0x17, 0x14, 0xff, 0x1a, 0x17, 0x14, 0xff, 0x1a, 0x17, 0x14, 0xff, 0x1a, 0x17, 0x14, 0xff, 0x1a, 0x17, 0x14, 0xff, 0x1a, 0x17, 0x14, 0xff, 0x1a, 0x17, 0x14, 0xff, 0x1a, 0x17, 0x14, 0xff, 0x1a, 0x17, 0x14, 0xff, 0x1a, 0x17, 0x14, 0xff, 0x1a, 0x17, 0x14, 0xff, 0x26, 0x22, 0x1e, 0xff, 0x75, 0x6e, 0x6a, 0xff, 
  0x1a, 0x17, 0x14, 0xff, 0x1a, 0x17, 0x14, 0xff, 0x1a, 0x17, 0x14, 0xff, 0x1a, 0x17, 0x14, 0xff, 0x1a, 0x17, 0x14, 0xff, 0x1a, 0x17, 0x14, 0xff, 0x1a, 0x17, 0x14, 0xff, 0x1a, 0x17, 0x14, 0xff, 0x1a, 0x17, 0x14, 0xff, 0x1a, 0x17, 0x14, 0xff, 0x1a, 0x17, 0x14, 0xff, 0x1a, 0x17, 0x14, 0xff, 0x1a, 0x17, 0x14, 0xff, 0x1a, 0x17, 0x14, 0xff, 0x1a, 0x17, 0x14, 0xff, 0x1a, 0x17, 0x14, 0xff, 0x1a, 0x17, 0x14, 0xff, 0x1a, 0x17, 0x14, 0xff, 0x1a, 0x17, 0x14, 0xff, 0x1a, 0x17, 0x14, 0xff, 0x1a, 0x17, 0x14, 0xff, 0x1a, 0x17, 0x14, 0xff, 0x26, 0x22, 0x1e, 0xff, 0x75, 0x6e, 0x6a, 0xff, 
  0x1a, 0x17, 0x14, 0xff, 0x1a, 0x17, 0x14, 0xff, 0x1a, 0x17, 0x14, 0xff, 0x1a, 0x17, 0x14, 0xff, 0x1a, 0x17, 0x14, 0xff, 0x1a, 0x17, 0x14, 0xff, 0x1a, 0x17, 0x14, 0xff, 0x1a, 0x17, 0x14, 0xff, 0x1a, 0x17, 0x14, 0xff, 0x1a, 0x17, 0x14, 0xff, 0x1a, 0x17, 0x14, 0xff, 0x1a, 0x17, 0x14, 0xff, 0x1a, 0x17, 0x14, 0xff, 0x1a, 0x17, 0x14, 0xff, 0x1a, 0x17, 0x14, 0xff, 0x1a, 0x17, 0x14, 0xff, 0x1a, 0x17, 0x14, 0xff, 0x1a, 0x17, 0x14, 0xff, 0x1a, 0x17, 0x14, 0xff, 0x1a, 0x17, 0x14, 0xff, 0x1a, 0x17, 0x14, 0xff, 0x1a, 0x17, 0x14, 0xff, 0x1a, 0x17, 0x14, 0xff, 0x1a, 0x17, 0x14, 0xff, 
  0x60, 0x59, 0x55, 0xfa, 0x26, 0x22, 0x1e, 0xff, 0x1a, 0x17, 0x14, 0xff, 0x1a, 0x17, 0x14, 0xff, 0x1a, 0x17, 0x14, 0xff, 0x1a, 0x17, 0x14, 0xff, 0x1a, 0x17, 0x14, 0xff, 0x1a, 0x17, 0x14, 0xff, 0x1a, 0x17, 0x14, 0xff, 0x1a, 0x17, 0x14, 0xff, 0x1a, 0x17, 0x14, 0xff, 0x1a, 0x17, 0x14, 0xff, 0x1a, 0x17, 0x14, 0xff, 0x1a, 0x17, 0x14, 0xff, 0x1a, 0x17, 0x14, 0xff, 0x1a, 0x17, 0x14, 0xff, 0x1a, 0x17, 0x14, 0xff, 0x1a, 0x17, 0x14, 0xff, 0x1a, 0x17, 0x14, 0xff, 0x1a, 0x17, 0x14, 0xff, 0x1a, 0x17, 0x14, 0xff, 0x1a, 0x17, 0x14, 0xff, 0x1a, 0x17, 0x14, 0xff, 0x1b, 0x18, 0x15, 0xf7, 
  0x75, 0x6f, 0x6b, 0x81, 0x47, 0x43, 0x3f, 0xff, 0x1a, 0x17, 0x14, 0xff, 0x3c, 0x37, 0x34, 0xff, 0x53, 0x4e, 0x4a, 0xff, 0x47, 0x43, 0x3f, 0xff, 0x1a, 0x17, 0x14, 0xff, 0x1a, 0x17, 0x14, 0xff, 0x53, 0x4e, 0x4a, 0xff, 0x53, 0x4e, 0x4a, 0xff, 0x30, 0x2d, 0x2a, 0xff, 0x1a, 0x17, 0x14, 0xff, 0x30, 0x2d, 0x2a, 0xff, 0x53, 0x4e, 0x4a, 0xff, 0x53, 0x4e, 0x4a, 0xff, 0x1a, 0x17, 0x14, 0xff, 0x1a, 0x17, 0x14, 0xff, 0x47, 0x43, 0x3f, 0xff, 0x53, 0x4e, 0x4a, 0xff, 0x3c, 0x37, 0x34, 0xff, 0x1a, 0x17, 0x14, 0xff, 0x1a, 0x17, 0x14, 0xff, 0x75, 0x6e, 0x6a, 0xff, 0x68, 0x61, 0x5d, 0x71, 
  0x00, 0x00, 0x00, 0x00, 0x1f, 0x14, 0x14, 0x19, 0x18, 0x14, 0x14, 0x3f, 0x61, 0x59, 0x57, 0x67, 0x74, 0x6e, 0x6a, 0x7f, 0x67, 0x60, 0x5e, 0x6f, 0x18, 0x14, 0x14, 0x3f, 0x18, 0x14, 0x14, 0x3f, 0x74, 0x6e, 0x6a, 0x7f, 0x74, 0x6e, 0x6a, 0x7f, 0x4c, 0x46, 0x43, 0x57, 0x18, 0x14, 0x14, 0x3f, 0x4c, 0x46, 0x43, 0x57, 0x74, 0x6e, 0x6a, 0x7f, 0x74, 0x6e, 0x6a, 0x7f, 0x18, 0x14, 0x14, 0x3f, 0x18, 0x14, 0x14, 0x3f, 0x67, 0x60, 0x5e, 0x6f, 0x74, 0x6e, 0x6a, 0x7f, 0x61, 0x59, 0x57, 0x67, 0x18, 0x14, 0x14, 0x3f, 0x18, 0x14, 0x14, 0x3f, 0x76, 0x70, 0x69, 0x50, 0x00, 0x00, 0x00, 0x00, 
#endif
};

const lv_img_dsc_t img_block_nodisk = {
  .header.cf = LV_IMG_CF_TRUE_COLOR_ALPHA,
  .header.always_zero = 0,
  .header.reserved = 0,
  .header.w = 24,
  .header.h = 75,
  .data_size = 1800 * LV_IMG_PX_SIZE_ALPHA_BYTE,
  .data = img_block_nodisk_map,
};
