#ifdef __has_include
    #if __has_include("lvgl.h")
        #ifndef LV_LVGL_H_INCLUDE_SIMPLE
            #define LV_LVGL_H_INCLUDE_SIMPLE
        #endif
    #endif
#endif

#if defined(LV_LVGL_H_INCLUDE_SIMPLE)
    #include "lvgl.h"
#else
    #include "lvgl/lvgl.h"
#endif


#ifndef LV_ATTRIBUTE_MEM_ALIGN
#define LV_ATTRIBUTE_MEM_ALIGN
#endif

#ifndef LV_ATTRIBUTE_IMG_IMG_DISK_USED
#define LV_ATTRIBUTE_IMG_IMG_DISK_USED
#endif

const LV_ATTRIBUTE_MEM_ALIGN LV_ATTRIBUTE_LARGE_CONST LV_ATTRIBUTE_IMG_IMG_DISK_USED uint8_t img_disk_used_map[] = {
#if LV_COLOR_DEPTH == 1 || LV_COLOR_DEPTH == 8
  /*Pixel format: Alpha 8 bit, Red: 3 bit, Green: 3 bit, Blue: 2 bit*/
  0x00, 0x00, 0x92, 0x50, 0x92, 0x7f, 0x92, 0x7f, 0x92, 0x7f, 0x92, 0x7f, 0x92, 0x7f, 0x92, 0x7f, 0x92, 0x7f, 0x92, 0x7f, 0x92, 0x7f, 0x92, 0x7f, 0x92, 0x7f, 0x92, 0x7f, 0x92, 0x7f, 0x92, 0x7f, 0x92, 0x7f, 0x92, 0x7f, 0x92, 0x7f, 0x92, 0x7f, 0x92, 0x7f, 0x92, 0x7f, 0x92, 0x50, 0x00, 0x00, 
  0x92, 0x81, 0x92, 0xff, 0x92, 0xff, 0x6e, 0xff, 0x6e, 0xff, 0x6e, 0xff, 0x6e, 0xff, 0x6e, 0xff, 0x6e, 0xff, 0x6e, 0xff, 0x6e, 0xff, 0x6e, 0xff, 0x6e, 0xff, 0x6e, 0xff, 0x6e, 0xff, 0x6e, 0xff, 0x6e, 0xff, 0x6e, 0xff, 0x6e, 0xff, 0x6e, 0xff, 0x92, 0xff, 0x92, 0xff, 0x92, 0xff, 0x92, 0x81, 
  0x92, 0xfb, 0x92, 0xff, 0x49, 0xff, 0x49, 0xff, 0x49, 0xff, 0x49, 0xff, 0x49, 0xff, 0x49, 0xff, 0x49, 0xff, 0x49, 0xff, 0x49, 0xff, 0x49, 0xff, 0x49, 0xff, 0x49, 0xff, 0x49, 0xff, 0x49, 0xff, 0x49, 0xff, 0x49, 0xff, 0x49, 0xff, 0x49, 0xff, 0x49, 0xff, 0x6d, 0xff, 0x92, 0xff, 0x92, 0xfb, 
  0x92, 0xff, 0x6e, 0xff, 0x49, 0xff, 0x49, 0xff, 0x49, 0xff, 0x49, 0xff, 0x49, 0xff, 0x49, 0xff, 0x49, 0xff, 0x49, 0xff, 0x49, 0xff, 0x49, 0xff, 0x49, 0xff, 0x49, 0xff, 0x49, 0xff, 0x49, 0xff, 0x49, 0xff, 0x49, 0xff, 0x49, 0xff, 0x49, 0xff, 0x49, 0xff, 0x49, 0xff, 0x6e, 0xff, 0x92, 0xff, 
  0x92, 0xff, 0x6d, 0xff, 0x49, 0xff, 0x49, 0xff, 0x49, 0xff, 0x49, 0xff, 0x49, 0xff, 0x49, 0xff, 0x49, 0xff, 0x49, 0xff, 0x49, 0xff, 0x49, 0xff, 0x49, 0xff, 0x49, 0xff, 0x49, 0xff, 0x49, 0xff, 0x49, 0xff, 0x49, 0xff, 0x49, 0xff, 0x49, 0xff, 0x49, 0xff, 0x49, 0xff, 0x6d, 0xff, 0x92, 0xff, 
  0x92, 0xff, 0x6d, 0xff, 0x49, 0xff, 0x49, 0xff, 0x49, 0xff, 0x49, 0xff, 0x49, 0xff, 0x49, 0xff, 0x49, 0xff, 0x49, 0xff, 0x49, 0xff, 0x49, 0xff, 0x49, 0xff, 0x49, 0xff, 0x49, 0xff, 0x49, 0xff, 0x49, 0xff, 0x49, 0xff, 0x49, 0xff, 0x49, 0xff, 0x49, 0xff, 0x49, 0xff, 0x6d, 0xff, 0x92, 0xff, 
  0x92, 0xff, 0x6d, 0xff, 0x49, 0xff, 0x49, 0xff, 0x49, 0xff, 0x49, 0xff, 0x49, 0xff, 0x49, 0xff, 0x49, 0xff, 0x49, 0xff, 0x49, 0xff, 0x49, 0xff, 0x49, 0xff, 0x49, 0xff, 0x49, 0xff, 0x49, 0xff, 0x49, 0xff, 0x49, 0xff, 0x49, 0xff, 0x49, 0xff, 0x49, 0xff, 0x49, 0xff, 0x6d, 0xff, 0x92, 0xff, 
  0x92, 0xff, 0x6d, 0xff, 0x49, 0xff, 0x49, 0xff, 0x49, 0xff, 0x49, 0xff, 0x49, 0xff, 0x49, 0xff, 0x49, 0xff, 0x49, 0xff, 0x49, 0xff, 0x49, 0xff, 0x49, 0xff, 0x49, 0xff, 0x49, 0xff, 0x49, 0xff, 0x49, 0xff, 0x49, 0xff, 0x49, 0xff, 0x49, 0xff, 0x49, 0xff, 0x49, 0xff, 0x6d, 0xff, 0x92, 0xff, 
  0x92, 0xff, 0x6d, 0xff, 0x49, 0xff, 0x49, 0xff, 0x49, 0xff, 0x49, 0xff, 0x49, 0xff, 0x49, 0xff, 0x49, 0xff, 0x49, 0xff, 0x49, 0xff, 0x49, 0xff, 0x49, 0xff, 0x49, 0xff, 0x49, 0xff, 0x49, 0xff, 0x49, 0xff, 0x49, 0xff, 0x49, 0xff, 0x49, 0xff, 0x49, 0xff, 0x49, 0xff, 0x6d, 0xff, 0x92, 0xff, 
  0x92, 0xff, 0x6d, 0xff, 0x49, 0xff, 0x49, 0xff, 0x49, 0xff, 0x49, 0xff, 0x49, 0xff, 0x49, 0xff, 0x49, 0xff, 0x49, 0xff, 0x49, 0xff, 0x49, 0xff, 0x49, 0xff, 0x49, 0xff, 0x49, 0xff, 0x49, 0xff, 0x49, 0xff, 0x49, 0xff, 0x49, 0xff, 0x49, 0xff, 0x49, 0xff, 0x49, 0xff, 0x6d, 0xff, 0x92, 0xff, 
  0x92, 0xff, 0x49, 0xff, 0x49, 0xff, 0x49, 0xff, 0x49, 0xff, 0x49, 0xff, 0x49, 0xff, 0x49, 0xff, 0x49, 0xff, 0x49, 0xff, 0x49, 0xff, 0x49, 0xff, 0x49, 0xff, 0x49, 0xff, 0x49, 0xff, 0x49, 0xff, 0x49, 0xff, 0x49, 0xff, 0x49, 0xff, 0x49, 0xff, 0x49, 0xff, 0x49, 0xff, 0x49, 0xff, 0x92, 0xff, 
  0x92, 0xff, 0x25, 0xff, 0x24, 0xff, 0x24, 0xff, 0x24, 0xff, 0x24, 0xff, 0x24, 0xff, 0x24, 0xff, 0x24, 0xff, 0x24, 0xff, 0x24, 0xff, 0x24, 0xff, 0x24, 0xff, 0x24, 0xff, 0x24, 0xff, 0x24, 0xff, 0x24, 0xff, 0x24, 0xff, 0x24, 0xff, 0x24, 0xff, 0x24, 0xff, 0x24, 0xff, 0x25, 0xff, 0x92, 0xff, 
  0x92, 0xff, 0x49, 0xff, 0x49, 0xff, 0x49, 0xff, 0x49, 0xff, 0x49, 0xff, 0x49, 0xff, 0x49, 0xff, 0x49, 0xff, 0x49, 0xff, 0x49, 0xff, 0x49, 0xff, 0x49, 0xff, 0x49, 0xff, 0x49, 0xff, 0x49, 0xff, 0x49, 0xff, 0x49, 0xff, 0x49, 0xff, 0x49, 0xff, 0x49, 0xff, 0x49, 0xff, 0x49, 0xff, 0x92, 0xff, 
  0x92, 0xff, 0x6d, 0xff, 0x49, 0xff, 0x49, 0xff, 0x49, 0xff, 0x49, 0xff, 0x49, 0xff, 0x49, 0xff, 0x49, 0xff, 0x49, 0xff, 0x49, 0xff, 0x49, 0xff, 0x49, 0xff, 0x49, 0xff, 0x49, 0xff, 0x49, 0xff, 0x49, 0xff, 0x49, 0xff, 0x49, 0xff, 0x49, 0xff, 0x49, 0xff, 0x49, 0xff, 0x6d, 0xff, 0x92, 0xff, 
  0x92, 0xff, 0x6d, 0xff, 0x49, 0xff, 0x49, 0xff, 0x49, 0xff, 0x49, 0xff, 0x49, 0xff, 0x49, 0xff, 0x49, 0xff, 0x49, 0xff, 0x49, 0xff, 0x49, 0xff, 0x49, 0xff, 0x49, 0xff, 0x49, 0xff, 0x49, 0xff, 0x49, 0xff, 0x49, 0xff, 0x49, 0xff, 0x49, 0xff, 0x49, 0xff, 0x49, 0xff, 0x6d, 0xff, 0x92, 0xff, 
  0x92, 0xff, 0x6d, 0xff, 0x49, 0xff, 0x49, 0xff, 0x49, 0xff, 0x49, 0xff, 0x49, 0xff, 0x49, 0xff, 0x49, 0xff, 0x49, 0xff, 0x49, 0xff, 0x49, 0xff, 0x49, 0xff, 0x49, 0xff, 0x49, 0xff, 0x49, 0xff, 0x49, 0xff, 0x49, 0xff, 0x49, 0xff, 0x49, 0xff, 0x49, 0xff, 0x49, 0xff, 0x6d, 0xff, 0x92, 0xff, 
  0x92, 0xff, 0x6d, 0xff, 0x49, 0xff, 0x49, 0xff, 0x49, 0xff, 0x49, 0xff, 0x49, 0xff, 0x49, 0xff, 0x49, 0xff, 0x49, 0xff, 0x49, 0xff, 0x49, 0xff, 0x49, 0xff, 0x49, 0xff, 0x49, 0xff, 0x49, 0xff, 0x49, 0xff, 0x49, 0xff, 0x49, 0xff, 0x49, 0xff, 0x49, 0xff, 0x49, 0xff, 0x6d, 0xff, 0x92, 0xff, 
  0x92, 0xff, 0x6d, 0xff, 0x49, 0xff, 0x49, 0xff, 0x49, 0xff, 0x49, 0xff, 0x49, 0xff, 0x49, 0xff, 0x49, 0xff, 0x49, 0xff, 0x49, 0xff, 0x49, 0xff, 0x49, 0xff, 0x49, 0xff, 0x49, 0xff, 0x49, 0xff, 0x49, 0xff, 0x49, 0xff, 0x49, 0xff, 0x49, 0xff, 0x49, 0xff, 0x49, 0xff, 0x6d, 0xff, 0x92, 0xff, 
  0x92, 0xff, 0x6d, 0xff, 0x49, 0xff, 0x49, 0xff, 0x49, 0xff, 0x49, 0xff, 0x49, 0xff, 0x49, 0xff, 0x49, 0xff, 0x49, 0xff, 0x49, 0xff, 0x49, 0xff, 0x49, 0xff, 0x49, 0xff, 0x49, 0xff, 0x49, 0xff, 0x49, 0xff, 0x49, 0xff, 0x49, 0xff, 0x49, 0xff, 0x49, 0xff, 0x49, 0xff, 0x6d, 0xff, 0x92, 0xff, 
  0x92, 0xff, 0x49, 0xff, 0x25, 0xff, 0x25, 0xff, 0x25, 0xff, 0x25, 0xff, 0x25, 0xff, 0x25, 0xff, 0x25, 0xff, 0x25, 0xff, 0x25, 0xff, 0x25, 0xff, 0x25, 0xff, 0x25, 0xff, 0x25, 0xff, 0x25, 0xff, 0x25, 0xff, 0x25, 0xff, 0x25, 0xff, 0x25, 0xff, 0x25, 0xff, 0x25, 0xff, 0x49, 0xff, 0x92, 0xff, 
  0x92, 0xff, 0x25, 0xff, 0x25, 0xff, 0x25, 0xff, 0x25, 0xff, 0x25, 0xff, 0x25, 0xff, 0x25, 0xff, 0x25, 0xff, 0x25, 0xff, 0x25, 0xff, 0x25, 0xff, 0x25, 0xff, 0x25, 0xff, 0x25, 0xff, 0x25, 0xff, 0x25, 0xff, 0x25, 0xff, 0x25, 0xff, 0x25, 0xff, 0x25, 0xff, 0x25, 0xff, 0x25, 0xff, 0x92, 0xff, 
  0x92, 0xff, 0x6d, 0xff, 0x49, 0xff, 0x49, 0xff, 0x49, 0xff, 0x49, 0xff, 0x49, 0xff, 0x49, 0xff, 0x49, 0xff, 0x49, 0xff, 0x49, 0xff, 0x49, 0xff, 0x49, 0xff, 0x49, 0xff, 0x49, 0xff, 0x49, 0xff, 0x49, 0xff, 0x49, 0xff, 0x49, 0xff, 0x49, 0xff, 0x49, 0xff, 0x49, 0xff, 0x6d, 0xff, 0x92, 0xff, 
  0x92, 0xff, 0x6d, 0xff, 0x49, 0xff, 0x49, 0xff, 0x49, 0xff, 0x49, 0xff, 0x49, 0xff, 0x49, 0xff, 0x49, 0xff, 0x49, 0xff, 0x49, 0xff, 0x49, 0xff, 0x49, 0xff, 0x49, 0xff, 0x49, 0xff, 0x49, 0xff, 0x49, 0xff, 0x49, 0xff, 0x49, 0xff, 0x49, 0xff, 0x49, 0xff, 0x49, 0xff, 0x6d, 0xff, 0x92, 0xff, 
  0x92, 0xff, 0x6d, 0xff, 0x49, 0xff, 0x49, 0xff, 0x49, 0xff, 0x49, 0xff, 0x49, 0xff, 0x49, 0xff, 0x49, 0xff, 0x49, 0xff, 0x49, 0xff, 0x49, 0xff, 0x49, 0xff, 0x49, 0xff, 0x49, 0xff, 0x49, 0xff, 0x49, 0xff, 0x49, 0xff, 0x49, 0xff, 0x49, 0xff, 0x49, 0xff, 0x49, 0xff, 0x6d, 0xff, 0x92, 0xff, 
  0x92, 0xff, 0x6d, 0xff, 0x49, 0xff, 0x49, 0xff, 0x49, 0xff, 0x49, 0xff, 0x49, 0xff, 0x49, 0xff, 0x49, 0xff, 0x49, 0xff, 0x49, 0xff, 0x49, 0xff, 0x49, 0xff, 0x49, 0xff, 0x49, 0xff, 0x49, 0xff, 0x49, 0xff, 0x49, 0xff, 0x49, 0xff, 0x49, 0xff, 0x49, 0xff, 0x49, 0xff, 0x6d, 0xff, 0x92, 0xff, 
  0x92, 0xff, 0x6d, 0xff, 0x49, 0xff, 0x49, 0xff, 0x49, 0xff, 0x49, 0xff, 0x49, 0xff, 0x49, 0xff, 0x49, 0xff, 0x49, 0xff, 0x49, 0xff, 0x49, 0xff, 0x49, 0xff, 0x49, 0xff, 0x49, 0xff, 0x49, 0xff, 0x49, 0xff, 0x49, 0xff, 0x49, 0xff, 0x49, 0xff, 0x49, 0xff, 0x49, 0xff, 0x6d, 0xff, 0x92, 0xff, 
  0x92, 0xff, 0x6d, 0xff, 0x49, 0xff, 0x49, 0xff, 0x49, 0xff, 0x49, 0xff, 0x49, 0xff, 0x49, 0xff, 0x49, 0xff, 0x49, 0xff, 0x49, 0xff, 0x49, 0xff, 0x49, 0xff, 0x49, 0xff, 0x49, 0xff, 0x49, 0xff, 0x49, 0xff, 0x49, 0xff, 0x49, 0xff, 0x49, 0xff, 0x49, 0xff, 0x49, 0xff, 0x6d, 0xff, 0x92, 0xff, 
  0x92, 0xff, 0x6d, 0xff, 0x49, 0xff, 0x49, 0xff, 0x49, 0xff, 0x49, 0xff, 0x49, 0xff, 0x49, 0xff, 0x49, 0xff, 0x49, 0xff, 0x49, 0xff, 0x49, 0xff, 0x49, 0xff, 0x49, 0xff, 0x49, 0xff, 0x49, 0xff, 0x49, 0xff, 0x49, 0xff, 0x49, 0xff, 0x49, 0xff, 0x49, 0xff, 0x49, 0xff, 0x6d, 0xff, 0x92, 0xff, 
  0x92, 0xff, 0x25, 0xff, 0x25, 0xff, 0x25, 0xff, 0x25, 0xff, 0x25, 0xff, 0x25, 0xff, 0x25, 0xff, 0x25, 0xff, 0x25, 0xff, 0x25, 0xff, 0x25, 0xff, 0x25, 0xff, 0x25, 0xff, 0x25, 0xff, 0x25, 0xff, 0x25, 0xff, 0x25, 0xff, 0x25, 0xff, 0x25, 0xff, 0x25, 0xff, 0x25, 0xff, 0x25, 0xff, 0x92, 0xff, 
  0x92, 0xff, 0x49, 0xff, 0x25, 0xff, 0x25, 0xff, 0x25, 0xff, 0x25, 0xff, 0x25, 0xff, 0x25, 0xff, 0x25, 0xff, 0x25, 0xff, 0x25, 0xff, 0x25, 0xff, 0x25, 0xff, 0x25, 0xff, 0x25, 0xff, 0x25, 0xff, 0x25, 0xff, 0x25, 0xff, 0x25, 0xff, 0x25, 0xff, 0x25, 0xff, 0x25, 0xff, 0x49, 0xff, 0x92, 0xff, 
  0x92, 0xff, 0x6d, 0xff, 0x49, 0xff, 0x49, 0xff, 0x49, 0xff, 0x49, 0xff, 0x49, 0xff, 0x49, 0xff, 0x49, 0xff, 0x49, 0xff, 0x49, 0xff, 0x49, 0xff, 0x49, 0xff, 0x49, 0xff, 0x49, 0xff, 0x49, 0xff, 0x49, 0xff, 0x49, 0xff, 0x49, 0xff, 0x49, 0xff, 0x49, 0xff, 0x49, 0xff, 0x6d, 0xff, 0x92, 0xff, 
  0x92, 0xff, 0x6d, 0xff, 0x49, 0xff, 0x49, 0xff, 0x49, 0xff, 0x49, 0xff, 0x49, 0xff, 0x49, 0xff, 0x49, 0xff, 0x49, 0xff, 0x49, 0xff, 0x49, 0xff, 0x49, 0xff, 0x49, 0xff, 0x49, 0xff, 0x49, 0xff, 0x49, 0xff, 0x49, 0xff, 0x49, 0xff, 0x49, 0xff, 0x49, 0xff, 0x49, 0xff, 0x6d, 0xff, 0x92, 0xff, 
  0x92, 0xff, 0x6d, 0xff, 0x49, 0xff, 0x49, 0xff, 0x49, 0xff, 0x49, 0xff, 0x49, 0xff, 0x49, 0xff, 0x49, 0xff, 0x49, 0xff, 0x49, 0xff, 0x49, 0xff, 0x49, 0xff, 0x49, 0xff, 0x49, 0xff, 0x49, 0xff, 0x49, 0xff, 0x49, 0xff, 0x49, 0xff, 0x49, 0xff, 0x49, 0xff, 0x49, 0xff, 0x6d, 0xff, 0x92, 0xff, 
  0x92, 0xff, 0x6d, 0xff, 0x49, 0xff, 0x49, 0xff, 0x49, 0xff, 0x49, 0xff, 0x49, 0xff, 0x49, 0xff, 0x49, 0xff, 0x49, 0xff, 0x49, 0xff, 0x49, 0xff, 0x49, 0xff, 0x49, 0xff, 0x49, 0xff, 0x49, 0xff, 0x49, 0xff, 0x49, 0xff, 0x49, 0xff, 0x49, 0xff, 0x49, 0xff, 0x49, 0xff, 0x6d, 0xff, 0x92, 0xff, 
  0x92, 0xff, 0x6d, 0xff, 0x49, 0xff, 0x49, 0xff, 0x49, 0xff, 0x49, 0xff, 0x49, 0xff, 0x49, 0xff, 0x49, 0xff, 0x49, 0xff, 0x49, 0xff, 0x49, 0xff, 0x49, 0xff, 0x49, 0xff, 0x49, 0xff, 0x49, 0xff, 0x49, 0xff, 0x49, 0xff, 0x49, 0xff, 0x49, 0xff, 0x49, 0xff, 0x49, 0xff, 0x6d, 0xff, 0x92, 0xff, 
  0x92, 0xff, 0x6d, 0xff, 0x49, 0xff, 0x49, 0xff, 0x49, 0xff, 0x49, 0xff, 0x49, 0xff, 0x49, 0xff, 0x49, 0xff, 0x49, 0xff, 0x49, 0xff, 0x49, 0xff, 0x49, 0xff, 0x49, 0xff, 0x49, 0xff, 0x49, 0xff, 0x49, 0xff, 0x49, 0xff, 0x49, 0xff, 0x49, 0xff, 0x49, 0xff, 0x49, 0xff, 0x6d, 0xff, 0x92, 0xff, 
  0x92, 0xff, 0x49, 0xff, 0x49, 0xff, 0x49, 0xff, 0x49, 0xff, 0x49, 0xff, 0x49, 0xff, 0x49, 0xff, 0x49, 0xff, 0x49, 0xff, 0x49, 0xff, 0x49, 0xff, 0x49, 0xff, 0x49, 0xff, 0x49, 0xff, 0x49, 0xff, 0x49, 0xff, 0x49, 0xff, 0x49, 0xff, 0x49, 0xff, 0x49, 0xff, 0x49, 0xff, 0x49, 0xff, 0x92, 0xff, 
  0x92, 0xff, 0x25, 0xff, 0x24, 0xff, 0x24, 0xff, 0x24, 0xff, 0x24, 0xff, 0x24, 0xff, 0x24, 0xff, 0x24, 0xff, 0x24, 0xff, 0x24, 0xff, 0x24, 0xff, 0x24, 0xff, 0x24, 0xff, 0x24, 0xff, 0x24, 0xff, 0x24, 0xff, 0x24, 0xff, 0x24, 0xff, 0x24, 0xff, 0x24, 0xff, 0x24, 0xff, 0x25, 0xff, 0x92, 0xff, 
  0x92, 0xff, 0x49, 0xff, 0x49, 0xff, 0x49, 0xff, 0x49, 0xff, 0x49, 0xff, 0x49, 0xff, 0x49, 0xff, 0x49, 0xff, 0x49, 0xff, 0x49, 0xff, 0x49, 0xff, 0x49, 0xff, 0x49, 0xff, 0x49, 0xff, 0x49, 0xff, 0x49, 0xff, 0x49, 0xff, 0x49, 0xff, 0x49, 0xff, 0x49, 0xff, 0x49, 0xff, 0x49, 0xff, 0x92, 0xff, 
  0x92, 0xff, 0x6d, 0xff, 0x49, 0xff, 0x49, 0xff, 0x49, 0xff, 0x49, 0xff, 0x49, 0xff, 0x49, 0xff, 0x49, 0xff, 0x49, 0xff, 0x49, 0xff, 0x49, 0xff, 0x49, 0xff, 0x49, 0xff, 0x49, 0xff, 0x49, 0xff, 0x49, 0xff, 0x49, 0xff, 0x49, 0xff, 0x49, 0xff, 0x49, 0xff, 0x49, 0xff, 0x6d, 0xff, 0x92, 0xff, 
  0x92, 0xff, 0x6d, 0xff, 0x49, 0xff, 0x49, 0xff, 0x49, 0xff, 0x49, 0xff, 0x49, 0xff, 0x49, 0xff, 0x49, 0xff, 0x49, 0xff, 0x49, 0xff, 0x49, 0xff, 0x49, 0xff, 0x49, 0xff, 0x49, 0xff, 0x49, 0xff, 0x49, 0xff, 0x49, 0xff, 0x49, 0xff, 0x49, 0xff, 0x49, 0xff, 0x49, 0xff, 0x6d, 0xff, 0x92, 0xff, 
  0x92, 0xff, 0x6d, 0xff, 0x49, 0xff, 0x49, 0xff, 0x49, 0xff, 0x49, 0xff, 0x49, 0xff, 0x49, 0xff, 0x49, 0xff, 0x49, 0xff, 0x49, 0xff, 0x49, 0xff, 0x49, 0xff, 0x49, 0xff, 0x49, 0xff, 0x49, 0xff, 0x49, 0xff, 0x49, 0xff, 0x49, 0xff, 0x49, 0xff, 0x49, 0xff, 0x49, 0xff, 0x6d, 0xff, 0x92, 0xff, 
  0x92, 0xff, 0x6d, 0xff, 0x49, 0xff, 0x49, 0xff, 0x49, 0xff, 0x49, 0xff, 0x49, 0xff, 0x49, 0xff, 0x49, 0xff, 0x49, 0xff, 0x49, 0xff, 0x49, 0xff, 0x49, 0xff, 0x49, 0xff, 0x49, 0xff, 0x49, 0xff, 0x49, 0xff, 0x49, 0xff, 0x49, 0xff, 0x49, 0xff, 0x49, 0xff, 0x49, 0xff, 0x6d, 0xff, 0x92, 0xff, 
  0x92, 0xff, 0x6d, 0xff, 0x49, 0xff, 0x49, 0xff, 0x49, 0xff, 0x49, 0xff, 0x49, 0xff, 0x49, 0xff, 0x49, 0xff, 0x49, 0xff, 0x49, 0xff, 0x49, 0xff, 0x49, 0xff, 0x49, 0xff, 0x49, 0xff, 0x49, 0xff, 0x49, 0xff, 0x49, 0xff, 0x49, 0xff, 0x49, 0xff, 0x49, 0xff, 0x49, 0xff, 0x6d, 0xff, 0x92, 0xff, 
  0x92, 0xff, 0x6d, 0xff, 0x49, 0xff, 0x49, 0xff, 0x49, 0xff, 0x49, 0xff, 0x49, 0xff, 0x49, 0xff, 0x49, 0xff, 0x49, 0xff, 0x49, 0xff, 0x49, 0xff, 0x49, 0xff, 0x49, 0xff, 0x49, 0xff, 0x49, 0xff, 0x49, 0xff, 0x49, 0xff, 0x49, 0xff, 0x49, 0xff, 0x49, 0xff, 0x49, 0xff, 0x6d, 0xff, 0x92, 0xff, 
  0x92, 0xff, 0x49, 0xff, 0x25, 0xff, 0x25, 0xff, 0x25, 0xff, 0x25, 0xff, 0x25, 0xff, 0x25, 0xff, 0x25, 0xff, 0x25, 0xff, 0x25, 0xff, 0x25, 0xff, 0x25, 0xff, 0x25, 0xff, 0x25, 0xff, 0x25, 0xff, 0x25, 0xff, 0x25, 0xff, 0x25, 0xff, 0x25, 0xff, 0x25, 0xff, 0x25, 0xff, 0x49, 0xff, 0x92, 0xff, 
  0x92, 0xff, 0x25, 0xff, 0x25, 0xff, 0x25, 0xff, 0x25, 0xff, 0x25, 0xff, 0x25, 0xff, 0x25, 0xff, 0x25, 0xff, 0x25, 0xff, 0x25, 0xff, 0x25, 0xff, 0x25, 0xff, 0x25, 0xff, 0x25, 0xff, 0x25, 0xff, 0x25, 0xff, 0x25, 0xff, 0x25, 0xff, 0x25, 0xff, 0x25, 0xff, 0x25, 0xff, 0x25, 0xff, 0x92, 0xff, 
  0x92, 0xff, 0x6d, 0xff, 0x49, 0xff, 0x49, 0xff, 0x49, 0xff, 0x49, 0xff, 0x49, 0xff, 0x49, 0xff, 0x49, 0xff, 0x49, 0xff, 0x49, 0xff, 0x49, 0xff, 0x49, 0xff, 0x49, 0xff, 0x49, 0xff, 0x49, 0xff, 0x49, 0xff, 0x49, 0xff, 0x49, 0xff, 0x49, 0xff, 0x49, 0xff, 0x49, 0xff, 0x6d, 0xff, 0x92, 0xff, 
  0x92, 0xff, 0x6d, 0xff, 0x49, 0xff, 0x49, 0xff, 0x49, 0xff, 0x49, 0xff, 0x49, 0xff, 0x49, 0xff, 0x49, 0xff, 0x49, 0xff, 0x49, 0xff, 0x49, 0xff, 0x49, 0xff, 0x49, 0xff, 0x49, 0xff, 0x49, 0xff, 0x49, 0xff, 0x49, 0xff, 0x49, 0xff, 0x49, 0xff, 0x49, 0xff, 0x49, 0xff, 0x6d, 0xff, 0x92, 0xff, 
  0x92, 0xff, 0x6d, 0xff, 0x49, 0xff, 0x49, 0xff, 0x49, 0xff, 0x49, 0xff, 0x49, 0xff, 0x49, 0xff, 0x49, 0xff, 0x49, 0xff, 0x49, 0xff, 0x49, 0xff, 0x49, 0xff, 0x49, 0xff, 0x49, 0xff, 0x49, 0xff, 0x49, 0xff, 0x49, 0xff, 0x49, 0xff, 0x49, 0xff, 0x49, 0xff, 0x49, 0xff, 0x6d, 0xff, 0x92, 0xff, 
  0x92, 0xff, 0x6d, 0xff, 0x49, 0xff, 0x49, 0xff, 0x49, 0xff, 0x49, 0xff, 0x49, 0xff, 0x49, 0xff, 0x49, 0xff, 0x49, 0xff, 0x49, 0xff, 0x49, 0xff, 0x49, 0xff, 0x49, 0xff, 0x49, 0xff, 0x49, 0xff, 0x49, 0xff, 0x49, 0xff, 0x49, 0xff, 0x49, 0xff, 0x49, 0xff, 0x49, 0xff, 0x6d, 0xff, 0x92, 0xff, 
  0x92, 0xff, 0x6d, 0xff, 0x49, 0xff, 0x49, 0xff, 0x49, 0xff, 0x49, 0xff, 0x49, 0xff, 0x49, 0xff, 0x49, 0xff, 0x49, 0xff, 0x49, 0xff, 0x49, 0xff, 0x49, 0xff, 0x49, 0xff, 0x49, 0xff, 0x49, 0xff, 0x49, 0xff, 0x49, 0xff, 0x49, 0xff, 0x49, 0xff, 0x49, 0xff, 0x49, 0xff, 0x6d, 0xff, 0x92, 0xff, 
  0x92, 0xff, 0x6d, 0xff, 0x49, 0xff, 0x49, 0xff, 0x49, 0xff, 0x49, 0xff, 0x49, 0xff, 0x49, 0xff, 0x49, 0xff, 0x49, 0xff, 0x49, 0xff, 0x49, 0xff, 0x49, 0xff, 0x49, 0xff, 0x49, 0xff, 0x49, 0xff, 0x49, 0xff, 0x49, 0xff, 0x49, 0xff, 0x49, 0xff, 0x49, 0xff, 0x49, 0xff, 0x6d, 0xff, 0x92, 0xff, 
  0x92, 0xff, 0x6e, 0xff, 0x49, 0xff, 0x49, 0xff, 0x49, 0xff, 0x49, 0xff, 0x49, 0xff, 0x49, 0xff, 0x49, 0xff, 0x49, 0xff, 0x49, 0xff, 0x49, 0xff, 0x49, 0xff, 0x49, 0xff, 0x49, 0xff, 0x49, 0xff, 0x49, 0xff, 0x49, 0xff, 0x49, 0xff, 0x49, 0xff, 0x49, 0xff, 0x49, 0xff, 0x6d, 0xff, 0x92, 0xff, 
  0x92, 0xff, 0x6e, 0xff, 0x49, 0xff, 0x49, 0xff, 0x49, 0xff, 0x49, 0xff, 0x49, 0xff, 0x49, 0xff, 0x49, 0xff, 0x49, 0xff, 0x49, 0xff, 0x49, 0xff, 0x49, 0xff, 0x49, 0xff, 0x49, 0xff, 0x49, 0xff, 0x49, 0xff, 0x49, 0xff, 0x49, 0xff, 0x49, 0xff, 0x49, 0xff, 0x49, 0xff, 0x92, 0xff, 0x92, 0xff, 
  0x92, 0xff, 0x92, 0xff, 0x92, 0xff, 0x6d, 0xff, 0x49, 0xff, 0x49, 0xff, 0x49, 0xff, 0x49, 0xff, 0x49, 0xff, 0x49, 0xff, 0x49, 0xff, 0x49, 0xff, 0x49, 0xff, 0x49, 0xff, 0x49, 0xff, 0x49, 0xff, 0x49, 0xff, 0x49, 0xff, 0x49, 0xff, 0x49, 0xff, 0x6d, 0xff, 0x92, 0xff, 0x92, 0xff, 0x92, 0xff, 
  0x92, 0xff, 0x92, 0xff, 0x92, 0xff, 0x92, 0xff, 0x6e, 0xff, 0x49, 0xff, 0x49, 0xff, 0x49, 0xff, 0x49, 0xff, 0x49, 0xff, 0x49, 0xff, 0x49, 0xff, 0x49, 0xff, 0x49, 0xff, 0x49, 0xff, 0x49, 0xff, 0x49, 0xff, 0x49, 0xff, 0x49, 0xff, 0x92, 0xff, 0x92, 0xff, 0x92, 0xff, 0x92, 0xff, 0x92, 0xff, 
  0x92, 0xff, 0x92, 0xff, 0x92, 0xff, 0x92, 0xff, 0x92, 0xff, 0x6e, 0xff, 0x49, 0xff, 0x49, 0xff, 0x49, 0xff, 0x49, 0xff, 0x49, 0xff, 0x49, 0xff, 0x49, 0xff, 0x49, 0xff, 0x49, 0xff, 0x49, 0xff, 0x49, 0xff, 0x49, 0xff, 0x6e, 0xff, 0x92, 0xff, 0x92, 0xff, 0x92, 0xff, 0x92, 0xff, 0x92, 0xff, 
  0x92, 0xff, 0x92, 0xff, 0x92, 0xff, 0x92, 0xff, 0x92, 0xff, 0x92, 0xff, 0x49, 0xff, 0x49, 0xff, 0x49, 0xff, 0x49, 0xff, 0x49, 0xff, 0x49, 0xff, 0x49, 0xff, 0x49, 0xff, 0x49, 0xff, 0x49, 0xff, 0x49, 0xff, 0x49, 0xff, 0x92, 0xff, 0x92, 0xff, 0x92, 0xff, 0x92, 0xff, 0x92, 0xff, 0x92, 0xff, 
  0x92, 0xff, 0x92, 0xff, 0x92, 0xff, 0x92, 0xff, 0x92, 0xff, 0x92, 0xff, 0x49, 0xff, 0x49, 0xff, 0x49, 0xff, 0x49, 0xff, 0x49, 0xff, 0x49, 0xff, 0x49, 0xff, 0x49, 0xff, 0x49, 0xff, 0x49, 0xff, 0x49, 0xff, 0x49, 0xff, 0x92, 0xff, 0x92, 0xff, 0x92, 0xff, 0x92, 0xff, 0x92, 0xff, 0x92, 0xff, 
  0x92, 0xff, 0x92, 0xff, 0x92, 0xff, 0x92, 0xff, 0x92, 0xff, 0x92, 0xff, 0x6e, 0xff, 0x49, 0xff, 0x49, 0xff, 0x49, 0xff, 0x49, 0xff, 0x49, 0xff, 0x49, 0xff, 0x49, 0xff, 0x49, 0xff, 0x49, 0xff, 0x49, 0xff, 0x6e, 0xff, 0x92, 0xff, 0x92, 0xff, 0x92, 0xff, 0x92, 0xff, 0x92, 0xff, 0x92, 0xff, 
  0x92, 0xff, 0x92, 0xff, 0x92, 0xff, 0x92, 0xff, 0x92, 0xff, 0x92, 0xff, 0x6e, 0xff, 0x49, 0xff, 0x49, 0xff, 0x49, 0xff, 0x49, 0xff, 0x49, 0xff, 0x49, 0xff, 0x49, 0xff, 0x49, 0xff, 0x49, 0xff, 0x49, 0xff, 0x6e, 0xff, 0x92, 0xff, 0x92, 0xff, 0x92, 0xff, 0x92, 0xff, 0x92, 0xff, 0x92, 0xff, 
  0x92, 0xff, 0x92, 0xff, 0x92, 0xff, 0x92, 0xff, 0x92, 0xff, 0x92, 0xff, 0x92, 0xff, 0x49, 0xff, 0x49, 0xff, 0x49, 0xff, 0x49, 0xff, 0x49, 0xff, 0x49, 0xff, 0x49, 0xff, 0x49, 0xff, 0x49, 0xff, 0x49, 0xff, 0x92, 0xff, 0x92, 0xff, 0x92, 0xff, 0x92, 0xff, 0x92, 0xff, 0x92, 0xff, 0x92, 0xff, 
  0x92, 0xff, 0x92, 0xff, 0x92, 0xff, 0x92, 0xff, 0x92, 0xff, 0x92, 0xff, 0x6e, 0xff, 0x49, 0xff, 0x49, 0xff, 0x49, 0xff, 0x49, 0xff, 0x49, 0xff, 0x49, 0xff, 0x49, 0xff, 0x49, 0xff, 0x49, 0xff, 0x49, 0xff, 0x6e, 0xff, 0x92, 0xff, 0x92, 0xff, 0x92, 0xff, 0x92, 0xff, 0x92, 0xff, 0x92, 0xff, 
  0x92, 0xff, 0x92, 0xff, 0x92, 0xff, 0x92, 0xff, 0x92, 0xff, 0x92, 0xff, 0x6e, 0xff, 0x49, 0xff, 0x49, 0xff, 0x49, 0xff, 0x49, 0xff, 0x49, 0xff, 0x49, 0xff, 0x49, 0xff, 0x49, 0xff, 0x49, 0xff, 0x49, 0xff, 0x6e, 0xff, 0x92, 0xff, 0x92, 0xff, 0x92, 0xff, 0x92, 0xff, 0x92, 0xff, 0x92, 0xff, 
  0x92, 0xff, 0x92, 0xff, 0x92, 0xff, 0x92, 0xff, 0x92, 0xff, 0x92, 0xff, 0x6e, 0xff, 0x49, 0xff, 0x49, 0xff, 0x49, 0xff, 0x49, 0xff, 0x49, 0xff, 0x49, 0xff, 0x49, 0xff, 0x49, 0xff, 0x49, 0xff, 0x49, 0xff, 0x6e, 0xff, 0x92, 0xff, 0x92, 0xff, 0x92, 0xff, 0x92, 0xff, 0x92, 0xff, 0x92, 0xff, 
  0x92, 0xff, 0x92, 0xff, 0x92, 0xff, 0x92, 0xff, 0x92, 0xff, 0x92, 0xff, 0x6d, 0xff, 0x49, 0xff, 0x49, 0xff, 0x49, 0xff, 0x49, 0xff, 0x49, 0xff, 0x49, 0xff, 0x49, 0xff, 0x49, 0xff, 0x49, 0xff, 0x49, 0xff, 0x6d, 0xff, 0x92, 0xff, 0x92, 0xff, 0x92, 0xff, 0x92, 0xff, 0x92, 0xff, 0x92, 0xff, 
  0x92, 0xff, 0x92, 0xff, 0x92, 0xff, 0x92, 0xff, 0x92, 0xff, 0x92, 0xff, 0x49, 0xff, 0x49, 0xff, 0x49, 0xff, 0x49, 0xff, 0x49, 0xff, 0x49, 0xff, 0x49, 0xff, 0x49, 0xff, 0x49, 0xff, 0x49, 0xff, 0x49, 0xff, 0x49, 0xff, 0x92, 0xff, 0x92, 0xff, 0x92, 0xff, 0x92, 0xff, 0x92, 0xff, 0x92, 0xff, 
  0x92, 0xff, 0x92, 0xff, 0x92, 0xff, 0x92, 0xff, 0x92, 0xff, 0x92, 0xff, 0x49, 0xff, 0x49, 0xff, 0x49, 0xff, 0x49, 0xff, 0x49, 0xff, 0x49, 0xff, 0x49, 0xff, 0x49, 0xff, 0x49, 0xff, 0x49, 0xff, 0x49, 0xff, 0x49, 0xff, 0x92, 0xff, 0x92, 0xff, 0x92, 0xff, 0x92, 0xff, 0x92, 0xff, 0x92, 0xff, 
  0x92, 0xff, 0x92, 0xff, 0x92, 0xff, 0x92, 0xff, 0x92, 0xff, 0x6e, 0xff, 0x49, 0xff, 0x49, 0xff, 0x49, 0xff, 0x49, 0xff, 0x49, 0xff, 0x49, 0xff, 0x49, 0xff, 0x49, 0xff, 0x49, 0xff, 0x49, 0xff, 0x49, 0xff, 0x49, 0xff, 0x6e, 0xff, 0x92, 0xff, 0x92, 0xff, 0x92, 0xff, 0x92, 0xff, 0x92, 0xff, 
  0x92, 0xff, 0x92, 0xff, 0x92, 0xff, 0x92, 0xff, 0x92, 0xff, 0x6e, 0xff, 0x49, 0xff, 0x49, 0xff, 0x49, 0xff, 0x49, 0xff, 0x49, 0xff, 0x49, 0xff, 0x49, 0xff, 0x49, 0xff, 0x49, 0xff, 0x49, 0xff, 0x49, 0xff, 0x49, 0xff, 0x6e, 0xff, 0x92, 0xff, 0x92, 0xff, 0x92, 0xff, 0x92, 0xff, 0x92, 0xff, 
  0x92, 0xff, 0x92, 0xff, 0x92, 0xff, 0x92, 0xff, 0x92, 0xff, 0x6e, 0xff, 0x49, 0xff, 0x49, 0xff, 0x49, 0xff, 0x49, 0xff, 0x49, 0xff, 0x49, 0xff, 0x49, 0xff, 0x49, 0xff, 0x49, 0xff, 0x49, 0xff, 0x49, 0xff, 0x49, 0xff, 0x6e, 0xff, 0x92, 0xff, 0x92, 0xff, 0x92, 0xff, 0x92, 0xff, 0x92, 0xff, 
  0x92, 0xfb, 0x92, 0xff, 0x92, 0xff, 0x92, 0xff, 0x92, 0xff, 0x92, 0xff, 0x49, 0xff, 0x49, 0xff, 0x49, 0xff, 0x49, 0xff, 0x49, 0xff, 0x49, 0xff, 0x49, 0xff, 0x49, 0xff, 0x49, 0xff, 0x49, 0xff, 0x49, 0xff, 0x6d, 0xff, 0x92, 0xff, 0x92, 0xff, 0x92, 0xff, 0x92, 0xff, 0x92, 0xff, 0x92, 0xfb, 
  0x92, 0x81, 0x92, 0xff, 0x92, 0xff, 0x92, 0xff, 0x92, 0xff, 0x92, 0xff, 0x92, 0xff, 0x92, 0xff, 0x6e, 0xff, 0x6e, 0xff, 0x6e, 0xff, 0x6e, 0xff, 0x6e, 0xff, 0x6e, 0xff, 0x6e, 0xff, 0x6e, 0xff, 0x6e, 0xff, 0x92, 0xff, 0x92, 0xff, 0x92, 0xff, 0x92, 0xff, 0x92, 0xff, 0x92, 0xff, 0x92, 0x81, 
  0x00, 0x00, 0x92, 0x50, 0x92, 0x7f, 0x92, 0x7f, 0x92, 0x7f, 0x92, 0x7f, 0x92, 0x7f, 0x92, 0x7f, 0x92, 0x7f, 0x92, 0x7f, 0x92, 0x7f, 0x92, 0x7f, 0x92, 0x7f, 0x92, 0x7f, 0x92, 0x7f, 0x92, 0x7f, 0x92, 0x7f, 0x92, 0x7f, 0x92, 0x7f, 0x92, 0x7f, 0x92, 0x7f, 0x92, 0x7f, 0x92, 0x50, 0x00, 0x00, 
#endif
#if LV_COLOR_DEPTH == 16 && LV_COLOR_16_SWAP == 0
  /*Pixel format: Alpha 8 bit, Red: 5 bit, Green: 6 bit, Blue: 5 bit*/
  0x00, 0x00, 0x00, 0x52, 0x84, 0x50, 0x32, 0x84, 0x7f, 0x32, 0x84, 0x7f, 0x32, 0x84, 0x7f, 0x32, 0x84, 0x7f, 0x32, 0x84, 0x7f, 0x32, 0x84, 0x7f, 0x32, 0x84, 0x7f, 0x32, 0x84, 0x7f, 0x32, 0x84, 0x7f, 0x32, 0x84, 0x7f, 0x32, 0x84, 0x7f, 0x32, 0x84, 0x7f, 0x32, 0x84, 0x7f, 0x32, 0x84, 0x7f, 0x32, 0x84, 0x7f, 0x32, 0x84, 0x7f, 0x32, 0x84, 0x7f, 0x32, 0x84, 0x7f, 0x32, 0x84, 0x7f, 0x32, 0x84, 0x7f, 0x52, 0x84, 0x50, 0x00, 0x00, 0x00, 
  0x32, 0x84, 0x81, 0x32, 0x84, 0xff, 0x32, 0x84, 0xff, 0x6e, 0x6b, 0xff, 0x6e, 0x6b, 0xff, 0x6e, 0x6b, 0xff, 0x6e, 0x6b, 0xff, 0x6e, 0x6b, 0xff, 0x6e, 0x6b, 0xff, 0x6e, 0x6b, 0xff, 0x6e, 0x6b, 0xff, 0x6e, 0x6b, 0xff, 0x6e, 0x6b, 0xff, 0x6e, 0x6b, 0xff, 0x6e, 0x6b, 0xff, 0x6e, 0x6b, 0xff, 0x6e, 0x6b, 0xff, 0x6e, 0x6b, 0xff, 0x6e, 0x6b, 0xff, 0x6e, 0x6b, 0xff, 0xaf, 0x73, 0xff, 0xf0, 0x7b, 0xff, 0x32, 0x84, 0xff, 0x32, 0x84, 0x81, 
  0x31, 0x84, 0xfb, 0xf0, 0x7b, 0xff, 0x6a, 0x4a, 0xff, 0x29, 0x42, 0xff, 0x29, 0x42, 0xff, 0x29, 0x42, 0xff, 0x29, 0x42, 0xff, 0x29, 0x42, 0xff, 0x29, 0x42, 0xff, 0x29, 0x42, 0xff, 0x29, 0x42, 0xff, 0x29, 0x42, 0xff, 0x29, 0x42, 0xff, 0x29, 0x42, 0xff, 0x29, 0x42, 0xff, 0x29, 0x42, 0xff, 0x29, 0x42, 0xff, 0x29, 0x42, 0xff, 0x29, 0x42, 0xff, 0x29, 0x42, 0xff, 0x29, 0x42, 0xff, 0xab, 0x52, 0xff, 0xf0, 0x7b, 0xff, 0x32, 0x84, 0xfb, 
  0x32, 0x84, 0xff, 0x2d, 0x63, 0xff, 0x29, 0x42, 0xff, 0x29, 0x42, 0xff, 0x29, 0x42, 0xff, 0x29, 0x42, 0xff, 0x29, 0x42, 0xff, 0x29, 0x42, 0xff, 0x29, 0x42, 0xff, 0x29, 0x42, 0xff, 0x29, 0x42, 0xff, 0x29, 0x42, 0xff, 0x29, 0x42, 0xff, 0x29, 0x42, 0xff, 0x29, 0x42, 0xff, 0x29, 0x42, 0xff, 0x29, 0x42, 0xff, 0x29, 0x42, 0xff, 0x29, 0x42, 0xff, 0x29, 0x42, 0xff, 0x29, 0x42, 0xff, 0x29, 0x42, 0xff, 0x2d, 0x63, 0xff, 0x32, 0x84, 0xff, 
  0x32, 0x84, 0xff, 0xab, 0x52, 0xff, 0x29, 0x42, 0xff, 0x29, 0x42, 0xff, 0x29, 0x42, 0xff, 0x29, 0x42, 0xff, 0x29, 0x42, 0xff, 0x29, 0x42, 0xff, 0x29, 0x42, 0xff, 0x29, 0x42, 0xff, 0x29, 0x42, 0xff, 0x29, 0x42, 0xff, 0x29, 0x42, 0xff, 0x29, 0x42, 0xff, 0x29, 0x42, 0xff, 0x29, 0x42, 0xff, 0x29, 0x42, 0xff, 0x29, 0x42, 0xff, 0x29, 0x42, 0xff, 0x29, 0x42, 0xff, 0x29, 0x42, 0xff, 0x29, 0x42, 0xff, 0xab, 0x52, 0xff, 0x32, 0x84, 0xff, 
  0x32, 0x84, 0xff, 0xab, 0x52, 0xff, 0x29, 0x42, 0xff, 0x29, 0x42, 0xff, 0x29, 0x42, 0xff, 0x29, 0x42, 0xff, 0x29, 0x42, 0xff, 0x29, 0x42, 0xff, 0x29, 0x42, 0xff, 0x29, 0x42, 0xff, 0x29, 0x42, 0xff, 0x29, 0x42, 0xff, 0x29, 0x42, 0xff, 0x29, 0x42, 0xff, 0x29, 0x42, 0xff, 0x29, 0x42, 0xff, 0x29, 0x42, 0xff, 0x29, 0x42, 0xff, 0x29, 0x42, 0xff, 0x29, 0x42, 0xff, 0x29, 0x42, 0xff, 0x29, 0x42, 0xff, 0xab, 0x52, 0xff, 0x32, 0x84, 0xff, 
  0x32, 0x84, 0xff, 0xab, 0x52, 0xff, 0x29, 0x42, 0xff, 0x29, 0x42, 0xff, 0x29, 0x42, 0xff, 0x29, 0x42, 0xff, 0x29, 0x42, 0xff, 0x29, 0x42, 0xff, 0x29, 0x42, 0xff, 0x29, 0x42, 0xff, 0x29, 0x42, 0xff, 0x29, 0x42, 0xff, 0x29, 0x42, 0xff, 0x29, 0x42, 0xff, 0x29, 0x42, 0xff, 0x29, 0x42, 0xff, 0x29, 0x42, 0xff, 0x29, 0x42, 0xff, 0x29, 0x42, 0xff, 0x29, 0x42, 0xff, 0x29, 0x42, 0xff, 0x29, 0x42, 0xff, 0xab, 0x52, 0xff, 0x32, 0x84, 0xff, 
  0x32, 0x84, 0xff, 0xab, 0x52, 0xff, 0x29, 0x42, 0xff, 0x29, 0x42, 0xff, 0x29, 0x42, 0xff, 0x29, 0x42, 0xff, 0x29, 0x42, 0xff, 0x29, 0x42, 0xff, 0x29, 0x42, 0xff, 0x29, 0x42, 0xff, 0x29, 0x42, 0xff, 0x29, 0x42, 0xff, 0x29, 0x42, 0xff, 0x29, 0x42, 0xff, 0x29, 0x42, 0xff, 0x29, 0x42, 0xff, 0x29, 0x42, 0xff, 0x29, 0x42, 0xff, 0x29, 0x42, 0xff, 0x29, 0x42, 0xff, 0x29, 0x42, 0xff, 0x29, 0x42, 0xff, 0xab, 0x52, 0xff, 0x32, 0x84, 0xff, 
  0x31, 0x84, 0xff, 0xab, 0x52, 0xff, 0x29, 0x42, 0xff, 0x29, 0x42, 0xff, 0x29, 0x42, 0xff, 0x29, 0x42, 0xff, 0x29, 0x42, 0xff, 0x29, 0x42, 0xff, 0x29, 0x42, 0xff, 0x29, 0x42, 0xff, 0x29, 0x42, 0xff, 0x29, 0x42, 0xff, 0x29, 0x42, 0xff, 0x29, 0x42, 0xff, 0x29, 0x42, 0xff, 0x29, 0x42, 0xff, 0x29, 0x42, 0xff, 0x29, 0x42, 0xff, 0x29, 0x42, 0xff, 0x29, 0x42, 0xff, 0x29, 0x42, 0xff, 0x29, 0x42, 0xff, 0xab, 0x52, 0xff, 0x32, 0x84, 0xff, 
  0x32, 0x84, 0xff, 0xcb, 0x5a, 0xff, 0x49, 0x4a, 0xff, 0x49, 0x4a, 0xff, 0x49, 0x4a, 0xff, 0x49, 0x4a, 0xff, 0x49, 0x4a, 0xff, 0x49, 0x4a, 0xff, 0x49, 0x4a, 0xff, 0x49, 0x4a, 0xff, 0x49, 0x4a, 0xff, 0x49, 0x4a, 0xff, 0x49, 0x4a, 0xff, 0x49, 0x4a, 0xff, 0x49, 0x4a, 0xff, 0x49, 0x4a, 0xff, 0x49, 0x4a, 0xff, 0x49, 0x4a, 0xff, 0x49, 0x4a, 0xff, 0x49, 0x4a, 0xff, 0x49, 0x4a, 0xff, 0x49, 0x4a, 0xff, 0xcb, 0x52, 0xff, 0x32, 0x84, 0xff, 
  0x52, 0x84, 0xff, 0x6a, 0x4a, 0xff, 0x29, 0x42, 0xff, 0x29, 0x42, 0xff, 0x29, 0x42, 0xff, 0x29, 0x42, 0xff, 0x29, 0x42, 0xff, 0x29, 0x42, 0xff, 0x29, 0x42, 0xff, 0x29, 0x42, 0xff, 0x29, 0x42, 0xff, 0x29, 0x42, 0xff, 0x29, 0x42, 0xff, 0x29, 0x42, 0xff, 0x29, 0x42, 0xff, 0x29, 0x42, 0xff, 0x29, 0x42, 0xff, 0x29, 0x42, 0xff, 0x29, 0x42, 0xff, 0x29, 0x42, 0xff, 0x29, 0x42, 0xff, 0x29, 0x42, 0xff, 0x6a, 0x4a, 0xff, 0x52, 0x84, 0xff, 
  0x52, 0x84, 0xff, 0x45, 0x29, 0xff, 0x04, 0x21, 0xff, 0x04, 0x21, 0xff, 0x04, 0x21, 0xff, 0x04, 0x21, 0xff, 0x04, 0x21, 0xff, 0x04, 0x21, 0xff, 0x04, 0x21, 0xff, 0x04, 0x21, 0xff, 0x04, 0x21, 0xff, 0x04, 0x21, 0xff, 0x04, 0x21, 0xff, 0x04, 0x21, 0xff, 0x04, 0x21, 0xff, 0x04, 0x21, 0xff, 0x04, 0x21, 0xff, 0x04, 0x21, 0xff, 0x04, 0x21, 0xff, 0x04, 0x21, 0xff, 0x04, 0x21, 0xff, 0x04, 0x21, 0xff, 0x45, 0x29, 0xff, 0x52, 0x84, 0xff, 
  0x32, 0x84, 0xff, 0x8a, 0x52, 0xff, 0x49, 0x4a, 0xff, 0x49, 0x4a, 0xff, 0x49, 0x4a, 0xff, 0x49, 0x4a, 0xff, 0x49, 0x4a, 0xff, 0x49, 0x4a, 0xff, 0x49, 0x4a, 0xff, 0x49, 0x4a, 0xff, 0x49, 0x4a, 0xff, 0x49, 0x4a, 0xff, 0x49, 0x4a, 0xff, 0x49, 0x4a, 0xff, 0x49, 0x4a, 0xff, 0x49, 0x4a, 0xff, 0x49, 0x4a, 0xff, 0x49, 0x4a, 0xff, 0x49, 0x4a, 0xff, 0x49, 0x4a, 0xff, 0x49, 0x4a, 0xff, 0x49, 0x4a, 0xff, 0x8a, 0x52, 0xff, 0x52, 0x84, 0xff, 
  0x32, 0x84, 0xff, 0xcb, 0x5a, 0xff, 0x49, 0x4a, 0xff, 0x49, 0x4a, 0xff, 0x49, 0x4a, 0xff, 0x49, 0x4a, 0xff, 0x49, 0x4a, 0xff, 0x49, 0x4a, 0xff, 0x49, 0x4a, 0xff, 0x49, 0x4a, 0xff, 0x49, 0x4a, 0xff, 0x49, 0x4a, 0xff, 0x49, 0x4a, 0xff, 0x49, 0x4a, 0xff, 0x49, 0x4a, 0xff, 0x49, 0x4a, 0xff, 0x49, 0x4a, 0xff, 0x49, 0x4a, 0xff, 0x49, 0x4a, 0xff, 0x49, 0x4a, 0xff, 0x49, 0x4a, 0xff, 0x49, 0x4a, 0xff, 0xcb, 0x52, 0xff, 0x32, 0x84, 0xff, 
  0x32, 0x84, 0xff, 0xab, 0x52, 0xff, 0x29, 0x42, 0xff, 0x29, 0x42, 0xff, 0x29, 0x42, 0xff, 0x29, 0x42, 0xff, 0x29, 0x42, 0xff, 0x29, 0x42, 0xff, 0x29, 0x42, 0xff, 0x29, 0x42, 0xff, 0x29, 0x42, 0xff, 0x29, 0x42, 0xff, 0x29, 0x42, 0xff, 0x29, 0x42, 0xff, 0x29, 0x42, 0xff, 0x29, 0x42, 0xff, 0x29, 0x42, 0xff, 0x29, 0x42, 0xff, 0x29, 0x42, 0xff, 0x29, 0x42, 0xff, 0x29, 0x42, 0xff, 0x29, 0x42, 0xff, 0xab, 0x52, 0xff, 0x32, 0x84, 0xff, 
  0x32, 0x84, 0xff, 0xab, 0x52, 0xff, 0x29, 0x42, 0xff, 0x29, 0x42, 0xff, 0x29, 0x42, 0xff, 0x29, 0x42, 0xff, 0x29, 0x42, 0xff, 0x29, 0x42, 0xff, 0x29, 0x42, 0xff, 0x29, 0x42, 0xff, 0x29, 0x42, 0xff, 0x29, 0x42, 0xff, 0x29, 0x42, 0xff, 0x29, 0x42, 0xff, 0x29, 0x42, 0xff, 0x29, 0x42, 0xff, 0x29, 0x42, 0xff, 0x29, 0x42, 0xff, 0x29, 0x42, 0xff, 0x29, 0x42, 0xff, 0x29, 0x42, 0xff, 0x29, 0x42, 0xff, 0xab, 0x52, 0xff, 0x32, 0x84, 0xff, 
  0x31, 0x84, 0xff, 0xab, 0x52, 0xff, 0x29, 0x42, 0xff, 0x29, 0x42, 0xff, 0x29, 0x42, 0xff, 0x29, 0x42, 0xff, 0x29, 0x42, 0xff, 0x29, 0x42, 0xff, 0x29, 0x42, 0xff, 0x29, 0x42, 0xff, 0x29, 0x42, 0xff, 0x29, 0x42, 0xff, 0x29, 0x42, 0xff, 0x29, 0x42, 0xff, 0x29, 0x42, 0xff, 0x29, 0x42, 0xff, 0x29, 0x42, 0xff, 0x29, 0x42, 0xff, 0x29, 0x42, 0xff, 0x29, 0x42, 0xff, 0x29, 0x42, 0xff, 0x29, 0x42, 0xff, 0xab, 0x52, 0xff, 0x32, 0x84, 0xff, 
  0x32, 0x84, 0xff, 0xab, 0x52, 0xff, 0x29, 0x42, 0xff, 0x29, 0x42, 0xff, 0x29, 0x42, 0xff, 0x29, 0x42, 0xff, 0x29, 0x42, 0xff, 0x29, 0x42, 0xff, 0x29, 0x42, 0xff, 0x29, 0x42, 0xff, 0x29, 0x42, 0xff, 0x29, 0x42, 0xff, 0x29, 0x42, 0xff, 0x29, 0x42, 0xff, 0x29, 0x42, 0xff, 0x29, 0x42, 0xff, 0x29, 0x42, 0xff, 0x29, 0x42, 0xff, 0x29, 0x42, 0xff, 0x29, 0x42, 0xff, 0x29, 0x42, 0xff, 0x29, 0x42, 0xff, 0xab, 0x52, 0xff, 0x32, 0x84, 0xff, 
  0x32, 0x84, 0xff, 0xcb, 0x52, 0xff, 0x49, 0x4a, 0xff, 0x49, 0x4a, 0xff, 0x49, 0x4a, 0xff, 0x49, 0x4a, 0xff, 0x49, 0x4a, 0xff, 0x49, 0x4a, 0xff, 0x49, 0x4a, 0xff, 0x49, 0x4a, 0xff, 0x49, 0x4a, 0xff, 0x49, 0x4a, 0xff, 0x49, 0x4a, 0xff, 0x49, 0x4a, 0xff, 0x49, 0x4a, 0xff, 0x49, 0x4a, 0xff, 0x49, 0x4a, 0xff, 0x49, 0x4a, 0xff, 0x49, 0x4a, 0xff, 0x49, 0x4a, 0xff, 0x49, 0x4a, 0xff, 0x49, 0x4a, 0xff, 0xcb, 0x52, 0xff, 0x32, 0x84, 0xff, 
  0x52, 0x84, 0xff, 0xa7, 0x31, 0xff, 0x66, 0x29, 0xff, 0x66, 0x29, 0xff, 0x66, 0x29, 0xff, 0x66, 0x29, 0xff, 0x66, 0x29, 0xff, 0x66, 0x29, 0xff, 0x66, 0x29, 0xff, 0x66, 0x29, 0xff, 0x66, 0x29, 0xff, 0x66, 0x29, 0xff, 0x66, 0x29, 0xff, 0x66, 0x29, 0xff, 0x66, 0x29, 0xff, 0x66, 0x29, 0xff, 0x66, 0x29, 0xff, 0x66, 0x29, 0xff, 0x66, 0x29, 0xff, 0x66, 0x29, 0xff, 0x66, 0x29, 0xff, 0x66, 0x29, 0xff, 0xa7, 0x31, 0xff, 0x52, 0x84, 0xff, 
  0x32, 0x84, 0xff, 0x45, 0x29, 0xff, 0x25, 0x21, 0xff, 0x25, 0x21, 0xff, 0x24, 0x21, 0xff, 0x25, 0x21, 0xff, 0x25, 0x21, 0xff, 0x25, 0x21, 0xff, 0x24, 0x21, 0xff, 0x25, 0x21, 0xff, 0x25, 0x21, 0xff, 0x25, 0x21, 0xff, 0x24, 0x21, 0xff, 0x25, 0x21, 0xff, 0x25, 0x21, 0xff, 0x25, 0x21, 0xff, 0x24, 0x21, 0xff, 0x25, 0x21, 0xff, 0x25, 0x21, 0xff, 0x25, 0x21, 0xff, 0x24, 0x21, 0xff, 0x25, 0x21, 0xff, 0x45, 0x29, 0xff, 0x52, 0x84, 0xff, 
  0x32, 0x84, 0xff, 0xcb, 0x5a, 0xff, 0x49, 0x4a, 0xff, 0x49, 0x4a, 0xff, 0x49, 0x4a, 0xff, 0x49, 0x4a, 0xff, 0x49, 0x4a, 0xff, 0x49, 0x4a, 0xff, 0x49, 0x4a, 0xff, 0x49, 0x4a, 0xff, 0x49, 0x4a, 0xff, 0x49, 0x4a, 0xff, 0x49, 0x4a, 0xff, 0x49, 0x4a, 0xff, 0x49, 0x4a, 0xff, 0x49, 0x4a, 0xff, 0x49, 0x4a, 0xff, 0x49, 0x4a, 0xff, 0x49, 0x4a, 0xff, 0x49, 0x4a, 0xff, 0x49, 0x4a, 0xff, 0x49, 0x4a, 0xff, 0xcb, 0x52, 0xff, 0x32, 0x84, 0xff, 
  0x32, 0x84, 0xff, 0xab, 0x52, 0xff, 0x29, 0x42, 0xff, 0x29, 0x42, 0xff, 0x29, 0x42, 0xff, 0x29, 0x42, 0xff, 0x29, 0x42, 0xff, 0x29, 0x42, 0xff, 0x29, 0x42, 0xff, 0x29, 0x42, 0xff, 0x29, 0x42, 0xff, 0x29, 0x42, 0xff, 0x29, 0x42, 0xff, 0x29, 0x42, 0xff, 0x29, 0x42, 0xff, 0x29, 0x42, 0xff, 0x29, 0x42, 0xff, 0x29, 0x42, 0xff, 0x29, 0x42, 0xff, 0x29, 0x42, 0xff, 0x29, 0x42, 0xff, 0x29, 0x42, 0xff, 0xab, 0x52, 0xff, 0x32, 0x84, 0xff, 
  0x32, 0x84, 0xff, 0xab, 0x52, 0xff, 0x29, 0x42, 0xff, 0x29, 0x42, 0xff, 0x29, 0x42, 0xff, 0x29, 0x42, 0xff, 0x29, 0x42, 0xff, 0x29, 0x42, 0xff, 0x29, 0x42, 0xff, 0x29, 0x42, 0xff, 0x29, 0x42, 0xff, 0x29, 0x42, 0xff, 0x29, 0x42, 0xff, 0x29, 0x42, 0xff, 0x29, 0x42, 0xff, 0x29, 0x42, 0xff, 0x29, 0x42, 0xff, 0x29, 0x42, 0xff, 0x29, 0x42, 0xff, 0x29, 0x42, 0xff, 0x29, 0x42, 0xff, 0x29, 0x42, 0xff, 0xab, 0x52, 0xff, 0x32, 0x84, 0xff, 
  0x31, 0x84, 0xff, 0xab, 0x52, 0xff, 0x29, 0x42, 0xff, 0x29, 0x42, 0xff, 0x29, 0x42, 0xff, 0x29, 0x42, 0xff, 0x29, 0x42, 0xff, 0x29, 0x42, 0xff, 0x29, 0x42, 0xff, 0x29, 0x42, 0xff, 0x29, 0x42, 0xff, 0x29, 0x42, 0xff, 0x29, 0x42, 0xff, 0x29, 0x42, 0xff, 0x29, 0x42, 0xff, 0x29, 0x42, 0xff, 0x29, 0x42, 0xff, 0x29, 0x42, 0xff, 0x29, 0x42, 0xff, 0x29, 0x42, 0xff, 0x29, 0x42, 0xff, 0x29, 0x42, 0xff, 0xab, 0x52, 0xff, 0x32, 0x84, 0xff, 
  0x32, 0x84, 0xff, 0xab, 0x52, 0xff, 0x29, 0x42, 0xff, 0x29, 0x42, 0xff, 0x29, 0x42, 0xff, 0x29, 0x42, 0xff, 0x29, 0x42, 0xff, 0x29, 0x42, 0xff, 0x29, 0x42, 0xff, 0x29, 0x42, 0xff, 0x29, 0x42, 0xff, 0x29, 0x42, 0xff, 0x29, 0x42, 0xff, 0x29, 0x42, 0xff, 0x29, 0x42, 0xff, 0x29, 0x42, 0xff, 0x29, 0x42, 0xff, 0x29, 0x42, 0xff, 0x29, 0x42, 0xff, 0x29, 0x42, 0xff, 0x29, 0x42, 0xff, 0x29, 0x42, 0xff, 0xab, 0x52, 0xff, 0x32, 0x84, 0xff, 
  0x32, 0x84, 0xff, 0xab, 0x52, 0xff, 0x29, 0x42, 0xff, 0x29, 0x42, 0xff, 0x29, 0x42, 0xff, 0x29, 0x42, 0xff, 0x29, 0x42, 0xff, 0x29, 0x42, 0xff, 0x29, 0x42, 0xff, 0x29, 0x42, 0xff, 0x29, 0x42, 0xff, 0x29, 0x42, 0xff, 0x29, 0x42, 0xff, 0x29, 0x42, 0xff, 0x29, 0x42, 0xff, 0x29, 0x42, 0xff, 0x29, 0x42, 0xff, 0x29, 0x42, 0xff, 0x29, 0x42, 0xff, 0x29, 0x42, 0xff, 0x29, 0x42, 0xff, 0x29, 0x42, 0xff, 0xab, 0x52, 0xff, 0x32, 0x84, 0xff, 
  0x32, 0x84, 0xff, 0xcb, 0x5a, 0xff, 0x49, 0x4a, 0xff, 0x49, 0x4a, 0xff, 0x49, 0x4a, 0xff, 0x49, 0x4a, 0xff, 0x49, 0x4a, 0xff, 0x49, 0x4a, 0xff, 0x49, 0x4a, 0xff, 0x49, 0x4a, 0xff, 0x49, 0x4a, 0xff, 0x49, 0x4a, 0xff, 0x49, 0x4a, 0xff, 0x49, 0x4a, 0xff, 0x49, 0x4a, 0xff, 0x49, 0x4a, 0xff, 0x49, 0x4a, 0xff, 0x49, 0x4a, 0xff, 0x49, 0x4a, 0xff, 0x49, 0x4a, 0xff, 0x49, 0x4a, 0xff, 0x49, 0x4a, 0xff, 0xcb, 0x52, 0xff, 0x32, 0x84, 0xff, 
  0x32, 0x84, 0xff, 0x45, 0x29, 0xff, 0x24, 0x21, 0xff, 0x25, 0x21, 0xff, 0x24, 0x21, 0xff, 0x25, 0x21, 0xff, 0x25, 0x21, 0xff, 0x25, 0x21, 0xff, 0x24, 0x21, 0xff, 0x25, 0x21, 0xff, 0x24, 0x21, 0xff, 0x25, 0x21, 0xff, 0x24, 0x21, 0xff, 0x25, 0x21, 0xff, 0x25, 0x21, 0xff, 0x25, 0x21, 0xff, 0x24, 0x21, 0xff, 0x25, 0x21, 0xff, 0x24, 0x21, 0xff, 0x25, 0x21, 0xff, 0x24, 0x21, 0xff, 0x25, 0x21, 0xff, 0x45, 0x29, 0xff, 0x52, 0x84, 0xff, 
  0x52, 0x84, 0xff, 0xa7, 0x31, 0xff, 0x66, 0x29, 0xff, 0x66, 0x29, 0xff, 0x66, 0x29, 0xff, 0x66, 0x29, 0xff, 0x66, 0x29, 0xff, 0x66, 0x29, 0xff, 0x66, 0x29, 0xff, 0x66, 0x29, 0xff, 0x66, 0x29, 0xff, 0x66, 0x29, 0xff, 0x66, 0x29, 0xff, 0x66, 0x29, 0xff, 0x66, 0x29, 0xff, 0x66, 0x29, 0xff, 0x66, 0x29, 0xff, 0x66, 0x29, 0xff, 0x66, 0x29, 0xff, 0x66, 0x29, 0xff, 0x66, 0x29, 0xff, 0x66, 0x29, 0xff, 0xa7, 0x31, 0xff, 0x52, 0x84, 0xff, 
  0x32, 0x84, 0xff, 0xcb, 0x52, 0xff, 0x49, 0x4a, 0xff, 0x49, 0x4a, 0xff, 0x49, 0x4a, 0xff, 0x49, 0x4a, 0xff, 0x49, 0x4a, 0xff, 0x49, 0x4a, 0xff, 0x49, 0x4a, 0xff, 0x49, 0x4a, 0xff, 0x49, 0x4a, 0xff, 0x49, 0x4a, 0xff, 0x49, 0x4a, 0xff, 0x49, 0x4a, 0xff, 0x49, 0x4a, 0xff, 0x49, 0x4a, 0xff, 0x49, 0x4a, 0xff, 0x49, 0x4a, 0xff, 0x49, 0x4a, 0xff, 0x49, 0x4a, 0xff, 0x49, 0x4a, 0xff, 0x49, 0x4a, 0xff, 0xcb, 0x52, 0xff, 0x32, 0x84, 0xff, 
  0x32, 0x84, 0xff, 0xab, 0x52, 0xff, 0x29, 0x42, 0xff, 0x29, 0x42, 0xff, 0x29, 0x42, 0xff, 0x29, 0x42, 0xff, 0x29, 0x42, 0xff, 0x29, 0x42, 0xff, 0x29, 0x42, 0xff, 0x29, 0x42, 0xff, 0x29, 0x42, 0xff, 0x29, 0x42, 0xff, 0x29, 0x42, 0xff, 0x29, 0x42, 0xff, 0x29, 0x42, 0xff, 0x29, 0x42, 0xff, 0x29, 0x42, 0xff, 0x29, 0x42, 0xff, 0x29, 0x42, 0xff, 0x29, 0x42, 0xff, 0x29, 0x42, 0xff, 0x29, 0x42, 0xff, 0xab, 0x52, 0xff, 0x32, 0x84, 0xff, 
  0x31, 0x84, 0xff, 0xab, 0x52, 0xff, 0x29, 0x42, 0xff, 0x29, 0x42, 0xff, 0x29, 0x42, 0xff, 0x29, 0x42, 0xff, 0x29, 0x42, 0xff, 0x29, 0x42, 0xff, 0x29, 0x42, 0xff, 0x29, 0x42, 0xff, 0x29, 0x42, 0xff, 0x29, 0x42, 0xff, 0x29, 0x42, 0xff, 0x29, 0x42, 0xff, 0x29, 0x42, 0xff, 0x29, 0x42, 0xff, 0x29, 0x42, 0xff, 0x29, 0x42, 0xff, 0x29, 0x42, 0xff, 0x29, 0x42, 0xff, 0x29, 0x42, 0xff, 0x29, 0x42, 0xff, 0xab, 0x52, 0xff, 0x32, 0x84, 0xff, 
  0x32, 0x84, 0xff, 0xab, 0x52, 0xff, 0x29, 0x42, 0xff, 0x29, 0x42, 0xff, 0x29, 0x42, 0xff, 0x29, 0x42, 0xff, 0x29, 0x42, 0xff, 0x29, 0x42, 0xff, 0x29, 0x42, 0xff, 0x29, 0x42, 0xff, 0x29, 0x42, 0xff, 0x29, 0x42, 0xff, 0x29, 0x42, 0xff, 0x29, 0x42, 0xff, 0x29, 0x42, 0xff, 0x29, 0x42, 0xff, 0x29, 0x42, 0xff, 0x29, 0x42, 0xff, 0x29, 0x42, 0xff, 0x29, 0x42, 0xff, 0x29, 0x42, 0xff, 0x29, 0x42, 0xff, 0xab, 0x52, 0xff, 0x32, 0x84, 0xff, 
  0x32, 0x84, 0xff, 0xab, 0x52, 0xff, 0x29, 0x42, 0xff, 0x29, 0x42, 0xff, 0x29, 0x42, 0xff, 0x29, 0x42, 0xff, 0x29, 0x42, 0xff, 0x29, 0x42, 0xff, 0x29, 0x42, 0xff, 0x29, 0x42, 0xff, 0x29, 0x42, 0xff, 0x29, 0x42, 0xff, 0x29, 0x42, 0xff, 0x29, 0x42, 0xff, 0x29, 0x42, 0xff, 0x29, 0x42, 0xff, 0x29, 0x42, 0xff, 0x29, 0x42, 0xff, 0x29, 0x42, 0xff, 0x29, 0x42, 0xff, 0x29, 0x42, 0xff, 0x29, 0x42, 0xff, 0xab, 0x52, 0xff, 0x32, 0x84, 0xff, 
  0x32, 0x84, 0xff, 0xcb, 0x5a, 0xff, 0x49, 0x4a, 0xff, 0x49, 0x4a, 0xff, 0x49, 0x4a, 0xff, 0x49, 0x4a, 0xff, 0x49, 0x4a, 0xff, 0x49, 0x4a, 0xff, 0x49, 0x4a, 0xff, 0x49, 0x4a, 0xff, 0x49, 0x4a, 0xff, 0x49, 0x4a, 0xff, 0x49, 0x4a, 0xff, 0x49, 0x4a, 0xff, 0x49, 0x4a, 0xff, 0x49, 0x4a, 0xff, 0x49, 0x4a, 0xff, 0x49, 0x4a, 0xff, 0x49, 0x4a, 0xff, 0x49, 0x4a, 0xff, 0x49, 0x4a, 0xff, 0x49, 0x4a, 0xff, 0xcb, 0x52, 0xff, 0x32, 0x84, 0xff, 
  0x32, 0x84, 0xff, 0x8a, 0x4a, 0xff, 0x49, 0x4a, 0xff, 0x49, 0x4a, 0xff, 0x49, 0x4a, 0xff, 0x49, 0x4a, 0xff, 0x49, 0x4a, 0xff, 0x49, 0x4a, 0xff, 0x49, 0x4a, 0xff, 0x49, 0x4a, 0xff, 0x49, 0x4a, 0xff, 0x49, 0x4a, 0xff, 0x49, 0x4a, 0xff, 0x49, 0x4a, 0xff, 0x49, 0x4a, 0xff, 0x49, 0x4a, 0xff, 0x49, 0x4a, 0xff, 0x49, 0x4a, 0xff, 0x49, 0x4a, 0xff, 0x49, 0x4a, 0xff, 0x49, 0x4a, 0xff, 0x49, 0x4a, 0xff, 0x8a, 0x4a, 0xff, 0x52, 0x84, 0xff, 
  0x52, 0x84, 0xff, 0x45, 0x29, 0xff, 0x04, 0x21, 0xff, 0x04, 0x21, 0xff, 0x04, 0x21, 0xff, 0x04, 0x21, 0xff, 0x04, 0x21, 0xff, 0x04, 0x21, 0xff, 0x04, 0x21, 0xff, 0x04, 0x21, 0xff, 0x04, 0x21, 0xff, 0x04, 0x21, 0xff, 0x04, 0x21, 0xff, 0x04, 0x21, 0xff, 0x04, 0x21, 0xff, 0x04, 0x21, 0xff, 0x04, 0x21, 0xff, 0x04, 0x21, 0xff, 0x04, 0x21, 0xff, 0x04, 0x21, 0xff, 0x04, 0x21, 0xff, 0x04, 0x21, 0xff, 0x45, 0x29, 0xff, 0x52, 0x84, 0xff, 
  0x32, 0x84, 0xff, 0x8a, 0x4a, 0xff, 0x49, 0x4a, 0xff, 0x49, 0x4a, 0xff, 0x49, 0x4a, 0xff, 0x49, 0x4a, 0xff, 0x49, 0x4a, 0xff, 0x49, 0x4a, 0xff, 0x49, 0x4a, 0xff, 0x49, 0x4a, 0xff, 0x49, 0x4a, 0xff, 0x49, 0x4a, 0xff, 0x49, 0x4a, 0xff, 0x49, 0x4a, 0xff, 0x49, 0x4a, 0xff, 0x49, 0x4a, 0xff, 0x49, 0x4a, 0xff, 0x49, 0x4a, 0xff, 0x49, 0x4a, 0xff, 0x49, 0x4a, 0xff, 0x49, 0x4a, 0xff, 0x49, 0x4a, 0xff, 0x8a, 0x4a, 0xff, 0x52, 0x84, 0xff, 
  0x32, 0x84, 0xff, 0xcb, 0x5a, 0xff, 0x49, 0x4a, 0xff, 0x49, 0x4a, 0xff, 0x49, 0x4a, 0xff, 0x49, 0x4a, 0xff, 0x49, 0x4a, 0xff, 0x49, 0x4a, 0xff, 0x49, 0x4a, 0xff, 0x49, 0x4a, 0xff, 0x49, 0x4a, 0xff, 0x49, 0x4a, 0xff, 0x49, 0x4a, 0xff, 0x49, 0x4a, 0xff, 0x49, 0x4a, 0xff, 0x49, 0x4a, 0xff, 0x49, 0x4a, 0xff, 0x49, 0x4a, 0xff, 0x49, 0x4a, 0xff, 0x49, 0x4a, 0xff, 0x49, 0x4a, 0xff, 0x49, 0x4a, 0xff, 0xcb, 0x52, 0xff, 0x32, 0x84, 0xff, 
  0x31, 0x84, 0xff, 0xab, 0x52, 0xff, 0x29, 0x42, 0xff, 0x29, 0x42, 0xff, 0x29, 0x42, 0xff, 0x29, 0x42, 0xff, 0x29, 0x42, 0xff, 0x29, 0x42, 0xff, 0x29, 0x42, 0xff, 0x29, 0x42, 0xff, 0x29, 0x42, 0xff, 0x29, 0x42, 0xff, 0x29, 0x42, 0xff, 0x29, 0x42, 0xff, 0x29, 0x42, 0xff, 0x29, 0x42, 0xff, 0x29, 0x42, 0xff, 0x29, 0x42, 0xff, 0x29, 0x42, 0xff, 0x29, 0x42, 0xff, 0x29, 0x42, 0xff, 0x29, 0x42, 0xff, 0xab, 0x52, 0xff, 0x32, 0x84, 0xff, 
  0x32, 0x84, 0xff, 0xab, 0x52, 0xff, 0x29, 0x42, 0xff, 0x29, 0x42, 0xff, 0x29, 0x42, 0xff, 0x29, 0x42, 0xff, 0x29, 0x42, 0xff, 0x29, 0x42, 0xff, 0x29, 0x42, 0xff, 0x29, 0x42, 0xff, 0x29, 0x42, 0xff, 0x29, 0x42, 0xff, 0x29, 0x42, 0xff, 0x29, 0x42, 0xff, 0x29, 0x42, 0xff, 0x29, 0x42, 0xff, 0x29, 0x42, 0xff, 0x29, 0x42, 0xff, 0x29, 0x42, 0xff, 0x29, 0x42, 0xff, 0x29, 0x42, 0xff, 0x29, 0x42, 0xff, 0xab, 0x52, 0xff, 0x32, 0x84, 0xff, 
  0x31, 0x84, 0xff, 0xab, 0x52, 0xff, 0x29, 0x42, 0xff, 0x29, 0x42, 0xff, 0x29, 0x42, 0xff, 0x29, 0x42, 0xff, 0x29, 0x42, 0xff, 0x29, 0x42, 0xff, 0x29, 0x42, 0xff, 0x29, 0x42, 0xff, 0x29, 0x42, 0xff, 0x29, 0x42, 0xff, 0x29, 0x42, 0xff, 0x29, 0x42, 0xff, 0x29, 0x42, 0xff, 0x29, 0x42, 0xff, 0x29, 0x42, 0xff, 0x29, 0x42, 0xff, 0x29, 0x42, 0xff, 0x29, 0x42, 0xff, 0x29, 0x42, 0xff, 0x29, 0x42, 0xff, 0xab, 0x52, 0xff, 0x32, 0x84, 0xff, 
  0x32, 0x84, 0xff, 0xab, 0x52, 0xff, 0x29, 0x42, 0xff, 0x29, 0x42, 0xff, 0x29, 0x42, 0xff, 0x29, 0x42, 0xff, 0x29, 0x42, 0xff, 0x29, 0x42, 0xff, 0x29, 0x42, 0xff, 0x29, 0x42, 0xff, 0x29, 0x42, 0xff, 0x29, 0x42, 0xff, 0x29, 0x42, 0xff, 0x29, 0x42, 0xff, 0x29, 0x42, 0xff, 0x29, 0x42, 0xff, 0x29, 0x42, 0xff, 0x29, 0x42, 0xff, 0x29, 0x42, 0xff, 0x29, 0x42, 0xff, 0x29, 0x42, 0xff, 0x29, 0x42, 0xff, 0xab, 0x52, 0xff, 0x32, 0x84, 0xff, 
  0x31, 0x84, 0xff, 0xcb, 0x52, 0xff, 0x49, 0x4a, 0xff, 0x49, 0x4a, 0xff, 0x49, 0x4a, 0xff, 0x49, 0x4a, 0xff, 0x49, 0x4a, 0xff, 0x49, 0x4a, 0xff, 0x49, 0x4a, 0xff, 0x49, 0x4a, 0xff, 0x49, 0x4a, 0xff, 0x49, 0x4a, 0xff, 0x49, 0x4a, 0xff, 0x49, 0x4a, 0xff, 0x49, 0x4a, 0xff, 0x49, 0x4a, 0xff, 0x49, 0x4a, 0xff, 0x49, 0x4a, 0xff, 0x49, 0x4a, 0xff, 0x49, 0x4a, 0xff, 0x49, 0x4a, 0xff, 0x49, 0x4a, 0xff, 0xcb, 0x52, 0xff, 0x32, 0x84, 0xff, 
  0x52, 0x84, 0xff, 0xa7, 0x31, 0xff, 0x66, 0x29, 0xff, 0x66, 0x29, 0xff, 0x66, 0x29, 0xff, 0x66, 0x29, 0xff, 0x66, 0x29, 0xff, 0x66, 0x29, 0xff, 0x66, 0x29, 0xff, 0x66, 0x29, 0xff, 0x66, 0x29, 0xff, 0x66, 0x29, 0xff, 0x66, 0x29, 0xff, 0x66, 0x29, 0xff, 0x66, 0x29, 0xff, 0x66, 0x29, 0xff, 0x66, 0x29, 0xff, 0x66, 0x29, 0xff, 0x66, 0x29, 0xff, 0x66, 0x29, 0xff, 0x66, 0x29, 0xff, 0x66, 0x29, 0xff, 0xa7, 0x31, 0xff, 0x52, 0x84, 0xff, 
  0x32, 0x84, 0xff, 0x45, 0x29, 0xff, 0x25, 0x21, 0xff, 0x25, 0x21, 0xff, 0x25, 0x21, 0xff, 0x25, 0x21, 0xff, 0x25, 0x21, 0xff, 0x25, 0x21, 0xff, 0x25, 0x21, 0xff, 0x25, 0x21, 0xff, 0x25, 0x21, 0xff, 0x25, 0x21, 0xff, 0x25, 0x21, 0xff, 0x25, 0x21, 0xff, 0x25, 0x21, 0xff, 0x25, 0x21, 0xff, 0x25, 0x21, 0xff, 0x25, 0x21, 0xff, 0x25, 0x21, 0xff, 0x25, 0x21, 0xff, 0x25, 0x21, 0xff, 0x25, 0x21, 0xff, 0x45, 0x29, 0xff, 0x52, 0x84, 0xff, 
  0x32, 0x84, 0xff, 0xcb, 0x5a, 0xff, 0x49, 0x4a, 0xff, 0x49, 0x4a, 0xff, 0x49, 0x4a, 0xff, 0x49, 0x4a, 0xff, 0x49, 0x4a, 0xff, 0x49, 0x4a, 0xff, 0x49, 0x4a, 0xff, 0x49, 0x4a, 0xff, 0x49, 0x4a, 0xff, 0x49, 0x4a, 0xff, 0x49, 0x4a, 0xff, 0x49, 0x4a, 0xff, 0x49, 0x4a, 0xff, 0x49, 0x4a, 0xff, 0x49, 0x4a, 0xff, 0x49, 0x4a, 0xff, 0x49, 0x4a, 0xff, 0x49, 0x4a, 0xff, 0x49, 0x4a, 0xff, 0x49, 0x4a, 0xff, 0xcb, 0x52, 0xff, 0x32, 0x84, 0xff, 
  0x31, 0x84, 0xff, 0xab, 0x52, 0xff, 0x29, 0x42, 0xff, 0x29, 0x42, 0xff, 0x29, 0x42, 0xff, 0x29, 0x42, 0xff, 0x29, 0x42, 0xff, 0x29, 0x42, 0xff, 0x29, 0x42, 0xff, 0x29, 0x42, 0xff, 0x29, 0x42, 0xff, 0x29, 0x42, 0xff, 0x29, 0x42, 0xff, 0x29, 0x42, 0xff, 0x29, 0x42, 0xff, 0x29, 0x42, 0xff, 0x29, 0x42, 0xff, 0x29, 0x42, 0xff, 0x29, 0x42, 0xff, 0x29, 0x42, 0xff, 0x29, 0x42, 0xff, 0x29, 0x42, 0xff, 0xab, 0x52, 0xff, 0x32, 0x84, 0xff, 
  0x32, 0x84, 0xff, 0xab, 0x52, 0xff, 0x29, 0x42, 0xff, 0x29, 0x42, 0xff, 0x29, 0x42, 0xff, 0x29, 0x42, 0xff, 0x29, 0x42, 0xff, 0x29, 0x42, 0xff, 0x29, 0x42, 0xff, 0x29, 0x42, 0xff, 0x29, 0x42, 0xff, 0x29, 0x42, 0xff, 0x29, 0x42, 0xff, 0x29, 0x42, 0xff, 0x29, 0x42, 0xff, 0x29, 0x42, 0xff, 0x29, 0x42, 0xff, 0x29, 0x42, 0xff, 0x29, 0x42, 0xff, 0x29, 0x42, 0xff, 0x29, 0x42, 0xff, 0x29, 0x42, 0xff, 0xab, 0x52, 0xff, 0x32, 0x84, 0xff, 
  0x31, 0x84, 0xff, 0xab, 0x52, 0xff, 0x29, 0x42, 0xff, 0x29, 0x42, 0xff, 0x29, 0x42, 0xff, 0x29, 0x42, 0xff, 0x29, 0x42, 0xff, 0x29, 0x42, 0xff, 0x29, 0x42, 0xff, 0x29, 0x42, 0xff, 0x29, 0x42, 0xff, 0x29, 0x42, 0xff, 0x29, 0x42, 0xff, 0x29, 0x42, 0xff, 0x29, 0x42, 0xff, 0x29, 0x42, 0xff, 0x29, 0x42, 0xff, 0x29, 0x42, 0xff, 0x29, 0x42, 0xff, 0x29, 0x42, 0xff, 0x29, 0x42, 0xff, 0x29, 0x42, 0xff, 0xab, 0x52, 0xff, 0x32, 0x84, 0xff, 
  0x32, 0x84, 0xff, 0xab, 0x52, 0xff, 0x29, 0x42, 0xff, 0x29, 0x42, 0xff, 0x29, 0x42, 0xff, 0x29, 0x42, 0xff, 0x29, 0x42, 0xff, 0x29, 0x42, 0xff, 0x29, 0x42, 0xff, 0x29, 0x42, 0xff, 0x29, 0x42, 0xff, 0x29, 0x42, 0xff, 0x29, 0x42, 0xff, 0x29, 0x42, 0xff, 0x29, 0x42, 0xff, 0x29, 0x42, 0xff, 0x29, 0x42, 0xff, 0x29, 0x42, 0xff, 0x29, 0x42, 0xff, 0x29, 0x42, 0xff, 0x29, 0x42, 0xff, 0x29, 0x42, 0xff, 0xab, 0x52, 0xff, 0x32, 0x84, 0xff, 
  0x31, 0x84, 0xff, 0xab, 0x52, 0xff, 0x29, 0x42, 0xff, 0x29, 0x42, 0xff, 0x29, 0x42, 0xff, 0x29, 0x42, 0xff, 0x29, 0x42, 0xff, 0x29, 0x42, 0xff, 0x29, 0x42, 0xff, 0x29, 0x42, 0xff, 0x29, 0x42, 0xff, 0x29, 0x42, 0xff, 0x29, 0x42, 0xff, 0x29, 0x42, 0xff, 0x29, 0x42, 0xff, 0x29, 0x42, 0xff, 0x29, 0x42, 0xff, 0x29, 0x42, 0xff, 0x29, 0x42, 0xff, 0x29, 0x42, 0xff, 0x29, 0x42, 0xff, 0x29, 0x42, 0xff, 0xab, 0x52, 0xff, 0x32, 0x84, 0xff, 
  0x32, 0x84, 0xff, 0xec, 0x5a, 0xff, 0x29, 0x42, 0xff, 0x29, 0x42, 0xff, 0x29, 0x42, 0xff, 0x29, 0x42, 0xff, 0x29, 0x42, 0xff, 0x29, 0x42, 0xff, 0x29, 0x42, 0xff, 0x29, 0x42, 0xff, 0x29, 0x42, 0xff, 0x29, 0x42, 0xff, 0x29, 0x42, 0xff, 0x29, 0x42, 0xff, 0x29, 0x42, 0xff, 0x29, 0x42, 0xff, 0x29, 0x42, 0xff, 0x29, 0x42, 0xff, 0x29, 0x42, 0xff, 0x29, 0x42, 0xff, 0x29, 0x42, 0xff, 0x29, 0x42, 0xff, 0xab, 0x52, 0xff, 0x32, 0x84, 0xff, 
  0x31, 0x84, 0xff, 0x6e, 0x6b, 0xff, 0x6a, 0x4a, 0xff, 0x29, 0x42, 0xff, 0x29, 0x42, 0xff, 0x29, 0x42, 0xff, 0x29, 0x42, 0xff, 0x29, 0x42, 0xff, 0x29, 0x42, 0xff, 0x29, 0x42, 0xff, 0x29, 0x42, 0xff, 0x29, 0x42, 0xff, 0x29, 0x42, 0xff, 0x29, 0x42, 0xff, 0x29, 0x42, 0xff, 0x29, 0x42, 0xff, 0x29, 0x42, 0xff, 0x29, 0x42, 0xff, 0x29, 0x42, 0xff, 0x29, 0x42, 0xff, 0x29, 0x42, 0xff, 0x29, 0x42, 0xff, 0xaf, 0x73, 0xff, 0x32, 0x84, 0xff, 
  0x32, 0x84, 0xff, 0x32, 0x84, 0xff, 0xaf, 0x73, 0xff, 0xab, 0x52, 0xff, 0x29, 0x42, 0xff, 0x29, 0x42, 0xff, 0x29, 0x42, 0xff, 0x29, 0x42, 0xff, 0x29, 0x42, 0xff, 0x29, 0x42, 0xff, 0x29, 0x42, 0xff, 0x29, 0x42, 0xff, 0x29, 0x42, 0xff, 0x29, 0x42, 0xff, 0x29, 0x42, 0xff, 0x29, 0x42, 0xff, 0x29, 0x42, 0xff, 0x29, 0x42, 0xff, 0x29, 0x42, 0xff, 0x29, 0x42, 0xff, 0xab, 0x52, 0xff, 0xaf, 0x73, 0xff, 0x32, 0x84, 0xff, 0x32, 0x84, 0xff, 
  0x31, 0x84, 0xff, 0x32, 0x84, 0xff, 0x31, 0x84, 0xff, 0x32, 0x84, 0xff, 0x2d, 0x63, 0xff, 0x29, 0x42, 0xff, 0x29, 0x42, 0xff, 0x29, 0x42, 0xff, 0x29, 0x42, 0xff, 0x29, 0x42, 0xff, 0x29, 0x42, 0xff, 0x29, 0x42, 0xff, 0x29, 0x42, 0xff, 0x29, 0x42, 0xff, 0x29, 0x42, 0xff, 0x29, 0x42, 0xff, 0x29, 0x42, 0xff, 0x29, 0x42, 0xff, 0x29, 0x42, 0xff, 0xaf, 0x73, 0xff, 0x31, 0x84, 0xff, 0x32, 0x84, 0xff, 0x31, 0x84, 0xff, 0x32, 0x84, 0xff, 
  0x32, 0x84, 0xff, 0x32, 0x84, 0xff, 0x32, 0x84, 0xff, 0x32, 0x84, 0xff, 0x32, 0x84, 0xff, 0xec, 0x5a, 0xff, 0x29, 0x42, 0xff, 0x29, 0x42, 0xff, 0x29, 0x42, 0xff, 0x29, 0x42, 0xff, 0x29, 0x42, 0xff, 0x29, 0x42, 0xff, 0x29, 0x42, 0xff, 0x29, 0x42, 0xff, 0x29, 0x42, 0xff, 0x29, 0x42, 0xff, 0x29, 0x42, 0xff, 0x29, 0x42, 0xff, 0xec, 0x5a, 0xff, 0x32, 0x84, 0xff, 0x32, 0x84, 0xff, 0x32, 0x84, 0xff, 0x32, 0x84, 0xff, 0x32, 0x84, 0xff, 
  0x31, 0x84, 0xff, 0x32, 0x84, 0xff, 0x31, 0x84, 0xff, 0x32, 0x84, 0xff, 0x31, 0x84, 0xff, 0xaf, 0x73, 0xff, 0x29, 0x42, 0xff, 0x29, 0x42, 0xff, 0x29, 0x42, 0xff, 0x29, 0x42, 0xff, 0x29, 0x42, 0xff, 0x29, 0x42, 0xff, 0x29, 0x42, 0xff, 0x29, 0x42, 0xff, 0x29, 0x42, 0xff, 0x29, 0x42, 0xff, 0x29, 0x42, 0xff, 0x29, 0x42, 0xff, 0xf0, 0x7b, 0xff, 0x32, 0x84, 0xff, 0x31, 0x84, 0xff, 0x32, 0x84, 0xff, 0x32, 0x84, 0xff, 0x32, 0x84, 0xff, 
  0x32, 0x84, 0xff, 0x32, 0x84, 0xff, 0x32, 0x84, 0xff, 0x32, 0x84, 0xff, 0x32, 0x84, 0xff, 0x32, 0x84, 0xff, 0x6a, 0x4a, 0xff, 0x29, 0x42, 0xff, 0x29, 0x42, 0xff, 0x29, 0x42, 0xff, 0x29, 0x42, 0xff, 0x29, 0x42, 0xff, 0x29, 0x42, 0xff, 0x29, 0x42, 0xff, 0x29, 0x42, 0xff, 0x29, 0x42, 0xff, 0x29, 0x42, 0xff, 0x6a, 0x4a, 0xff, 0x32, 0x84, 0xff, 0x32, 0x84, 0xff, 0x32, 0x84, 0xff, 0x32, 0x84, 0xff, 0x32, 0x84, 0xff, 0x32, 0x84, 0xff, 
  0x31, 0x84, 0xff, 0x32, 0x84, 0xff, 0x31, 0x84, 0xff, 0x32, 0x84, 0xff, 0x31, 0x84, 0xff, 0x32, 0x84, 0xff, 0xec, 0x5a, 0xff, 0x29, 0x42, 0xff, 0x29, 0x42, 0xff, 0x29, 0x42, 0xff, 0x29, 0x42, 0xff, 0x29, 0x42, 0xff, 0x29, 0x42, 0xff, 0x29, 0x42, 0xff, 0x29, 0x42, 0xff, 0x29, 0x42, 0xff, 0x29, 0x42, 0xff, 0x2d, 0x63, 0xff, 0x31, 0x84, 0xff, 0x32, 0x84, 0xff, 0x31, 0x84, 0xff, 0x32, 0x84, 0xff, 0x31, 0x84, 0xff, 0x32, 0x84, 0xff, 
  0x32, 0x84, 0xff, 0x32, 0x84, 0xff, 0x32, 0x84, 0xff, 0x32, 0x84, 0xff, 0x32, 0x84, 0xff, 0x32, 0x84, 0xff, 0x6e, 0x6b, 0xff, 0x29, 0x42, 0xff, 0x29, 0x42, 0xff, 0x29, 0x42, 0xff, 0x29, 0x42, 0xff, 0x29, 0x42, 0xff, 0x29, 0x42, 0xff, 0x29, 0x42, 0xff, 0x29, 0x42, 0xff, 0x29, 0x42, 0xff, 0x29, 0x42, 0xff, 0x2d, 0x63, 0xff, 0x32, 0x84, 0xff, 0x32, 0x84, 0xff, 0x32, 0x84, 0xff, 0x32, 0x84, 0xff, 0x32, 0x84, 0xff, 0x32, 0x84, 0xff, 
  0x31, 0x84, 0xff, 0x32, 0x84, 0xff, 0x32, 0x84, 0xff, 0x32, 0x84, 0xff, 0x31, 0x84, 0xff, 0x32, 0x84, 0xff, 0xaf, 0x73, 0xff, 0x29, 0x42, 0xff, 0x29, 0x42, 0xff, 0x29, 0x42, 0xff, 0x29, 0x42, 0xff, 0x29, 0x42, 0xff, 0x29, 0x42, 0xff, 0x29, 0x42, 0xff, 0x29, 0x42, 0xff, 0x29, 0x42, 0xff, 0x29, 0x42, 0xff, 0xaf, 0x73, 0xff, 0x32, 0x84, 0xff, 0x32, 0x84, 0xff, 0x31, 0x84, 0xff, 0x32, 0x84, 0xff, 0x32, 0x84, 0xff, 0x32, 0x84, 0xff, 
  0x32, 0x84, 0xff, 0x32, 0x84, 0xff, 0x32, 0x84, 0xff, 0x32, 0x84, 0xff, 0x32, 0x84, 0xff, 0x32, 0x84, 0xff, 0x6e, 0x6b, 0xff, 0x29, 0x42, 0xff, 0x29, 0x42, 0xff, 0x29, 0x42, 0xff, 0x29, 0x42, 0xff, 0x29, 0x42, 0xff, 0x29, 0x42, 0xff, 0x29, 0x42, 0xff, 0x29, 0x42, 0xff, 0x29, 0x42, 0xff, 0x29, 0x42, 0xff, 0x6e, 0x6b, 0xff, 0x32, 0x84, 0xff, 0x32, 0x84, 0xff, 0x32, 0x84, 0xff, 0x32, 0x84, 0xff, 0x32, 0x84, 0xff, 0x32, 0x84, 0xff, 
  0x31, 0x84, 0xff, 0x32, 0x84, 0xff, 0x31, 0x84, 0xff, 0x32, 0x84, 0xff, 0x31, 0x84, 0xff, 0x32, 0x84, 0xff, 0x6e, 0x6b, 0xff, 0x29, 0x42, 0xff, 0x29, 0x42, 0xff, 0x29, 0x42, 0xff, 0x29, 0x42, 0xff, 0x29, 0x42, 0xff, 0x29, 0x42, 0xff, 0x29, 0x42, 0xff, 0x29, 0x42, 0xff, 0x29, 0x42, 0xff, 0x29, 0x42, 0xff, 0x6e, 0x6b, 0xff, 0x31, 0x84, 0xff, 0x32, 0x84, 0xff, 0x31, 0x84, 0xff, 0x32, 0x84, 0xff, 0x31, 0x84, 0xff, 0x32, 0x84, 0xff, 
  0x32, 0x84, 0xff, 0x32, 0x84, 0xff, 0x32, 0x84, 0xff, 0x32, 0x84, 0xff, 0x32, 0x84, 0xff, 0x32, 0x84, 0xff, 0x2d, 0x63, 0xff, 0x29, 0x42, 0xff, 0x29, 0x42, 0xff, 0x29, 0x42, 0xff, 0x29, 0x42, 0xff, 0x29, 0x42, 0xff, 0x29, 0x42, 0xff, 0x29, 0x42, 0xff, 0x29, 0x42, 0xff, 0x29, 0x42, 0xff, 0x29, 0x42, 0xff, 0xec, 0x5a, 0xff, 0x32, 0x84, 0xff, 0x32, 0x84, 0xff, 0x32, 0x84, 0xff, 0x32, 0x84, 0xff, 0x32, 0x84, 0xff, 0x32, 0x84, 0xff, 
  0x31, 0x84, 0xff, 0x32, 0x84, 0xff, 0x31, 0x84, 0xff, 0x32, 0x84, 0xff, 0x31, 0x84, 0xff, 0x32, 0x84, 0xff, 0xab, 0x52, 0xff, 0x29, 0x42, 0xff, 0x29, 0x42, 0xff, 0x29, 0x42, 0xff, 0x29, 0x42, 0xff, 0x29, 0x42, 0xff, 0x29, 0x42, 0xff, 0x29, 0x42, 0xff, 0x29, 0x42, 0xff, 0x29, 0x42, 0xff, 0x29, 0x42, 0xff, 0xab, 0x52, 0xff, 0x31, 0x84, 0xff, 0x32, 0x84, 0xff, 0x31, 0x84, 0xff, 0x32, 0x84, 0xff, 0x31, 0x84, 0xff, 0x32, 0x84, 0xff, 
  0x32, 0x84, 0xff, 0x32, 0x84, 0xff, 0x32, 0x84, 0xff, 0x32, 0x84, 0xff, 0x32, 0x84, 0xff, 0x32, 0x84, 0xff, 0x29, 0x42, 0xff, 0x29, 0x42, 0xff, 0x29, 0x42, 0xff, 0x29, 0x42, 0xff, 0x29, 0x42, 0xff, 0x29, 0x42, 0xff, 0x29, 0x42, 0xff, 0x29, 0x42, 0xff, 0x29, 0x42, 0xff, 0x29, 0x42, 0xff, 0x29, 0x42, 0xff, 0x29, 0x42, 0xff, 0xf0, 0x7b, 0xff, 0x32, 0x84, 0xff, 0x32, 0x84, 0xff, 0x32, 0x84, 0xff, 0x32, 0x84, 0xff, 0x32, 0x84, 0xff, 
  0x31, 0x84, 0xff, 0x32, 0x84, 0xff, 0x31, 0x84, 0xff, 0x32, 0x84, 0xff, 0x31, 0x84, 0xff, 0xf0, 0x7b, 0xff, 0x29, 0x42, 0xff, 0x29, 0x42, 0xff, 0x29, 0x42, 0xff, 0x29, 0x42, 0xff, 0x29, 0x42, 0xff, 0x29, 0x42, 0xff, 0x29, 0x42, 0xff, 0x29, 0x42, 0xff, 0x29, 0x42, 0xff, 0x29, 0x42, 0xff, 0x29, 0x42, 0xff, 0x29, 0x42, 0xff, 0xf0, 0x7b, 0xff, 0x32, 0x84, 0xff, 0x31, 0x84, 0xff, 0x32, 0x84, 0xff, 0x31, 0x84, 0xff, 0x32, 0x84, 0xff, 
  0x32, 0x84, 0xff, 0x32, 0x84, 0xff, 0x32, 0x84, 0xff, 0x32, 0x84, 0xff, 0x32, 0x84, 0xff, 0x2d, 0x63, 0xff, 0x29, 0x42, 0xff, 0x29, 0x42, 0xff, 0x29, 0x42, 0xff, 0x29, 0x42, 0xff, 0x29, 0x42, 0xff, 0x29, 0x42, 0xff, 0x29, 0x42, 0xff, 0x29, 0x42, 0xff, 0x29, 0x42, 0xff, 0x29, 0x42, 0xff, 0x29, 0x42, 0xff, 0x29, 0x42, 0xff, 0x6e, 0x6b, 0xff, 0x32, 0x84, 0xff, 0x32, 0x84, 0xff, 0x32, 0x84, 0xff, 0x32, 0x84, 0xff, 0x32, 0x84, 0xff, 
  0x31, 0x84, 0xff, 0x32, 0x84, 0xff, 0x31, 0x84, 0xff, 0x32, 0x84, 0xff, 0x31, 0x84, 0xff, 0x2d, 0x63, 0xff, 0x29, 0x42, 0xff, 0x29, 0x42, 0xff, 0x29, 0x42, 0xff, 0x29, 0x42, 0xff, 0x29, 0x42, 0xff, 0x29, 0x42, 0xff, 0x29, 0x42, 0xff, 0x29, 0x42, 0xff, 0x29, 0x42, 0xff, 0x29, 0x42, 0xff, 0x29, 0x42, 0xff, 0x29, 0x42, 0xff, 0xec, 0x5a, 0xff, 0x32, 0x84, 0xff, 0x31, 0x84, 0xff, 0x32, 0x84, 0xff, 0x31, 0x84, 0xff, 0x32, 0x84, 0xff, 
  0x32, 0x84, 0xff, 0x32, 0x84, 0xff, 0x32, 0x84, 0xff, 0x32, 0x84, 0xff, 0x32, 0x84, 0xff, 0x2d, 0x63, 0xff, 0x29, 0x42, 0xff, 0x29, 0x42, 0xff, 0x29, 0x42, 0xff, 0x29, 0x42, 0xff, 0x29, 0x42, 0xff, 0x29, 0x42, 0xff, 0x29, 0x42, 0xff, 0x29, 0x42, 0xff, 0x29, 0x42, 0xff, 0x29, 0x42, 0xff, 0x29, 0x42, 0xff, 0x29, 0x42, 0xff, 0x2d, 0x63, 0xff, 0x32, 0x84, 0xff, 0x32, 0x84, 0xff, 0x32, 0x84, 0xff, 0x32, 0x84, 0xff, 0x32, 0x84, 0xff, 
  0x31, 0x84, 0xfb, 0x31, 0x84, 0xff, 0x31, 0x84, 0xff, 0x32, 0x84, 0xff, 0x31, 0x84, 0xff, 0x32, 0x84, 0xff, 0x6a, 0x4a, 0xff, 0x29, 0x42, 0xff, 0x29, 0x42, 0xff, 0x29, 0x42, 0xff, 0x29, 0x42, 0xff, 0x29, 0x42, 0xff, 0x29, 0x42, 0xff, 0x29, 0x42, 0xff, 0x29, 0x42, 0xff, 0x29, 0x42, 0xff, 0x29, 0x42, 0xff, 0xab, 0x52, 0xff, 0xf0, 0x7b, 0xff, 0x32, 0x84, 0xff, 0x31, 0x84, 0xff, 0x32, 0x84, 0xff, 0x31, 0x84, 0xff, 0x31, 0x84, 0xfb, 
  0x32, 0x84, 0x81, 0x32, 0x84, 0xff, 0x32, 0x84, 0xff, 0x32, 0x84, 0xff, 0x32, 0x84, 0xff, 0x32, 0x84, 0xff, 0x32, 0x84, 0xff, 0xaf, 0x73, 0xff, 0x6e, 0x6b, 0xff, 0x6e, 0x6b, 0xff, 0x6e, 0x6b, 0xff, 0x6e, 0x6b, 0xff, 0x6e, 0x6b, 0xff, 0x6e, 0x6b, 0xff, 0x6e, 0x6b, 0xff, 0x6e, 0x6b, 0xff, 0x6e, 0x6b, 0xff, 0x32, 0x84, 0xff, 0x32, 0x84, 0xff, 0x32, 0x84, 0xff, 0x32, 0x84, 0xff, 0x32, 0x84, 0xff, 0x32, 0x84, 0xff, 0x52, 0x84, 0x81, 
  0x00, 0x00, 0x00, 0x52, 0x84, 0x50, 0x32, 0x84, 0x7f, 0x32, 0x84, 0x7f, 0x32, 0x84, 0x7f, 0x32, 0x84, 0x7f, 0x32, 0x84, 0x7f, 0x32, 0x84, 0x7f, 0x32, 0x84, 0x7f, 0x32, 0x84, 0x7f, 0x32, 0x84, 0x7f, 0x32, 0x84, 0x7f, 0x32, 0x84, 0x7f, 0x32, 0x84, 0x7f, 0x32, 0x84, 0x7f, 0x32, 0x84, 0x7f, 0x32, 0x84, 0x7f, 0x32, 0x84, 0x7f, 0x32, 0x84, 0x7f, 0x32, 0x84, 0x7f, 0x32, 0x84, 0x7f, 0x32, 0x84, 0x7f, 0x52, 0x84, 0x50, 0x00, 0x00, 0x00, 
#endif
#if LV_COLOR_DEPTH == 16 && LV_COLOR_16_SWAP != 0
  /*Pixel format: Alpha 8 bit, Red: 5 bit, Green: 6 bit, Blue: 5 bit  BUT the 2  color bytes are swapped*/
  0x00, 0x00, 0x00, 0x84, 0x52, 0x50, 0x84, 0x32, 0x7f, 0x84, 0x32, 0x7f, 0x84, 0x32, 0x7f, 0x84, 0x32, 0x7f, 0x84, 0x32, 0x7f, 0x84, 0x32, 0x7f, 0x84, 0x32, 0x7f, 0x84, 0x32, 0x7f, 0x84, 0x32, 0x7f, 0x84, 0x32, 0x7f, 0x84, 0x32, 0x7f, 0x84, 0x32, 0x7f, 0x84, 0x32, 0x7f, 0x84, 0x32, 0x7f, 0x84, 0x32, 0x7f, 0x84, 0x32, 0x7f, 0x84, 0x32, 0x7f, 0x84, 0x32, 0x7f, 0x84, 0x32, 0x7f, 0x84, 0x32, 0x7f, 0x84, 0x52, 0x50, 0x00, 0x00, 0x00, 
  0x84, 0x32, 0x81, 0x84, 0x32, 0xff, 0x84, 0x32, 0xff, 0x6b, 0x6e, 0xff, 0x6b, 0x6e, 0xff, 0x6b, 0x6e, 0xff, 0x6b, 0x6e, 0xff, 0x6b, 0x6e, 0xff, 0x6b, 0x6e, 0xff, 0x6b, 0x6e, 0xff, 0x6b, 0x6e, 0xff, 0x6b, 0x6e, 0xff, 0x6b, 0x6e, 0xff, 0x6b, 0x6e, 0xff, 0x6b, 0x6e, 0xff, 0x6b, 0x6e, 0xff, 0x6b, 0x6e, 0xff, 0x6b, 0x6e, 0xff, 0x6b, 0x6e, 0xff, 0x6b, 0x6e, 0xff, 0x73, 0xaf, 0xff, 0x7b, 0xf0, 0xff, 0x84, 0x32, 0xff, 0x84, 0x32, 0x81, 
  0x84, 0x31, 0xfb, 0x7b, 0xf0, 0xff, 0x4a, 0x6a, 0xff, 0x42, 0x29, 0xff, 0x42, 0x29, 0xff, 0x42, 0x29, 0xff, 0x42, 0x29, 0xff, 0x42, 0x29, 0xff, 0x42, 0x29, 0xff, 0x42, 0x29, 0xff, 0x42, 0x29, 0xff, 0x42, 0x29, 0xff, 0x42, 0x29, 0xff, 0x42, 0x29, 0xff, 0x42, 0x29, 0xff, 0x42, 0x29, 0xff, 0x42, 0x29, 0xff, 0x42, 0x29, 0xff, 0x42, 0x29, 0xff, 0x42, 0x29, 0xff, 0x42, 0x29, 0xff, 0x52, 0xab, 0xff, 0x7b, 0xf0, 0xff, 0x84, 0x32, 0xfb, 
  0x84, 0x32, 0xff, 0x63, 0x2d, 0xff, 0x42, 0x29, 0xff, 0x42, 0x29, 0xff, 0x42, 0x29, 0xff, 0x42, 0x29, 0xff, 0x42, 0x29, 0xff, 0x42, 0x29, 0xff, 0x42, 0x29, 0xff, 0x42, 0x29, 0xff, 0x42, 0x29, 0xff, 0x42, 0x29, 0xff, 0x42, 0x29, 0xff, 0x42, 0x29, 0xff, 0x42, 0x29, 0xff, 0x42, 0x29, 0xff, 0x42, 0x29, 0xff, 0x42, 0x29, 0xff, 0x42, 0x29, 0xff, 0x42, 0x29, 0xff, 0x42, 0x29, 0xff, 0x42, 0x29, 0xff, 0x63, 0x2d, 0xff, 0x84, 0x32, 0xff, 
  0x84, 0x32, 0xff, 0x52, 0xab, 0xff, 0x42, 0x29, 0xff, 0x42, 0x29, 0xff, 0x42, 0x29, 0xff, 0x42, 0x29, 0xff, 0x42, 0x29, 0xff, 0x42, 0x29, 0xff, 0x42, 0x29, 0xff, 0x42, 0x29, 0xff, 0x42, 0x29, 0xff, 0x42, 0x29, 0xff, 0x42, 0x29, 0xff, 0x42, 0x29, 0xff, 0x42, 0x29, 0xff, 0x42, 0x29, 0xff, 0x42, 0x29, 0xff, 0x42, 0x29, 0xff, 0x42, 0x29, 0xff, 0x42, 0x29, 0xff, 0x42, 0x29, 0xff, 0x42, 0x29, 0xff, 0x52, 0xab, 0xff, 0x84, 0x32, 0xff, 
  0x84, 0x32, 0xff, 0x52, 0xab, 0xff, 0x42, 0x29, 0xff, 0x42, 0x29, 0xff, 0x42, 0x29, 0xff, 0x42, 0x29, 0xff, 0x42, 0x29, 0xff, 0x42, 0x29, 0xff, 0x42, 0x29, 0xff, 0x42, 0x29, 0xff, 0x42, 0x29, 0xff, 0x42, 0x29, 0xff, 0x42, 0x29, 0xff, 0x42, 0x29, 0xff, 0x42, 0x29, 0xff, 0x42, 0x29, 0xff, 0x42, 0x29, 0xff, 0x42, 0x29, 0xff, 0x42, 0x29, 0xff, 0x42, 0x29, 0xff, 0x42, 0x29, 0xff, 0x42, 0x29, 0xff, 0x52, 0xab, 0xff, 0x84, 0x32, 0xff, 
  0x84, 0x32, 0xff, 0x52, 0xab, 0xff, 0x42, 0x29, 0xff, 0x42, 0x29, 0xff, 0x42, 0x29, 0xff, 0x42, 0x29, 0xff, 0x42, 0x29, 0xff, 0x42, 0x29, 0xff, 0x42, 0x29, 0xff, 0x42, 0x29, 0xff, 0x42, 0x29, 0xff, 0x42, 0x29, 0xff, 0x42, 0x29, 0xff, 0x42, 0x29, 0xff, 0x42, 0x29, 0xff, 0x42, 0x29, 0xff, 0x42, 0x29, 0xff, 0x42, 0x29, 0xff, 0x42, 0x29, 0xff, 0x42, 0x29, 0xff, 0x42, 0x29, 0xff, 0x42, 0x29, 0xff, 0x52, 0xab, 0xff, 0x84, 0x32, 0xff, 
  0x84, 0x32, 0xff, 0x52, 0xab, 0xff, 0x42, 0x29, 0xff, 0x42, 0x29, 0xff, 0x42, 0x29, 0xff, 0x42, 0x29, 0xff, 0x42, 0x29, 0xff, 0x42, 0x29, 0xff, 0x42, 0x29, 0xff, 0x42, 0x29, 0xff, 0x42, 0x29, 0xff, 0x42, 0x29, 0xff, 0x42, 0x29, 0xff, 0x42, 0x29, 0xff, 0x42, 0x29, 0xff, 0x42, 0x29, 0xff, 0x42, 0x29, 0xff, 0x42, 0x29, 0xff, 0x42, 0x29, 0xff, 0x42, 0x29, 0xff, 0x42, 0x29, 0xff, 0x42, 0x29, 0xff, 0x52, 0xab, 0xff, 0x84, 0x32, 0xff, 
  0x84, 0x31, 0xff, 0x52, 0xab, 0xff, 0x42, 0x29, 0xff, 0x42, 0x29, 0xff, 0x42, 0x29, 0xff, 0x42, 0x29, 0xff, 0x42, 0x29, 0xff, 0x42, 0x29, 0xff, 0x42, 0x29, 0xff, 0x42, 0x29, 0xff, 0x42, 0x29, 0xff, 0x42, 0x29, 0xff, 0x42, 0x29, 0xff, 0x42, 0x29, 0xff, 0x42, 0x29, 0xff, 0x42, 0x29, 0xff, 0x42, 0x29, 0xff, 0x42, 0x29, 0xff, 0x42, 0x29, 0xff, 0x42, 0x29, 0xff, 0x42, 0x29, 0xff, 0x42, 0x29, 0xff, 0x52, 0xab, 0xff, 0x84, 0x32, 0xff, 
  0x84, 0x32, 0xff, 0x5a, 0xcb, 0xff, 0x4a, 0x49, 0xff, 0x4a, 0x49, 0xff, 0x4a, 0x49, 0xff, 0x4a, 0x49, 0xff, 0x4a, 0x49, 0xff, 0x4a, 0x49, 0xff, 0x4a, 0x49, 0xff, 0x4a, 0x49, 0xff, 0x4a, 0x49, 0xff, 0x4a, 0x49, 0xff, 0x4a, 0x49, 0xff, 0x4a, 0x49, 0xff, 0x4a, 0x49, 0xff, 0x4a, 0x49, 0xff, 0x4a, 0x49, 0xff, 0x4a, 0x49, 0xff, 0x4a, 0x49, 0xff, 0x4a, 0x49, 0xff, 0x4a, 0x49, 0xff, 0x4a, 0x49, 0xff, 0x52, 0xcb, 0xff, 0x84, 0x32, 0xff, 
  0x84, 0x52, 0xff, 0x4a, 0x6a, 0xff, 0x42, 0x29, 0xff, 0x42, 0x29, 0xff, 0x42, 0x29, 0xff, 0x42, 0x29, 0xff, 0x42, 0x29, 0xff, 0x42, 0x29, 0xff, 0x42, 0x29, 0xff, 0x42, 0x29, 0xff, 0x42, 0x29, 0xff, 0x42, 0x29, 0xff, 0x42, 0x29, 0xff, 0x42, 0x29, 0xff, 0x42, 0x29, 0xff, 0x42, 0x29, 0xff, 0x42, 0x29, 0xff, 0x42, 0x29, 0xff, 0x42, 0x29, 0xff, 0x42, 0x29, 0xff, 0x42, 0x29, 0xff, 0x42, 0x29, 0xff, 0x4a, 0x6a, 0xff, 0x84, 0x52, 0xff, 
  0x84, 0x52, 0xff, 0x29, 0x45, 0xff, 0x21, 0x04, 0xff, 0x21, 0x04, 0xff, 0x21, 0x04, 0xff, 0x21, 0x04, 0xff, 0x21, 0x04, 0xff, 0x21, 0x04, 0xff, 0x21, 0x04, 0xff, 0x21, 0x04, 0xff, 0x21, 0x04, 0xff, 0x21, 0x04, 0xff, 0x21, 0x04, 0xff, 0x21, 0x04, 0xff, 0x21, 0x04, 0xff, 0x21, 0x04, 0xff, 0x21, 0x04, 0xff, 0x21, 0x04, 0xff, 0x21, 0x04, 0xff, 0x21, 0x04, 0xff, 0x21, 0x04, 0xff, 0x21, 0x04, 0xff, 0x29, 0x45, 0xff, 0x84, 0x52, 0xff, 
  0x84, 0x32, 0xff, 0x52, 0x8a, 0xff, 0x4a, 0x49, 0xff, 0x4a, 0x49, 0xff, 0x4a, 0x49, 0xff, 0x4a, 0x49, 0xff, 0x4a, 0x49, 0xff, 0x4a, 0x49, 0xff, 0x4a, 0x49, 0xff, 0x4a, 0x49, 0xff, 0x4a, 0x49, 0xff, 0x4a, 0x49, 0xff, 0x4a, 0x49, 0xff, 0x4a, 0x49, 0xff, 0x4a, 0x49, 0xff, 0x4a, 0x49, 0xff, 0x4a, 0x49, 0xff, 0x4a, 0x49, 0xff, 0x4a, 0x49, 0xff, 0x4a, 0x49, 0xff, 0x4a, 0x49, 0xff, 0x4a, 0x49, 0xff, 0x52, 0x8a, 0xff, 0x84, 0x52, 0xff, 
  0x84, 0x32, 0xff, 0x5a, 0xcb, 0xff, 0x4a, 0x49, 0xff, 0x4a, 0x49, 0xff, 0x4a, 0x49, 0xff, 0x4a, 0x49, 0xff, 0x4a, 0x49, 0xff, 0x4a, 0x49, 0xff, 0x4a, 0x49, 0xff, 0x4a, 0x49, 0xff, 0x4a, 0x49, 0xff, 0x4a, 0x49, 0xff, 0x4a, 0x49, 0xff, 0x4a, 0x49, 0xff, 0x4a, 0x49, 0xff, 0x4a, 0x49, 0xff, 0x4a, 0x49, 0xff, 0x4a, 0x49, 0xff, 0x4a, 0x49, 0xff, 0x4a, 0x49, 0xff, 0x4a, 0x49, 0xff, 0x4a, 0x49, 0xff, 0x52, 0xcb, 0xff, 0x84, 0x32, 0xff, 
  0x84, 0x32, 0xff, 0x52, 0xab, 0xff, 0x42, 0x29, 0xff, 0x42, 0x29, 0xff, 0x42, 0x29, 0xff, 0x42, 0x29, 0xff, 0x42, 0x29, 0xff, 0x42, 0x29, 0xff, 0x42, 0x29, 0xff, 0x42, 0x29, 0xff, 0x42, 0x29, 0xff, 0x42, 0x29, 0xff, 0x42, 0x29, 0xff, 0x42, 0x29, 0xff, 0x42, 0x29, 0xff, 0x42, 0x29, 0xff, 0x42, 0x29, 0xff, 0x42, 0x29, 0xff, 0x42, 0x29, 0xff, 0x42, 0x29, 0xff, 0x42, 0x29, 0xff, 0x42, 0x29, 0xff, 0x52, 0xab, 0xff, 0x84, 0x32, 0xff, 
  0x84, 0x32, 0xff, 0x52, 0xab, 0xff, 0x42, 0x29, 0xff, 0x42, 0x29, 0xff, 0x42, 0x29, 0xff, 0x42, 0x29, 0xff, 0x42, 0x29, 0xff, 0x42, 0x29, 0xff, 0x42, 0x29, 0xff, 0x42, 0x29, 0xff, 0x42, 0x29, 0xff, 0x42, 0x29, 0xff, 0x42, 0x29, 0xff, 0x42, 0x29, 0xff, 0x42, 0x29, 0xff, 0x42, 0x29, 0xff, 0x42, 0x29, 0xff, 0x42, 0x29, 0xff, 0x42, 0x29, 0xff, 0x42, 0x29, 0xff, 0x42, 0x29, 0xff, 0x42, 0x29, 0xff, 0x52, 0xab, 0xff, 0x84, 0x32, 0xff, 
  0x84, 0x31, 0xff, 0x52, 0xab, 0xff, 0x42, 0x29, 0xff, 0x42, 0x29, 0xff, 0x42, 0x29, 0xff, 0x42, 0x29, 0xff, 0x42, 0x29, 0xff, 0x42, 0x29, 0xff, 0x42, 0x29, 0xff, 0x42, 0x29, 0xff, 0x42, 0x29, 0xff, 0x42, 0x29, 0xff, 0x42, 0x29, 0xff, 0x42, 0x29, 0xff, 0x42, 0x29, 0xff, 0x42, 0x29, 0xff, 0x42, 0x29, 0xff, 0x42, 0x29, 0xff, 0x42, 0x29, 0xff, 0x42, 0x29, 0xff, 0x42, 0x29, 0xff, 0x42, 0x29, 0xff, 0x52, 0xab, 0xff, 0x84, 0x32, 0xff, 
  0x84, 0x32, 0xff, 0x52, 0xab, 0xff, 0x42, 0x29, 0xff, 0x42, 0x29, 0xff, 0x42, 0x29, 0xff, 0x42, 0x29, 0xff, 0x42, 0x29, 0xff, 0x42, 0x29, 0xff, 0x42, 0x29, 0xff, 0x42, 0x29, 0xff, 0x42, 0x29, 0xff, 0x42, 0x29, 0xff, 0x42, 0x29, 0xff, 0x42, 0x29, 0xff, 0x42, 0x29, 0xff, 0x42, 0x29, 0xff, 0x42, 0x29, 0xff, 0x42, 0x29, 0xff, 0x42, 0x29, 0xff, 0x42, 0x29, 0xff, 0x42, 0x29, 0xff, 0x42, 0x29, 0xff, 0x52, 0xab, 0xff, 0x84, 0x32, 0xff, 
  0x84, 0x32, 0xff, 0x52, 0xcb, 0xff, 0x4a, 0x49, 0xff, 0x4a, 0x49, 0xff, 0x4a, 0x49, 0xff, 0x4a, 0x49, 0xff, 0x4a, 0x49, 0xff, 0x4a, 0x49, 0xff, 0x4a, 0x49, 0xff, 0x4a, 0x49, 0xff, 0x4a, 0x49, 0xff, 0x4a, 0x49, 0xff, 0x4a, 0x49, 0xff, 0x4a, 0x49, 0xff, 0x4a, 0x49, 0xff, 0x4a, 0x49, 0xff, 0x4a, 0x49, 0xff, 0x4a, 0x49, 0xff, 0x4a, 0x49, 0xff, 0x4a, 0x49, 0xff, 0x4a, 0x49, 0xff, 0x4a, 0x49, 0xff, 0x52, 0xcb, 0xff, 0x84, 0x32, 0xff, 
  0x84, 0x52, 0xff, 0x31, 0xa7, 0xff, 0x29, 0x66, 0xff, 0x29, 0x66, 0xff, 0x29, 0x66, 0xff, 0x29, 0x66, 0xff, 0x29, 0x66, 0xff, 0x29, 0x66, 0xff, 0x29, 0x66, 0xff, 0x29, 0x66, 0xff, 0x29, 0x66, 0xff, 0x29, 0x66, 0xff, 0x29, 0x66, 0xff, 0x29, 0x66, 0xff, 0x29, 0x66, 0xff, 0x29, 0x66, 0xff, 0x29, 0x66, 0xff, 0x29, 0x66, 0xff, 0x29, 0x66, 0xff, 0x29, 0x66, 0xff, 0x29, 0x66, 0xff, 0x29, 0x66, 0xff, 0x31, 0xa7, 0xff, 0x84, 0x52, 0xff, 
  0x84, 0x32, 0xff, 0x29, 0x45, 0xff, 0x21, 0x25, 0xff, 0x21, 0x25, 0xff, 0x21, 0x24, 0xff, 0x21, 0x25, 0xff, 0x21, 0x25, 0xff, 0x21, 0x25, 0xff, 0x21, 0x24, 0xff, 0x21, 0x25, 0xff, 0x21, 0x25, 0xff, 0x21, 0x25, 0xff, 0x21, 0x24, 0xff, 0x21, 0x25, 0xff, 0x21, 0x25, 0xff, 0x21, 0x25, 0xff, 0x21, 0x24, 0xff, 0x21, 0x25, 0xff, 0x21, 0x25, 0xff, 0x21, 0x25, 0xff, 0x21, 0x24, 0xff, 0x21, 0x25, 0xff, 0x29, 0x45, 0xff, 0x84, 0x52, 0xff, 
  0x84, 0x32, 0xff, 0x5a, 0xcb, 0xff, 0x4a, 0x49, 0xff, 0x4a, 0x49, 0xff, 0x4a, 0x49, 0xff, 0x4a, 0x49, 0xff, 0x4a, 0x49, 0xff, 0x4a, 0x49, 0xff, 0x4a, 0x49, 0xff, 0x4a, 0x49, 0xff, 0x4a, 0x49, 0xff, 0x4a, 0x49, 0xff, 0x4a, 0x49, 0xff, 0x4a, 0x49, 0xff, 0x4a, 0x49, 0xff, 0x4a, 0x49, 0xff, 0x4a, 0x49, 0xff, 0x4a, 0x49, 0xff, 0x4a, 0x49, 0xff, 0x4a, 0x49, 0xff, 0x4a, 0x49, 0xff, 0x4a, 0x49, 0xff, 0x52, 0xcb, 0xff, 0x84, 0x32, 0xff, 
  0x84, 0x32, 0xff, 0x52, 0xab, 0xff, 0x42, 0x29, 0xff, 0x42, 0x29, 0xff, 0x42, 0x29, 0xff, 0x42, 0x29, 0xff, 0x42, 0x29, 0xff, 0x42, 0x29, 0xff, 0x42, 0x29, 0xff, 0x42, 0x29, 0xff, 0x42, 0x29, 0xff, 0x42, 0x29, 0xff, 0x42, 0x29, 0xff, 0x42, 0x29, 0xff, 0x42, 0x29, 0xff, 0x42, 0x29, 0xff, 0x42, 0x29, 0xff, 0x42, 0x29, 0xff, 0x42, 0x29, 0xff, 0x42, 0x29, 0xff, 0x42, 0x29, 0xff, 0x42, 0x29, 0xff, 0x52, 0xab, 0xff, 0x84, 0x32, 0xff, 
  0x84, 0x32, 0xff, 0x52, 0xab, 0xff, 0x42, 0x29, 0xff, 0x42, 0x29, 0xff, 0x42, 0x29, 0xff, 0x42, 0x29, 0xff, 0x42, 0x29, 0xff, 0x42, 0x29, 0xff, 0x42, 0x29, 0xff, 0x42, 0x29, 0xff, 0x42, 0x29, 0xff, 0x42, 0x29, 0xff, 0x42, 0x29, 0xff, 0x42, 0x29, 0xff, 0x42, 0x29, 0xff, 0x42, 0x29, 0xff, 0x42, 0x29, 0xff, 0x42, 0x29, 0xff, 0x42, 0x29, 0xff, 0x42, 0x29, 0xff, 0x42, 0x29, 0xff, 0x42, 0x29, 0xff, 0x52, 0xab, 0xff, 0x84, 0x32, 0xff, 
  0x84, 0x31, 0xff, 0x52, 0xab, 0xff, 0x42, 0x29, 0xff, 0x42, 0x29, 0xff, 0x42, 0x29, 0xff, 0x42, 0x29, 0xff, 0x42, 0x29, 0xff, 0x42, 0x29, 0xff, 0x42, 0x29, 0xff, 0x42, 0x29, 0xff, 0x42, 0x29, 0xff, 0x42, 0x29, 0xff, 0x42, 0x29, 0xff, 0x42, 0x29, 0xff, 0x42, 0x29, 0xff, 0x42, 0x29, 0xff, 0x42, 0x29, 0xff, 0x42, 0x29, 0xff, 0x42, 0x29, 0xff, 0x42, 0x29, 0xff, 0x42, 0x29, 0xff, 0x42, 0x29, 0xff, 0x52, 0xab, 0xff, 0x84, 0x32, 0xff, 
  0x84, 0x32, 0xff, 0x52, 0xab, 0xff, 0x42, 0x29, 0xff, 0x42, 0x29, 0xff, 0x42, 0x29, 0xff, 0x42, 0x29, 0xff, 0x42, 0x29, 0xff, 0x42, 0x29, 0xff, 0x42, 0x29, 0xff, 0x42, 0x29, 0xff, 0x42, 0x29, 0xff, 0x42, 0x29, 0xff, 0x42, 0x29, 0xff, 0x42, 0x29, 0xff, 0x42, 0x29, 0xff, 0x42, 0x29, 0xff, 0x42, 0x29, 0xff, 0x42, 0x29, 0xff, 0x42, 0x29, 0xff, 0x42, 0x29, 0xff, 0x42, 0x29, 0xff, 0x42, 0x29, 0xff, 0x52, 0xab, 0xff, 0x84, 0x32, 0xff, 
  0x84, 0x32, 0xff, 0x52, 0xab, 0xff, 0x42, 0x29, 0xff, 0x42, 0x29, 0xff, 0x42, 0x29, 0xff, 0x42, 0x29, 0xff, 0x42, 0x29, 0xff, 0x42, 0x29, 0xff, 0x42, 0x29, 0xff, 0x42, 0x29, 0xff, 0x42, 0x29, 0xff, 0x42, 0x29, 0xff, 0x42, 0x29, 0xff, 0x42, 0x29, 0xff, 0x42, 0x29, 0xff, 0x42, 0x29, 0xff, 0x42, 0x29, 0xff, 0x42, 0x29, 0xff, 0x42, 0x29, 0xff, 0x42, 0x29, 0xff, 0x42, 0x29, 0xff, 0x42, 0x29, 0xff, 0x52, 0xab, 0xff, 0x84, 0x32, 0xff, 
  0x84, 0x32, 0xff, 0x5a, 0xcb, 0xff, 0x4a, 0x49, 0xff, 0x4a, 0x49, 0xff, 0x4a, 0x49, 0xff, 0x4a, 0x49, 0xff, 0x4a, 0x49, 0xff, 0x4a, 0x49, 0xff, 0x4a, 0x49, 0xff, 0x4a, 0x49, 0xff, 0x4a, 0x49, 0xff, 0x4a, 0x49, 0xff, 0x4a, 0x49, 0xff, 0x4a, 0x49, 0xff, 0x4a, 0x49, 0xff, 0x4a, 0x49, 0xff, 0x4a, 0x49, 0xff, 0x4a, 0x49, 0xff, 0x4a, 0x49, 0xff, 0x4a, 0x49, 0xff, 0x4a, 0x49, 0xff, 0x4a, 0x49, 0xff, 0x52, 0xcb, 0xff, 0x84, 0x32, 0xff, 
  0x84, 0x32, 0xff, 0x29, 0x45, 0xff, 0x21, 0x24, 0xff, 0x21, 0x25, 0xff, 0x21, 0x24, 0xff, 0x21, 0x25, 0xff, 0x21, 0x25, 0xff, 0x21, 0x25, 0xff, 0x21, 0x24, 0xff, 0x21, 0x25, 0xff, 0x21, 0x24, 0xff, 0x21, 0x25, 0xff, 0x21, 0x24, 0xff, 0x21, 0x25, 0xff, 0x21, 0x25, 0xff, 0x21, 0x25, 0xff, 0x21, 0x24, 0xff, 0x21, 0x25, 0xff, 0x21, 0x24, 0xff, 0x21, 0x25, 0xff, 0x21, 0x24, 0xff, 0x21, 0x25, 0xff, 0x29, 0x45, 0xff, 0x84, 0x52, 0xff, 
  0x84, 0x52, 0xff, 0x31, 0xa7, 0xff, 0x29, 0x66, 0xff, 0x29, 0x66, 0xff, 0x29, 0x66, 0xff, 0x29, 0x66, 0xff, 0x29, 0x66, 0xff, 0x29, 0x66, 0xff, 0x29, 0x66, 0xff, 0x29, 0x66, 0xff, 0x29, 0x66, 0xff, 0x29, 0x66, 0xff, 0x29, 0x66, 0xff, 0x29, 0x66, 0xff, 0x29, 0x66, 0xff, 0x29, 0x66, 0xff, 0x29, 0x66, 0xff, 0x29, 0x66, 0xff, 0x29, 0x66, 0xff, 0x29, 0x66, 0xff, 0x29, 0x66, 0xff, 0x29, 0x66, 0xff, 0x31, 0xa7, 0xff, 0x84, 0x52, 0xff, 
  0x84, 0x32, 0xff, 0x52, 0xcb, 0xff, 0x4a, 0x49, 0xff, 0x4a, 0x49, 0xff, 0x4a, 0x49, 0xff, 0x4a, 0x49, 0xff, 0x4a, 0x49, 0xff, 0x4a, 0x49, 0xff, 0x4a, 0x49, 0xff, 0x4a, 0x49, 0xff, 0x4a, 0x49, 0xff, 0x4a, 0x49, 0xff, 0x4a, 0x49, 0xff, 0x4a, 0x49, 0xff, 0x4a, 0x49, 0xff, 0x4a, 0x49, 0xff, 0x4a, 0x49, 0xff, 0x4a, 0x49, 0xff, 0x4a, 0x49, 0xff, 0x4a, 0x49, 0xff, 0x4a, 0x49, 0xff, 0x4a, 0x49, 0xff, 0x52, 0xcb, 0xff, 0x84, 0x32, 0xff, 
  0x84, 0x32, 0xff, 0x52, 0xab, 0xff, 0x42, 0x29, 0xff, 0x42, 0x29, 0xff, 0x42, 0x29, 0xff, 0x42, 0x29, 0xff, 0x42, 0x29, 0xff, 0x42, 0x29, 0xff, 0x42, 0x29, 0xff, 0x42, 0x29, 0xff, 0x42, 0x29, 0xff, 0x42, 0x29, 0xff, 0x42, 0x29, 0xff, 0x42, 0x29, 0xff, 0x42, 0x29, 0xff, 0x42, 0x29, 0xff, 0x42, 0x29, 0xff, 0x42, 0x29, 0xff, 0x42, 0x29, 0xff, 0x42, 0x29, 0xff, 0x42, 0x29, 0xff, 0x42, 0x29, 0xff, 0x52, 0xab, 0xff, 0x84, 0x32, 0xff, 
  0x84, 0x31, 0xff, 0x52, 0xab, 0xff, 0x42, 0x29, 0xff, 0x42, 0x29, 0xff, 0x42, 0x29, 0xff, 0x42, 0x29, 0xff, 0x42, 0x29, 0xff, 0x42, 0x29, 0xff, 0x42, 0x29, 0xff, 0x42, 0x29, 0xff, 0x42, 0x29, 0xff, 0x42, 0x29, 0xff, 0x42, 0x29, 0xff, 0x42, 0x29, 0xff, 0x42, 0x29, 0xff, 0x42, 0x29, 0xff, 0x42, 0x29, 0xff, 0x42, 0x29, 0xff, 0x42, 0x29, 0xff, 0x42, 0x29, 0xff, 0x42, 0x29, 0xff, 0x42, 0x29, 0xff, 0x52, 0xab, 0xff, 0x84, 0x32, 0xff, 
  0x84, 0x32, 0xff, 0x52, 0xab, 0xff, 0x42, 0x29, 0xff, 0x42, 0x29, 0xff, 0x42, 0x29, 0xff, 0x42, 0x29, 0xff, 0x42, 0x29, 0xff, 0x42, 0x29, 0xff, 0x42, 0x29, 0xff, 0x42, 0x29, 0xff, 0x42, 0x29, 0xff, 0x42, 0x29, 0xff, 0x42, 0x29, 0xff, 0x42, 0x29, 0xff, 0x42, 0x29, 0xff, 0x42, 0x29, 0xff, 0x42, 0x29, 0xff, 0x42, 0x29, 0xff, 0x42, 0x29, 0xff, 0x42, 0x29, 0xff, 0x42, 0x29, 0xff, 0x42, 0x29, 0xff, 0x52, 0xab, 0xff, 0x84, 0x32, 0xff, 
  0x84, 0x32, 0xff, 0x52, 0xab, 0xff, 0x42, 0x29, 0xff, 0x42, 0x29, 0xff, 0x42, 0x29, 0xff, 0x42, 0x29, 0xff, 0x42, 0x29, 0xff, 0x42, 0x29, 0xff, 0x42, 0x29, 0xff, 0x42, 0x29, 0xff, 0x42, 0x29, 0xff, 0x42, 0x29, 0xff, 0x42, 0x29, 0xff, 0x42, 0x29, 0xff, 0x42, 0x29, 0xff, 0x42, 0x29, 0xff, 0x42, 0x29, 0xff, 0x42, 0x29, 0xff, 0x42, 0x29, 0xff, 0x42, 0x29, 0xff, 0x42, 0x29, 0xff, 0x42, 0x29, 0xff, 0x52, 0xab, 0xff, 0x84, 0x32, 0xff, 
  0x84, 0x32, 0xff, 0x5a, 0xcb, 0xff, 0x4a, 0x49, 0xff, 0x4a, 0x49, 0xff, 0x4a, 0x49, 0xff, 0x4a, 0x49, 0xff, 0x4a, 0x49, 0xff, 0x4a, 0x49, 0xff, 0x4a, 0x49, 0xff, 0x4a, 0x49, 0xff, 0x4a, 0x49, 0xff, 0x4a, 0x49, 0xff, 0x4a, 0x49, 0xff, 0x4a, 0x49, 0xff, 0x4a, 0x49, 0xff, 0x4a, 0x49, 0xff, 0x4a, 0x49, 0xff, 0x4a, 0x49, 0xff, 0x4a, 0x49, 0xff, 0x4a, 0x49, 0xff, 0x4a, 0x49, 0xff, 0x4a, 0x49, 0xff, 0x52, 0xcb, 0xff, 0x84, 0x32, 0xff, 
  0x84, 0x32, 0xff, 0x4a, 0x8a, 0xff, 0x4a, 0x49, 0xff, 0x4a, 0x49, 0xff, 0x4a, 0x49, 0xff, 0x4a, 0x49, 0xff, 0x4a, 0x49, 0xff, 0x4a, 0x49, 0xff, 0x4a, 0x49, 0xff, 0x4a, 0x49, 0xff, 0x4a, 0x49, 0xff, 0x4a, 0x49, 0xff, 0x4a, 0x49, 0xff, 0x4a, 0x49, 0xff, 0x4a, 0x49, 0xff, 0x4a, 0x49, 0xff, 0x4a, 0x49, 0xff, 0x4a, 0x49, 0xff, 0x4a, 0x49, 0xff, 0x4a, 0x49, 0xff, 0x4a, 0x49, 0xff, 0x4a, 0x49, 0xff, 0x4a, 0x8a, 0xff, 0x84, 0x52, 0xff, 
  0x84, 0x52, 0xff, 0x29, 0x45, 0xff, 0x21, 0x04, 0xff, 0x21, 0x04, 0xff, 0x21, 0x04, 0xff, 0x21, 0x04, 0xff, 0x21, 0x04, 0xff, 0x21, 0x04, 0xff, 0x21, 0x04, 0xff, 0x21, 0x04, 0xff, 0x21, 0x04, 0xff, 0x21, 0x04, 0xff, 0x21, 0x04, 0xff, 0x21, 0x04, 0xff, 0x21, 0x04, 0xff, 0x21, 0x04, 0xff, 0x21, 0x04, 0xff, 0x21, 0x04, 0xff, 0x21, 0x04, 0xff, 0x21, 0x04, 0xff, 0x21, 0x04, 0xff, 0x21, 0x04, 0xff, 0x29, 0x45, 0xff, 0x84, 0x52, 0xff, 
  0x84, 0x32, 0xff, 0x4a, 0x8a, 0xff, 0x4a, 0x49, 0xff, 0x4a, 0x49, 0xff, 0x4a, 0x49, 0xff, 0x4a, 0x49, 0xff, 0x4a, 0x49, 0xff, 0x4a, 0x49, 0xff, 0x4a, 0x49, 0xff, 0x4a, 0x49, 0xff, 0x4a, 0x49, 0xff, 0x4a, 0x49, 0xff, 0x4a, 0x49, 0xff, 0x4a, 0x49, 0xff, 0x4a, 0x49, 0xff, 0x4a, 0x49, 0xff, 0x4a, 0x49, 0xff, 0x4a, 0x49, 0xff, 0x4a, 0x49, 0xff, 0x4a, 0x49, 0xff, 0x4a, 0x49, 0xff, 0x4a, 0x49, 0xff, 0x4a, 0x8a, 0xff, 0x84, 0x52, 0xff, 
  0x84, 0x32, 0xff, 0x5a, 0xcb, 0xff, 0x4a, 0x49, 0xff, 0x4a, 0x49, 0xff, 0x4a, 0x49, 0xff, 0x4a, 0x49, 0xff, 0x4a, 0x49, 0xff, 0x4a, 0x49, 0xff, 0x4a, 0x49, 0xff, 0x4a, 0x49, 0xff, 0x4a, 0x49, 0xff, 0x4a, 0x49, 0xff, 0x4a, 0x49, 0xff, 0x4a, 0x49, 0xff, 0x4a, 0x49, 0xff, 0x4a, 0x49, 0xff, 0x4a, 0x49, 0xff, 0x4a, 0x49, 0xff, 0x4a, 0x49, 0xff, 0x4a, 0x49, 0xff, 0x4a, 0x49, 0xff, 0x4a, 0x49, 0xff, 0x52, 0xcb, 0xff, 0x84, 0x32, 0xff, 
  0x84, 0x31, 0xff, 0x52, 0xab, 0xff, 0x42, 0x29, 0xff, 0x42, 0x29, 0xff, 0x42, 0x29, 0xff, 0x42, 0x29, 0xff, 0x42, 0x29, 0xff, 0x42, 0x29, 0xff, 0x42, 0x29, 0xff, 0x42, 0x29, 0xff, 0x42, 0x29, 0xff, 0x42, 0x29, 0xff, 0x42, 0x29, 0xff, 0x42, 0x29, 0xff, 0x42, 0x29, 0xff, 0x42, 0x29, 0xff, 0x42, 0x29, 0xff, 0x42, 0x29, 0xff, 0x42, 0x29, 0xff, 0x42, 0x29, 0xff, 0x42, 0x29, 0xff, 0x42, 0x29, 0xff, 0x52, 0xab, 0xff, 0x84, 0x32, 0xff, 
  0x84, 0x32, 0xff, 0x52, 0xab, 0xff, 0x42, 0x29, 0xff, 0x42, 0x29, 0xff, 0x42, 0x29, 0xff, 0x42, 0x29, 0xff, 0x42, 0x29, 0xff, 0x42, 0x29, 0xff, 0x42, 0x29, 0xff, 0x42, 0x29, 0xff, 0x42, 0x29, 0xff, 0x42, 0x29, 0xff, 0x42, 0x29, 0xff, 0x42, 0x29, 0xff, 0x42, 0x29, 0xff, 0x42, 0x29, 0xff, 0x42, 0x29, 0xff, 0x42, 0x29, 0xff, 0x42, 0x29, 0xff, 0x42, 0x29, 0xff, 0x42, 0x29, 0xff, 0x42, 0x29, 0xff, 0x52, 0xab, 0xff, 0x84, 0x32, 0xff, 
  0x84, 0x31, 0xff, 0x52, 0xab, 0xff, 0x42, 0x29, 0xff, 0x42, 0x29, 0xff, 0x42, 0x29, 0xff, 0x42, 0x29, 0xff, 0x42, 0x29, 0xff, 0x42, 0x29, 0xff, 0x42, 0x29, 0xff, 0x42, 0x29, 0xff, 0x42, 0x29, 0xff, 0x42, 0x29, 0xff, 0x42, 0x29, 0xff, 0x42, 0x29, 0xff, 0x42, 0x29, 0xff, 0x42, 0x29, 0xff, 0x42, 0x29, 0xff, 0x42, 0x29, 0xff, 0x42, 0x29, 0xff, 0x42, 0x29, 0xff, 0x42, 0x29, 0xff, 0x42, 0x29, 0xff, 0x52, 0xab, 0xff, 0x84, 0x32, 0xff, 
  0x84, 0x32, 0xff, 0x52, 0xab, 0xff, 0x42, 0x29, 0xff, 0x42, 0x29, 0xff, 0x42, 0x29, 0xff, 0x42, 0x29, 0xff, 0x42, 0x29, 0xff, 0x42, 0x29, 0xff, 0x42, 0x29, 0xff, 0x42, 0x29, 0xff, 0x42, 0x29, 0xff, 0x42, 0x29, 0xff, 0x42, 0x29, 0xff, 0x42, 0x29, 0xff, 0x42, 0x29, 0xff, 0x42, 0x29, 0xff, 0x42, 0x29, 0xff, 0x42, 0x29, 0xff, 0x42, 0x29, 0xff, 0x42, 0x29, 0xff, 0x42, 0x29, 0xff, 0x42, 0x29, 0xff, 0x52, 0xab, 0xff, 0x84, 0x32, 0xff, 
  0x84, 0x31, 0xff, 0x52, 0xcb, 0xff, 0x4a, 0x49, 0xff, 0x4a, 0x49, 0xff, 0x4a, 0x49, 0xff, 0x4a, 0x49, 0xff, 0x4a, 0x49, 0xff, 0x4a, 0x49, 0xff, 0x4a, 0x49, 0xff, 0x4a, 0x49, 0xff, 0x4a, 0x49, 0xff, 0x4a, 0x49, 0xff, 0x4a, 0x49, 0xff, 0x4a, 0x49, 0xff, 0x4a, 0x49, 0xff, 0x4a, 0x49, 0xff, 0x4a, 0x49, 0xff, 0x4a, 0x49, 0xff, 0x4a, 0x49, 0xff, 0x4a, 0x49, 0xff, 0x4a, 0x49, 0xff, 0x4a, 0x49, 0xff, 0x52, 0xcb, 0xff, 0x84, 0x32, 0xff, 
  0x84, 0x52, 0xff, 0x31, 0xa7, 0xff, 0x29, 0x66, 0xff, 0x29, 0x66, 0xff, 0x29, 0x66, 0xff, 0x29, 0x66, 0xff, 0x29, 0x66, 0xff, 0x29, 0x66, 0xff, 0x29, 0x66, 0xff, 0x29, 0x66, 0xff, 0x29, 0x66, 0xff, 0x29, 0x66, 0xff, 0x29, 0x66, 0xff, 0x29, 0x66, 0xff, 0x29, 0x66, 0xff, 0x29, 0x66, 0xff, 0x29, 0x66, 0xff, 0x29, 0x66, 0xff, 0x29, 0x66, 0xff, 0x29, 0x66, 0xff, 0x29, 0x66, 0xff, 0x29, 0x66, 0xff, 0x31, 0xa7, 0xff, 0x84, 0x52, 0xff, 
  0x84, 0x32, 0xff, 0x29, 0x45, 0xff, 0x21, 0x25, 0xff, 0x21, 0x25, 0xff, 0x21, 0x25, 0xff, 0x21, 0x25, 0xff, 0x21, 0x25, 0xff, 0x21, 0x25, 0xff, 0x21, 0x25, 0xff, 0x21, 0x25, 0xff, 0x21, 0x25, 0xff, 0x21, 0x25, 0xff, 0x21, 0x25, 0xff, 0x21, 0x25, 0xff, 0x21, 0x25, 0xff, 0x21, 0x25, 0xff, 0x21, 0x25, 0xff, 0x21, 0x25, 0xff, 0x21, 0x25, 0xff, 0x21, 0x25, 0xff, 0x21, 0x25, 0xff, 0x21, 0x25, 0xff, 0x29, 0x45, 0xff, 0x84, 0x52, 0xff, 
  0x84, 0x32, 0xff, 0x5a, 0xcb, 0xff, 0x4a, 0x49, 0xff, 0x4a, 0x49, 0xff, 0x4a, 0x49, 0xff, 0x4a, 0x49, 0xff, 0x4a, 0x49, 0xff, 0x4a, 0x49, 0xff, 0x4a, 0x49, 0xff, 0x4a, 0x49, 0xff, 0x4a, 0x49, 0xff, 0x4a, 0x49, 0xff, 0x4a, 0x49, 0xff, 0x4a, 0x49, 0xff, 0x4a, 0x49, 0xff, 0x4a, 0x49, 0xff, 0x4a, 0x49, 0xff, 0x4a, 0x49, 0xff, 0x4a, 0x49, 0xff, 0x4a, 0x49, 0xff, 0x4a, 0x49, 0xff, 0x4a, 0x49, 0xff, 0x52, 0xcb, 0xff, 0x84, 0x32, 0xff, 
  0x84, 0x31, 0xff, 0x52, 0xab, 0xff, 0x42, 0x29, 0xff, 0x42, 0x29, 0xff, 0x42, 0x29, 0xff, 0x42, 0x29, 0xff, 0x42, 0x29, 0xff, 0x42, 0x29, 0xff, 0x42, 0x29, 0xff, 0x42, 0x29, 0xff, 0x42, 0x29, 0xff, 0x42, 0x29, 0xff, 0x42, 0x29, 0xff, 0x42, 0x29, 0xff, 0x42, 0x29, 0xff, 0x42, 0x29, 0xff, 0x42, 0x29, 0xff, 0x42, 0x29, 0xff, 0x42, 0x29, 0xff, 0x42, 0x29, 0xff, 0x42, 0x29, 0xff, 0x42, 0x29, 0xff, 0x52, 0xab, 0xff, 0x84, 0x32, 0xff, 
  0x84, 0x32, 0xff, 0x52, 0xab, 0xff, 0x42, 0x29, 0xff, 0x42, 0x29, 0xff, 0x42, 0x29, 0xff, 0x42, 0x29, 0xff, 0x42, 0x29, 0xff, 0x42, 0x29, 0xff, 0x42, 0x29, 0xff, 0x42, 0x29, 0xff, 0x42, 0x29, 0xff, 0x42, 0x29, 0xff, 0x42, 0x29, 0xff, 0x42, 0x29, 0xff, 0x42, 0x29, 0xff, 0x42, 0x29, 0xff, 0x42, 0x29, 0xff, 0x42, 0x29, 0xff, 0x42, 0x29, 0xff, 0x42, 0x29, 0xff, 0x42, 0x29, 0xff, 0x42, 0x29, 0xff, 0x52, 0xab, 0xff, 0x84, 0x32, 0xff, 
  0x84, 0x31, 0xff, 0x52, 0xab, 0xff, 0x42, 0x29, 0xff, 0x42, 0x29, 0xff, 0x42, 0x29, 0xff, 0x42, 0x29, 0xff, 0x42, 0x29, 0xff, 0x42, 0x29, 0xff, 0x42, 0x29, 0xff, 0x42, 0x29, 0xff, 0x42, 0x29, 0xff, 0x42, 0x29, 0xff, 0x42, 0x29, 0xff, 0x42, 0x29, 0xff, 0x42, 0x29, 0xff, 0x42, 0x29, 0xff, 0x42, 0x29, 0xff, 0x42, 0x29, 0xff, 0x42, 0x29, 0xff, 0x42, 0x29, 0xff, 0x42, 0x29, 0xff, 0x42, 0x29, 0xff, 0x52, 0xab, 0xff, 0x84, 0x32, 0xff, 
  0x84, 0x32, 0xff, 0x52, 0xab, 0xff, 0x42, 0x29, 0xff, 0x42, 0x29, 0xff, 0x42, 0x29, 0xff, 0x42, 0x29, 0xff, 0x42, 0x29, 0xff, 0x42, 0x29, 0xff, 0x42, 0x29, 0xff, 0x42, 0x29, 0xff, 0x42, 0x29, 0xff, 0x42, 0x29, 0xff, 0x42, 0x29, 0xff, 0x42, 0x29, 0xff, 0x42, 0x29, 0xff, 0x42, 0x29, 0xff, 0x42, 0x29, 0xff, 0x42, 0x29, 0xff, 0x42, 0x29, 0xff, 0x42, 0x29, 0xff, 0x42, 0x29, 0xff, 0x42, 0x29, 0xff, 0x52, 0xab, 0xff, 0x84, 0x32, 0xff, 
  0x84, 0x31, 0xff, 0x52, 0xab, 0xff, 0x42, 0x29, 0xff, 0x42, 0x29, 0xff, 0x42, 0x29, 0xff, 0x42, 0x29, 0xff, 0x42, 0x29, 0xff, 0x42, 0x29, 0xff, 0x42, 0x29, 0xff, 0x42, 0x29, 0xff, 0x42, 0x29, 0xff, 0x42, 0x29, 0xff, 0x42, 0x29, 0xff, 0x42, 0x29, 0xff, 0x42, 0x29, 0xff, 0x42, 0x29, 0xff, 0x42, 0x29, 0xff, 0x42, 0x29, 0xff, 0x42, 0x29, 0xff, 0x42, 0x29, 0xff, 0x42, 0x29, 0xff, 0x42, 0x29, 0xff, 0x52, 0xab, 0xff, 0x84, 0x32, 0xff, 
  0x84, 0x32, 0xff, 0x5a, 0xec, 0xff, 0x42, 0x29, 0xff, 0x42, 0x29, 0xff, 0x42, 0x29, 0xff, 0x42, 0x29, 0xff, 0x42, 0x29, 0xff, 0x42, 0x29, 0xff, 0x42, 0x29, 0xff, 0x42, 0x29, 0xff, 0x42, 0x29, 0xff, 0x42, 0x29, 0xff, 0x42, 0x29, 0xff, 0x42, 0x29, 0xff, 0x42, 0x29, 0xff, 0x42, 0x29, 0xff, 0x42, 0x29, 0xff, 0x42, 0x29, 0xff, 0x42, 0x29, 0xff, 0x42, 0x29, 0xff, 0x42, 0x29, 0xff, 0x42, 0x29, 0xff, 0x52, 0xab, 0xff, 0x84, 0x32, 0xff, 
  0x84, 0x31, 0xff, 0x6b, 0x6e, 0xff, 0x4a, 0x6a, 0xff, 0x42, 0x29, 0xff, 0x42, 0x29, 0xff, 0x42, 0x29, 0xff, 0x42, 0x29, 0xff, 0x42, 0x29, 0xff, 0x42, 0x29, 0xff, 0x42, 0x29, 0xff, 0x42, 0x29, 0xff, 0x42, 0x29, 0xff, 0x42, 0x29, 0xff, 0x42, 0x29, 0xff, 0x42, 0x29, 0xff, 0x42, 0x29, 0xff, 0x42, 0x29, 0xff, 0x42, 0x29, 0xff, 0x42, 0x29, 0xff, 0x42, 0x29, 0xff, 0x42, 0x29, 0xff, 0x42, 0x29, 0xff, 0x73, 0xaf, 0xff, 0x84, 0x32, 0xff, 
  0x84, 0x32, 0xff, 0x84, 0x32, 0xff, 0x73, 0xaf, 0xff, 0x52, 0xab, 0xff, 0x42, 0x29, 0xff, 0x42, 0x29, 0xff, 0x42, 0x29, 0xff, 0x42, 0x29, 0xff, 0x42, 0x29, 0xff, 0x42, 0x29, 0xff, 0x42, 0x29, 0xff, 0x42, 0x29, 0xff, 0x42, 0x29, 0xff, 0x42, 0x29, 0xff, 0x42, 0x29, 0xff, 0x42, 0x29, 0xff, 0x42, 0x29, 0xff, 0x42, 0x29, 0xff, 0x42, 0x29, 0xff, 0x42, 0x29, 0xff, 0x52, 0xab, 0xff, 0x73, 0xaf, 0xff, 0x84, 0x32, 0xff, 0x84, 0x32, 0xff, 
  0x84, 0x31, 0xff, 0x84, 0x32, 0xff, 0x84, 0x31, 0xff, 0x84, 0x32, 0xff, 0x63, 0x2d, 0xff, 0x42, 0x29, 0xff, 0x42, 0x29, 0xff, 0x42, 0x29, 0xff, 0x42, 0x29, 0xff, 0x42, 0x29, 0xff, 0x42, 0x29, 0xff, 0x42, 0x29, 0xff, 0x42, 0x29, 0xff, 0x42, 0x29, 0xff, 0x42, 0x29, 0xff, 0x42, 0x29, 0xff, 0x42, 0x29, 0xff, 0x42, 0x29, 0xff, 0x42, 0x29, 0xff, 0x73, 0xaf, 0xff, 0x84, 0x31, 0xff, 0x84, 0x32, 0xff, 0x84, 0x31, 0xff, 0x84, 0x32, 0xff, 
  0x84, 0x32, 0xff, 0x84, 0x32, 0xff, 0x84, 0x32, 0xff, 0x84, 0x32, 0xff, 0x84, 0x32, 0xff, 0x5a, 0xec, 0xff, 0x42, 0x29, 0xff, 0x42, 0x29, 0xff, 0x42, 0x29, 0xff, 0x42, 0x29, 0xff, 0x42, 0x29, 0xff, 0x42, 0x29, 0xff, 0x42, 0x29, 0xff, 0x42, 0x29, 0xff, 0x42, 0x29, 0xff, 0x42, 0x29, 0xff, 0x42, 0x29, 0xff, 0x42, 0x29, 0xff, 0x5a, 0xec, 0xff, 0x84, 0x32, 0xff, 0x84, 0x32, 0xff, 0x84, 0x32, 0xff, 0x84, 0x32, 0xff, 0x84, 0x32, 0xff, 
  0x84, 0x31, 0xff, 0x84, 0x32, 0xff, 0x84, 0x31, 0xff, 0x84, 0x32, 0xff, 0x84, 0x31, 0xff, 0x73, 0xaf, 0xff, 0x42, 0x29, 0xff, 0x42, 0x29, 0xff, 0x42, 0x29, 0xff, 0x42, 0x29, 0xff, 0x42, 0x29, 0xff, 0x42, 0x29, 0xff, 0x42, 0x29, 0xff, 0x42, 0x29, 0xff, 0x42, 0x29, 0xff, 0x42, 0x29, 0xff, 0x42, 0x29, 0xff, 0x42, 0x29, 0xff, 0x7b, 0xf0, 0xff, 0x84, 0x32, 0xff, 0x84, 0x31, 0xff, 0x84, 0x32, 0xff, 0x84, 0x32, 0xff, 0x84, 0x32, 0xff, 
  0x84, 0x32, 0xff, 0x84, 0x32, 0xff, 0x84, 0x32, 0xff, 0x84, 0x32, 0xff, 0x84, 0x32, 0xff, 0x84, 0x32, 0xff, 0x4a, 0x6a, 0xff, 0x42, 0x29, 0xff, 0x42, 0x29, 0xff, 0x42, 0x29, 0xff, 0x42, 0x29, 0xff, 0x42, 0x29, 0xff, 0x42, 0x29, 0xff, 0x42, 0x29, 0xff, 0x42, 0x29, 0xff, 0x42, 0x29, 0xff, 0x42, 0x29, 0xff, 0x4a, 0x6a, 0xff, 0x84, 0x32, 0xff, 0x84, 0x32, 0xff, 0x84, 0x32, 0xff, 0x84, 0x32, 0xff, 0x84, 0x32, 0xff, 0x84, 0x32, 0xff, 
  0x84, 0x31, 0xff, 0x84, 0x32, 0xff, 0x84, 0x31, 0xff, 0x84, 0x32, 0xff, 0x84, 0x31, 0xff, 0x84, 0x32, 0xff, 0x5a, 0xec, 0xff, 0x42, 0x29, 0xff, 0x42, 0x29, 0xff, 0x42, 0x29, 0xff, 0x42, 0x29, 0xff, 0x42, 0x29, 0xff, 0x42, 0x29, 0xff, 0x42, 0x29, 0xff, 0x42, 0x29, 0xff, 0x42, 0x29, 0xff, 0x42, 0x29, 0xff, 0x63, 0x2d, 0xff, 0x84, 0x31, 0xff, 0x84, 0x32, 0xff, 0x84, 0x31, 0xff, 0x84, 0x32, 0xff, 0x84, 0x31, 0xff, 0x84, 0x32, 0xff, 
  0x84, 0x32, 0xff, 0x84, 0x32, 0xff, 0x84, 0x32, 0xff, 0x84, 0x32, 0xff, 0x84, 0x32, 0xff, 0x84, 0x32, 0xff, 0x6b, 0x6e, 0xff, 0x42, 0x29, 0xff, 0x42, 0x29, 0xff, 0x42, 0x29, 0xff, 0x42, 0x29, 0xff, 0x42, 0x29, 0xff, 0x42, 0x29, 0xff, 0x42, 0x29, 0xff, 0x42, 0x29, 0xff, 0x42, 0x29, 0xff, 0x42, 0x29, 0xff, 0x63, 0x2d, 0xff, 0x84, 0x32, 0xff, 0x84, 0x32, 0xff, 0x84, 0x32, 0xff, 0x84, 0x32, 0xff, 0x84, 0x32, 0xff, 0x84, 0x32, 0xff, 
  0x84, 0x31, 0xff, 0x84, 0x32, 0xff, 0x84, 0x32, 0xff, 0x84, 0x32, 0xff, 0x84, 0x31, 0xff, 0x84, 0x32, 0xff, 0x73, 0xaf, 0xff, 0x42, 0x29, 0xff, 0x42, 0x29, 0xff, 0x42, 0x29, 0xff, 0x42, 0x29, 0xff, 0x42, 0x29, 0xff, 0x42, 0x29, 0xff, 0x42, 0x29, 0xff, 0x42, 0x29, 0xff, 0x42, 0x29, 0xff, 0x42, 0x29, 0xff, 0x73, 0xaf, 0xff, 0x84, 0x32, 0xff, 0x84, 0x32, 0xff, 0x84, 0x31, 0xff, 0x84, 0x32, 0xff, 0x84, 0x32, 0xff, 0x84, 0x32, 0xff, 
  0x84, 0x32, 0xff, 0x84, 0x32, 0xff, 0x84, 0x32, 0xff, 0x84, 0x32, 0xff, 0x84, 0x32, 0xff, 0x84, 0x32, 0xff, 0x6b, 0x6e, 0xff, 0x42, 0x29, 0xff, 0x42, 0x29, 0xff, 0x42, 0x29, 0xff, 0x42, 0x29, 0xff, 0x42, 0x29, 0xff, 0x42, 0x29, 0xff, 0x42, 0x29, 0xff, 0x42, 0x29, 0xff, 0x42, 0x29, 0xff, 0x42, 0x29, 0xff, 0x6b, 0x6e, 0xff, 0x84, 0x32, 0xff, 0x84, 0x32, 0xff, 0x84, 0x32, 0xff, 0x84, 0x32, 0xff, 0x84, 0x32, 0xff, 0x84, 0x32, 0xff, 
  0x84, 0x31, 0xff, 0x84, 0x32, 0xff, 0x84, 0x31, 0xff, 0x84, 0x32, 0xff, 0x84, 0x31, 0xff, 0x84, 0x32, 0xff, 0x6b, 0x6e, 0xff, 0x42, 0x29, 0xff, 0x42, 0x29, 0xff, 0x42, 0x29, 0xff, 0x42, 0x29, 0xff, 0x42, 0x29, 0xff, 0x42, 0x29, 0xff, 0x42, 0x29, 0xff, 0x42, 0x29, 0xff, 0x42, 0x29, 0xff, 0x42, 0x29, 0xff, 0x6b, 0x6e, 0xff, 0x84, 0x31, 0xff, 0x84, 0x32, 0xff, 0x84, 0x31, 0xff, 0x84, 0x32, 0xff, 0x84, 0x31, 0xff, 0x84, 0x32, 0xff, 
  0x84, 0x32, 0xff, 0x84, 0x32, 0xff, 0x84, 0x32, 0xff, 0x84, 0x32, 0xff, 0x84, 0x32, 0xff, 0x84, 0x32, 0xff, 0x63, 0x2d, 0xff, 0x42, 0x29, 0xff, 0x42, 0x29, 0xff, 0x42, 0x29, 0xff, 0x42, 0x29, 0xff, 0x42, 0x29, 0xff, 0x42, 0x29, 0xff, 0x42, 0x29, 0xff, 0x42, 0x29, 0xff, 0x42, 0x29, 0xff, 0x42, 0x29, 0xff, 0x5a, 0xec, 0xff, 0x84, 0x32, 0xff, 0x84, 0x32, 0xff, 0x84, 0x32, 0xff, 0x84, 0x32, 0xff, 0x84, 0x32, 0xff, 0x84, 0x32, 0xff, 
  0x84, 0x31, 0xff, 0x84, 0x32, 0xff, 0x84, 0x31, 0xff, 0x84, 0x32, 0xff, 0x84, 0x31, 0xff, 0x84, 0x32, 0xff, 0x52, 0xab, 0xff, 0x42, 0x29, 0xff, 0x42, 0x29, 0xff, 0x42, 0x29, 0xff, 0x42, 0x29, 0xff, 0x42, 0x29, 0xff, 0x42, 0x29, 0xff, 0x42, 0x29, 0xff, 0x42, 0x29, 0xff, 0x42, 0x29, 0xff, 0x42, 0x29, 0xff, 0x52, 0xab, 0xff, 0x84, 0x31, 0xff, 0x84, 0x32, 0xff, 0x84, 0x31, 0xff, 0x84, 0x32, 0xff, 0x84, 0x31, 0xff, 0x84, 0x32, 0xff, 
  0x84, 0x32, 0xff, 0x84, 0x32, 0xff, 0x84, 0x32, 0xff, 0x84, 0x32, 0xff, 0x84, 0x32, 0xff, 0x84, 0x32, 0xff, 0x42, 0x29, 0xff, 0x42, 0x29, 0xff, 0x42, 0x29, 0xff, 0x42, 0x29, 0xff, 0x42, 0x29, 0xff, 0x42, 0x29, 0xff, 0x42, 0x29, 0xff, 0x42, 0x29, 0xff, 0x42, 0x29, 0xff, 0x42, 0x29, 0xff, 0x42, 0x29, 0xff, 0x42, 0x29, 0xff, 0x7b, 0xf0, 0xff, 0x84, 0x32, 0xff, 0x84, 0x32, 0xff, 0x84, 0x32, 0xff, 0x84, 0x32, 0xff, 0x84, 0x32, 0xff, 
  0x84, 0x31, 0xff, 0x84, 0x32, 0xff, 0x84, 0x31, 0xff, 0x84, 0x32, 0xff, 0x84, 0x31, 0xff, 0x7b, 0xf0, 0xff, 0x42, 0x29, 0xff, 0x42, 0x29, 0xff, 0x42, 0x29, 0xff, 0x42, 0x29, 0xff, 0x42, 0x29, 0xff, 0x42, 0x29, 0xff, 0x42, 0x29, 0xff, 0x42, 0x29, 0xff, 0x42, 0x29, 0xff, 0x42, 0x29, 0xff, 0x42, 0x29, 0xff, 0x42, 0x29, 0xff, 0x7b, 0xf0, 0xff, 0x84, 0x32, 0xff, 0x84, 0x31, 0xff, 0x84, 0x32, 0xff, 0x84, 0x31, 0xff, 0x84, 0x32, 0xff, 
  0x84, 0x32, 0xff, 0x84, 0x32, 0xff, 0x84, 0x32, 0xff, 0x84, 0x32, 0xff, 0x84, 0x32, 0xff, 0x63, 0x2d, 0xff, 0x42, 0x29, 0xff, 0x42, 0x29, 0xff, 0x42, 0x29, 0xff, 0x42, 0x29, 0xff, 0x42, 0x29, 0xff, 0x42, 0x29, 0xff, 0x42, 0x29, 0xff, 0x42, 0x29, 0xff, 0x42, 0x29, 0xff, 0x42, 0x29, 0xff, 0x42, 0x29, 0xff, 0x42, 0x29, 0xff, 0x6b, 0x6e, 0xff, 0x84, 0x32, 0xff, 0x84, 0x32, 0xff, 0x84, 0x32, 0xff, 0x84, 0x32, 0xff, 0x84, 0x32, 0xff, 
  0x84, 0x31, 0xff, 0x84, 0x32, 0xff, 0x84, 0x31, 0xff, 0x84, 0x32, 0xff, 0x84, 0x31, 0xff, 0x63, 0x2d, 0xff, 0x42, 0x29, 0xff, 0x42, 0x29, 0xff, 0x42, 0x29, 0xff, 0x42, 0x29, 0xff, 0x42, 0x29, 0xff, 0x42, 0x29, 0xff, 0x42, 0x29, 0xff, 0x42, 0x29, 0xff, 0x42, 0x29, 0xff, 0x42, 0x29, 0xff, 0x42, 0x29, 0xff, 0x42, 0x29, 0xff, 0x5a, 0xec, 0xff, 0x84, 0x32, 0xff, 0x84, 0x31, 0xff, 0x84, 0x32, 0xff, 0x84, 0x31, 0xff, 0x84, 0x32, 0xff, 
  0x84, 0x32, 0xff, 0x84, 0x32, 0xff, 0x84, 0x32, 0xff, 0x84, 0x32, 0xff, 0x84, 0x32, 0xff, 0x63, 0x2d, 0xff, 0x42, 0x29, 0xff, 0x42, 0x29, 0xff, 0x42, 0x29, 0xff, 0x42, 0x29, 0xff, 0x42, 0x29, 0xff, 0x42, 0x29, 0xff, 0x42, 0x29, 0xff, 0x42, 0x29, 0xff, 0x42, 0x29, 0xff, 0x42, 0x29, 0xff, 0x42, 0x29, 0xff, 0x42, 0x29, 0xff, 0x63, 0x2d, 0xff, 0x84, 0x32, 0xff, 0x84, 0x32, 0xff, 0x84, 0x32, 0xff, 0x84, 0x32, 0xff, 0x84, 0x32, 0xff, 
  0x84, 0x31, 0xfb, 0x84, 0x31, 0xff, 0x84, 0x31, 0xff, 0x84, 0x32, 0xff, 0x84, 0x31, 0xff, 0x84, 0x32, 0xff, 0x4a, 0x6a, 0xff, 0x42, 0x29, 0xff, 0x42, 0x29, 0xff, 0x42, 0x29, 0xff, 0x42, 0x29, 0xff, 0x42, 0x29, 0xff, 0x42, 0x29, 0xff, 0x42, 0x29, 0xff, 0x42, 0x29, 0xff, 0x42, 0x29, 0xff, 0x42, 0x29, 0xff, 0x52, 0xab, 0xff, 0x7b, 0xf0, 0xff, 0x84, 0x32, 0xff, 0x84, 0x31, 0xff, 0x84, 0x32, 0xff, 0x84, 0x31, 0xff, 0x84, 0x31, 0xfb, 
  0x84, 0x32, 0x81, 0x84, 0x32, 0xff, 0x84, 0x32, 0xff, 0x84, 0x32, 0xff, 0x84, 0x32, 0xff, 0x84, 0x32, 0xff, 0x84, 0x32, 0xff, 0x73, 0xaf, 0xff, 0x6b, 0x6e, 0xff, 0x6b, 0x6e, 0xff, 0x6b, 0x6e, 0xff, 0x6b, 0x6e, 0xff, 0x6b, 0x6e, 0xff, 0x6b, 0x6e, 0xff, 0x6b, 0x6e, 0xff, 0x6b, 0x6e, 0xff, 0x6b, 0x6e, 0xff, 0x84, 0x32, 0xff, 0x84, 0x32, 0xff, 0x84, 0x32, 0xff, 0x84, 0x32, 0xff, 0x84, 0x32, 0xff, 0x84, 0x32, 0xff, 0x84, 0x52, 0x81, 
  0x00, 0x00, 0x00, 0x84, 0x52, 0x50, 0x84, 0x32, 0x7f, 0x84, 0x32, 0x7f, 0x84, 0x32, 0x7f, 0x84, 0x32, 0x7f, 0x84, 0x32, 0x7f, 0x84, 0x32, 0x7f, 0x84, 0x32, 0x7f, 0x84, 0x32, 0x7f, 0x84, 0x32, 0x7f, 0x84, 0x32, 0x7f, 0x84, 0x32, 0x7f, 0x84, 0x32, 0x7f, 0x84, 0x32, 0x7f, 0x84, 0x32, 0x7f, 0x84, 0x32, 0x7f, 0x84, 0x32, 0x7f, 0x84, 0x32, 0x7f, 0x84, 0x32, 0x7f, 0x84, 0x32, 0x7f, 0x84, 0x32, 0x7f, 0x84, 0x52, 0x50, 0x00, 0x00, 0x00, 
#endif
#if LV_COLOR_DEPTH == 32
  0x00, 0x00, 0x00, 0x00, 0x8c, 0x86, 0x83, 0x50, 0x8d, 0x85, 0x81, 0x7f, 0x8d, 0x85, 0x81, 0x7f, 0x8d, 0x85, 0x81, 0x7f, 0x8d, 0x85, 0x81, 0x7f, 0x8d, 0x85, 0x81, 0x7f, 0x8d, 0x85, 0x81, 0x7f, 0x8d, 0x85, 0x81, 0x7f, 0x8d, 0x85, 0x81, 0x7f, 0x8d, 0x85, 0x81, 0x7f, 0x8d, 0x85, 0x81, 0x7f, 0x8d, 0x85, 0x81, 0x7f, 0x8d, 0x85, 0x81, 0x7f, 0x8d, 0x85, 0x81, 0x7f, 0x8d, 0x85, 0x81, 0x7f, 0x8d, 0x85, 0x81, 0x7f, 0x8d, 0x85, 0x81, 0x7f, 0x8d, 0x85, 0x81, 0x7f, 0x8d, 0x85, 0x81, 0x7f, 0x8d, 0x85, 0x81, 0x7f, 0x8d, 0x85, 0x81, 0x7f, 0x8c, 0x86, 0x80, 0x50, 0x00, 0x00, 0x00, 0x00, 
  0x8c, 0x84, 0x80, 0x81, 0x8c, 0x85, 0x81, 0xff, 0x8c, 0x85, 0x81, 0xff, 0x72, 0x6d, 0x69, 0xff, 0x72, 0x6d, 0x69, 0xff, 0x72, 0x6d, 0x69, 0xff, 0x72, 0x6d, 0x69, 0xff, 0x72, 0x6d, 0x69, 0xff, 0x72, 0x6d, 0x69, 0xff, 0x72, 0x6d, 0x69, 0xff, 0x72, 0x6d, 0x69, 0xff, 0x72, 0x6d, 0x69, 0xff, 0x72, 0x6d, 0x69, 0xff, 0x72, 0x6d, 0x69, 0xff, 0x72, 0x6d, 0x69, 0xff, 0x72, 0x6d, 0x69, 0xff, 0x72, 0x6d, 0x69, 0xff, 0x72, 0x6d, 0x69, 0xff, 0x72, 0x6d, 0x69, 0xff, 0x72, 0x6d, 0x69, 0xff, 0x7b, 0x75, 0x72, 0xff, 0x83, 0x7d, 0x79, 0xff, 0x8c, 0x85, 0x81, 0xff, 0x8c, 0x84, 0x80, 0x81, 
  0x8b, 0x84, 0x81, 0xfb, 0x83, 0x7c, 0x79, 0xff, 0x50, 0x4c, 0x49, 0xff, 0x47, 0x44, 0x42, 0xff, 0x47, 0x44, 0x42, 0xff, 0x47, 0x44, 0x42, 0xff, 0x47, 0x44, 0x42, 0xff, 0x47, 0x44, 0x42, 0xff, 0x47, 0x44, 0x42, 0xff, 0x47, 0x44, 0x42, 0xff, 0x47, 0x44, 0x42, 0xff, 0x47, 0x44, 0x42, 0xff, 0x47, 0x44, 0x42, 0xff, 0x47, 0x44, 0x42, 0xff, 0x47, 0x44, 0x42, 0xff, 0x47, 0x44, 0x42, 0xff, 0x47, 0x44, 0x42, 0xff, 0x47, 0x44, 0x42, 0xff, 0x47, 0x44, 0x42, 0xff, 0x47, 0x44, 0x42, 0xff, 0x47, 0x44, 0x42, 0xff, 0x58, 0x54, 0x51, 0xff, 0x83, 0x7c, 0x79, 0xff, 0x8c, 0x85, 0x81, 0xfb, 
  0x8c, 0x85, 0x81, 0xff, 0x6a, 0x65, 0x62, 0xff, 0x47, 0x44, 0x42, 0xff, 0x47, 0x44, 0x42, 0xff, 0x47, 0x44, 0x42, 0xff, 0x47, 0x44, 0x42, 0xff, 0x47, 0x44, 0x42, 0xff, 0x47, 0x44, 0x42, 0xff, 0x47, 0x44, 0x42, 0xff, 0x47, 0x44, 0x42, 0xff, 0x47, 0x44, 0x42, 0xff, 0x47, 0x44, 0x42, 0xff, 0x47, 0x44, 0x42, 0xff, 0x47, 0x44, 0x42, 0xff, 0x47, 0x44, 0x42, 0xff, 0x47, 0x44, 0x42, 0xff, 0x47, 0x44, 0x42, 0xff, 0x47, 0x44, 0x42, 0xff, 0x47, 0x44, 0x42, 0xff, 0x47, 0x44, 0x42, 0xff, 0x47, 0x44, 0x42, 0xff, 0x47, 0x44, 0x42, 0xff, 0x69, 0x65, 0x62, 0xff, 0x8c, 0x85, 0x81, 0xff, 
  0x8c, 0x84, 0x80, 0xff, 0x58, 0x54, 0x51, 0xff, 0x47, 0x44, 0x42, 0xff, 0x47, 0x44, 0x42, 0xff, 0x47, 0x43, 0x41, 0xff, 0x47, 0x44, 0x42, 0xff, 0x47, 0x44, 0x42, 0xff, 0x47, 0x44, 0x42, 0xff, 0x46, 0x43, 0x41, 0xff, 0x47, 0x44, 0x42, 0xff, 0x47, 0x44, 0x42, 0xff, 0x47, 0x44, 0x42, 0xff, 0x47, 0x43, 0x41, 0xff, 0x47, 0x44, 0x42, 0xff, 0x47, 0x44, 0x42, 0xff, 0x47, 0x44, 0x42, 0xff, 0x46, 0x43, 0x41, 0xff, 0x47, 0x44, 0x42, 0xff, 0x47, 0x44, 0x42, 0xff, 0x47, 0x44, 0x42, 0xff, 0x47, 0x43, 0x41, 0xff, 0x47, 0x44, 0x42, 0xff, 0x58, 0x54, 0x51, 0xff, 0x8c, 0x85, 0x81, 0xff, 
  0x8c, 0x85, 0x81, 0xff, 0x58, 0x54, 0x52, 0xff, 0x47, 0x44, 0x42, 0xff, 0x47, 0x44, 0x42, 0xff, 0x47, 0x44, 0x42, 0xff, 0x47, 0x44, 0x42, 0xff, 0x47, 0x44, 0x42, 0xff, 0x47, 0x44, 0x42, 0xff, 0x47, 0x44, 0x42, 0xff, 0x47, 0x44, 0x42, 0xff, 0x47, 0x44, 0x42, 0xff, 0x47, 0x44, 0x42, 0xff, 0x47, 0x44, 0x42, 0xff, 0x47, 0x44, 0x42, 0xff, 0x47, 0x44, 0x42, 0xff, 0x47, 0x44, 0x42, 0xff, 0x47, 0x44, 0x42, 0xff, 0x47, 0x44, 0x42, 0xff, 0x47, 0x44, 0x42, 0xff, 0x47, 0x44, 0x42, 0xff, 0x47, 0x44, 0x42, 0xff, 0x47, 0x44, 0x42, 0xff, 0x58, 0x54, 0x51, 0xff, 0x8c, 0x85, 0x81, 0xff, 
  0x8c, 0x85, 0x81, 0xff, 0x58, 0x54, 0x51, 0xff, 0x47, 0x44, 0x42, 0xff, 0x47, 0x44, 0x42, 0xff, 0x47, 0x44, 0x42, 0xff, 0x47, 0x44, 0x42, 0xff, 0x47, 0x44, 0x42, 0xff, 0x47, 0x44, 0x42, 0xff, 0x47, 0x44, 0x42, 0xff, 0x47, 0x44, 0x42, 0xff, 0x47, 0x44, 0x42, 0xff, 0x47, 0x44, 0x42, 0xff, 0x47, 0x44, 0x42, 0xff, 0x47, 0x44, 0x42, 0xff, 0x47, 0x44, 0x42, 0xff, 0x47, 0x44, 0x42, 0xff, 0x47, 0x44, 0x42, 0xff, 0x47, 0x44, 0x42, 0xff, 0x47, 0x44, 0x42, 0xff, 0x47, 0x44, 0x42, 0xff, 0x47, 0x44, 0x42, 0xff, 0x47, 0x44, 0x42, 0xff, 0x58, 0x54, 0x51, 0xff, 0x8c, 0x85, 0x81, 0xff, 
  0x8c, 0x85, 0x81, 0xff, 0x58, 0x54, 0x52, 0xff, 0x47, 0x44, 0x42, 0xff, 0x47, 0x44, 0x42, 0xff, 0x47, 0x44, 0x42, 0xff, 0x47, 0x44, 0x42, 0xff, 0x47, 0x44, 0x42, 0xff, 0x47, 0x44, 0x42, 0xff, 0x47, 0x44, 0x42, 0xff, 0x47, 0x44, 0x42, 0xff, 0x47, 0x44, 0x42, 0xff, 0x47, 0x44, 0x42, 0xff, 0x47, 0x44, 0x42, 0xff, 0x47, 0x44, 0x42, 0xff, 0x47, 0x44, 0x42, 0xff, 0x47, 0x44, 0x42, 0xff, 0x47, 0x44, 0x42, 0xff, 0x47, 0x44, 0x42, 0xff, 0x47, 0x44, 0x42, 0xff, 0x47, 0x44, 0x42, 0xff, 0x47, 0x44, 0x42, 0xff, 0x47, 0x44, 0x42, 0xff, 0x58, 0x54, 0x52, 0xff, 0x8c, 0x85, 0x81, 0xff, 
  0x8b, 0x84, 0x80, 0xff, 0x58, 0x54, 0x51, 0xff, 0x47, 0x44, 0x41, 0xff, 0x47, 0x44, 0x42, 0xff, 0x46, 0x43, 0x41, 0xff, 0x47, 0x44, 0x42, 0xff, 0x47, 0x44, 0x42, 0xff, 0x47, 0x44, 0x42, 0xff, 0x46, 0x43, 0x41, 0xff, 0x47, 0x44, 0x42, 0xff, 0x47, 0x44, 0x41, 0xff, 0x47, 0x44, 0x42, 0xff, 0x46, 0x43, 0x41, 0xff, 0x47, 0x44, 0x42, 0xff, 0x47, 0x44, 0x42, 0xff, 0x47, 0x44, 0x42, 0xff, 0x46, 0x43, 0x41, 0xff, 0x47, 0x44, 0x42, 0xff, 0x47, 0x44, 0x41, 0xff, 0x47, 0x44, 0x42, 0xff, 0x46, 0x43, 0x41, 0xff, 0x47, 0x44, 0x42, 0xff, 0x58, 0x54, 0x51, 0xff, 0x8c, 0x85, 0x81, 0xff, 
  0x8c, 0x85, 0x81, 0xff, 0x5a, 0x56, 0x54, 0xff, 0x4a, 0x47, 0x45, 0xff, 0x4a, 0x47, 0x45, 0xff, 0x4a, 0x47, 0x45, 0xff, 0x4a, 0x47, 0x45, 0xff, 0x4a, 0x47, 0x45, 0xff, 0x4a, 0x47, 0x45, 0xff, 0x4a, 0x47, 0x45, 0xff, 0x4a, 0x47, 0x45, 0xff, 0x4a, 0x47, 0x45, 0xff, 0x4a, 0x47, 0x45, 0xff, 0x4a, 0x47, 0x45, 0xff, 0x4a, 0x47, 0x45, 0xff, 0x4a, 0x47, 0x45, 0xff, 0x4a, 0x47, 0x45, 0xff, 0x4a, 0x47, 0x45, 0xff, 0x4a, 0x47, 0x45, 0xff, 0x4a, 0x47, 0x45, 0xff, 0x4a, 0x47, 0x45, 0xff, 0x4a, 0x47, 0x45, 0xff, 0x4a, 0x47, 0x45, 0xff, 0x5a, 0x56, 0x53, 0xff, 0x8c, 0x85, 0x81, 0xff, 
  0x8d, 0x86, 0x82, 0xff, 0x4f, 0x4c, 0x4a, 0xff, 0x47, 0x44, 0x43, 0xff, 0x47, 0x44, 0x43, 0xff, 0x47, 0x44, 0x43, 0xff, 0x47, 0x44, 0x43, 0xff, 0x47, 0x44, 0x43, 0xff, 0x47, 0x44, 0x43, 0xff, 0x47, 0x44, 0x43, 0xff, 0x47, 0x44, 0x43, 0xff, 0x47, 0x44, 0x43, 0xff, 0x47, 0x44, 0x43, 0xff, 0x47, 0x44, 0x43, 0xff, 0x47, 0x44, 0x43, 0xff, 0x47, 0x44, 0x43, 0xff, 0x47, 0x44, 0x43, 0xff, 0x47, 0x44, 0x43, 0xff, 0x47, 0x44, 0x43, 0xff, 0x47, 0x44, 0x43, 0xff, 0x47, 0x44, 0x43, 0xff, 0x47, 0x44, 0x43, 0xff, 0x47, 0x44, 0x43, 0xff, 0x4f, 0x4c, 0x4a, 0xff, 0x8d, 0x86, 0x82, 0xff, 
  0x8e, 0x87, 0x83, 0xff, 0x2a, 0x28, 0x27, 0xff, 0x1f, 0x1e, 0x1d, 0xff, 0x1f, 0x1e, 0x1d, 0xff, 0x1f, 0x1e, 0x1d, 0xff, 0x1f, 0x1e, 0x1d, 0xff, 0x1f, 0x1e, 0x1d, 0xff, 0x1f, 0x1e, 0x1d, 0xff, 0x1f, 0x1e, 0x1d, 0xff, 0x1f, 0x1e, 0x1d, 0xff, 0x1f, 0x1e, 0x1d, 0xff, 0x1f, 0x1e, 0x1d, 0xff, 0x1f, 0x1e, 0x1d, 0xff, 0x1f, 0x1e, 0x1d, 0xff, 0x1f, 0x1e, 0x1d, 0xff, 0x1f, 0x1e, 0x1d, 0xff, 0x1f, 0x1e, 0x1d, 0xff, 0x1f, 0x1e, 0x1d, 0xff, 0x1f, 0x1e, 0x1d, 0xff, 0x1f, 0x1e, 0x1d, 0xff, 0x1f, 0x1e, 0x1d, 0xff, 0x1f, 0x1e, 0x1d, 0xff, 0x2a, 0x28, 0x27, 0xff, 0x8e, 0x87, 0x83, 0xff, 
  0x8c, 0x85, 0x81, 0xff, 0x52, 0x4f, 0x4e, 0xff, 0x4b, 0x48, 0x47, 0xff, 0x4b, 0x48, 0x47, 0xff, 0x4a, 0x47, 0x46, 0xff, 0x4b, 0x48, 0x47, 0xff, 0x4b, 0x48, 0x47, 0xff, 0x4b, 0x48, 0x47, 0xff, 0x4a, 0x47, 0x46, 0xff, 0x4b, 0x48, 0x47, 0xff, 0x4b, 0x48, 0x47, 0xff, 0x4b, 0x48, 0x47, 0xff, 0x4a, 0x47, 0x46, 0xff, 0x4b, 0x48, 0x47, 0xff, 0x4b, 0x48, 0x47, 0xff, 0x4b, 0x48, 0x47, 0xff, 0x4a, 0x47, 0x46, 0xff, 0x4b, 0x48, 0x47, 0xff, 0x4b, 0x48, 0x47, 0xff, 0x4b, 0x48, 0x47, 0xff, 0x4a, 0x47, 0x46, 0xff, 0x4b, 0x48, 0x47, 0xff, 0x52, 0x4f, 0x4e, 0xff, 0x8d, 0x86, 0x82, 0xff, 
  0x8c, 0x85, 0x81, 0xff, 0x5a, 0x56, 0x54, 0xff, 0x4a, 0x47, 0x45, 0xff, 0x4a, 0x47, 0x45, 0xff, 0x4a, 0x47, 0x45, 0xff, 0x4a, 0x47, 0x45, 0xff, 0x4a, 0x47, 0x45, 0xff, 0x4a, 0x47, 0x45, 0xff, 0x4a, 0x47, 0x45, 0xff, 0x4a, 0x47, 0x45, 0xff, 0x4a, 0x47, 0x45, 0xff, 0x4a, 0x47, 0x45, 0xff, 0x4a, 0x47, 0x45, 0xff, 0x4a, 0x47, 0x45, 0xff, 0x4a, 0x47, 0x45, 0xff, 0x4a, 0x47, 0x45, 0xff, 0x4a, 0x47, 0x45, 0xff, 0x4a, 0x47, 0x45, 0xff, 0x4a, 0x47, 0x45, 0xff, 0x4a, 0x47, 0x45, 0xff, 0x4a, 0x47, 0x45, 0xff, 0x4a, 0x47, 0x45, 0xff, 0x5a, 0x56, 0x53, 0xff, 0x8c, 0x85, 0x81, 0xff, 
  0x8c, 0x85, 0x81, 0xff, 0x58, 0x54, 0x51, 0xff, 0x47, 0x44, 0x42, 0xff, 0x47, 0x44, 0x42, 0xff, 0x47, 0x44, 0x42, 0xff, 0x47, 0x44, 0x42, 0xff, 0x47, 0x44, 0x42, 0xff, 0x47, 0x44, 0x42, 0xff, 0x47, 0x44, 0x42, 0xff, 0x47, 0x44, 0x42, 0xff, 0x47, 0x44, 0x42, 0xff, 0x47, 0x44, 0x42, 0xff, 0x47, 0x44, 0x42, 0xff, 0x47, 0x44, 0x42, 0xff, 0x47, 0x44, 0x42, 0xff, 0x47, 0x44, 0x42, 0xff, 0x47, 0x44, 0x42, 0xff, 0x47, 0x44, 0x42, 0xff, 0x47, 0x44, 0x42, 0xff, 0x47, 0x44, 0x42, 0xff, 0x47, 0x44, 0x42, 0xff, 0x47, 0x44, 0x42, 0xff, 0x58, 0x54, 0x51, 0xff, 0x8c, 0x85, 0x81, 0xff, 
  0x8c, 0x85, 0x81, 0xff, 0x58, 0x54, 0x52, 0xff, 0x47, 0x44, 0x42, 0xff, 0x47, 0x44, 0x42, 0xff, 0x47, 0x44, 0x42, 0xff, 0x47, 0x44, 0x42, 0xff, 0x47, 0x44, 0x42, 0xff, 0x47, 0x44, 0x42, 0xff, 0x47, 0x44, 0x42, 0xff, 0x47, 0x44, 0x42, 0xff, 0x47, 0x44, 0x42, 0xff, 0x47, 0x44, 0x42, 0xff, 0x47, 0x44, 0x42, 0xff, 0x47, 0x44, 0x42, 0xff, 0x47, 0x44, 0x42, 0xff, 0x47, 0x44, 0x42, 0xff, 0x47, 0x44, 0x42, 0xff, 0x47, 0x44, 0x42, 0xff, 0x47, 0x44, 0x42, 0xff, 0x47, 0x44, 0x42, 0xff, 0x47, 0x44, 0x42, 0xff, 0x47, 0x44, 0x42, 0xff, 0x58, 0x54, 0x52, 0xff, 0x8c, 0x85, 0x81, 0xff, 
  0x8b, 0x84, 0x80, 0xff, 0x58, 0x54, 0x51, 0xff, 0x46, 0x43, 0x41, 0xff, 0x47, 0x44, 0x42, 0xff, 0x46, 0x43, 0x41, 0xff, 0x47, 0x44, 0x42, 0xff, 0x47, 0x43, 0x41, 0xff, 0x47, 0x44, 0x42, 0xff, 0x46, 0x43, 0x41, 0xff, 0x47, 0x44, 0x42, 0xff, 0x46, 0x43, 0x41, 0xff, 0x47, 0x44, 0x42, 0xff, 0x46, 0x43, 0x41, 0xff, 0x47, 0x44, 0x42, 0xff, 0x47, 0x43, 0x41, 0xff, 0x47, 0x44, 0x42, 0xff, 0x46, 0x43, 0x41, 0xff, 0x47, 0x44, 0x42, 0xff, 0x46, 0x43, 0x41, 0xff, 0x47, 0x44, 0x42, 0xff, 0x46, 0x43, 0x41, 0xff, 0x47, 0x44, 0x42, 0xff, 0x58, 0x54, 0x51, 0xff, 0x8c, 0x85, 0x81, 0xff, 
  0x8c, 0x85, 0x81, 0xff, 0x58, 0x54, 0x52, 0xff, 0x47, 0x44, 0x42, 0xff, 0x47, 0x44, 0x42, 0xff, 0x47, 0x44, 0x42, 0xff, 0x47, 0x44, 0x42, 0xff, 0x47, 0x44, 0x42, 0xff, 0x47, 0x44, 0x42, 0xff, 0x47, 0x44, 0x42, 0xff, 0x47, 0x44, 0x42, 0xff, 0x47, 0x44, 0x42, 0xff, 0x47, 0x44, 0x42, 0xff, 0x47, 0x44, 0x42, 0xff, 0x47, 0x44, 0x42, 0xff, 0x47, 0x44, 0x42, 0xff, 0x47, 0x44, 0x42, 0xff, 0x47, 0x44, 0x42, 0xff, 0x47, 0x44, 0x42, 0xff, 0x47, 0x44, 0x42, 0xff, 0x47, 0x44, 0x42, 0xff, 0x47, 0x44, 0x42, 0xff, 0x47, 0x44, 0x42, 0xff, 0x58, 0x54, 0x51, 0xff, 0x8c, 0x85, 0x81, 0xff, 
  0x8c, 0x85, 0x81, 0xff, 0x5a, 0x56, 0x53, 0xff, 0x4a, 0x47, 0x45, 0xff, 0x4a, 0x47, 0x45, 0xff, 0x4a, 0x47, 0x45, 0xff, 0x4a, 0x47, 0x45, 0xff, 0x4a, 0x47, 0x45, 0xff, 0x4a, 0x47, 0x45, 0xff, 0x4a, 0x47, 0x45, 0xff, 0x4a, 0x47, 0x45, 0xff, 0x4a, 0x47, 0x45, 0xff, 0x4a, 0x47, 0x45, 0xff, 0x4a, 0x47, 0x45, 0xff, 0x4a, 0x47, 0x45, 0xff, 0x4a, 0x47, 0x45, 0xff, 0x4a, 0x47, 0x45, 0xff, 0x4a, 0x47, 0x45, 0xff, 0x4a, 0x47, 0x45, 0xff, 0x4a, 0x47, 0x45, 0xff, 0x4a, 0x47, 0x45, 0xff, 0x4a, 0x47, 0x45, 0xff, 0x4a, 0x47, 0x45, 0xff, 0x5a, 0x56, 0x53, 0xff, 0x8c, 0x85, 0x81, 0xff, 
  0x8d, 0x86, 0x82, 0xff, 0x35, 0x33, 0x32, 0xff, 0x2d, 0x2b, 0x2a, 0xff, 0x2d, 0x2b, 0x2a, 0xff, 0x2d, 0x2b, 0x2a, 0xff, 0x2d, 0x2b, 0x2a, 0xff, 0x2d, 0x2b, 0x2a, 0xff, 0x2d, 0x2b, 0x2a, 0xff, 0x2d, 0x2b, 0x2a, 0xff, 0x2d, 0x2b, 0x2a, 0xff, 0x2d, 0x2b, 0x2a, 0xff, 0x2d, 0x2b, 0x2a, 0xff, 0x2d, 0x2b, 0x2a, 0xff, 0x2d, 0x2b, 0x2a, 0xff, 0x2d, 0x2b, 0x2a, 0xff, 0x2d, 0x2b, 0x2a, 0xff, 0x2d, 0x2b, 0x2a, 0xff, 0x2d, 0x2b, 0x2a, 0xff, 0x2d, 0x2b, 0x2a, 0xff, 0x2d, 0x2b, 0x2a, 0xff, 0x2d, 0x2b, 0x2a, 0xff, 0x2d, 0x2b, 0x2a, 0xff, 0x35, 0x33, 0x31, 0xff, 0x8d, 0x86, 0x82, 0xff, 
  0x8c, 0x85, 0x81, 0xff, 0x2b, 0x29, 0x27, 0xff, 0x24, 0x22, 0x21, 0xff, 0x24, 0x22, 0x22, 0xff, 0x23, 0x22, 0x21, 0xff, 0x24, 0x22, 0x22, 0xff, 0x24, 0x22, 0x22, 0xff, 0x24, 0x22, 0x22, 0xff, 0x23, 0x22, 0x21, 0xff, 0x24, 0x22, 0x22, 0xff, 0x24, 0x22, 0x21, 0xff, 0x24, 0x22, 0x22, 0xff, 0x23, 0x22, 0x21, 0xff, 0x24, 0x22, 0x22, 0xff, 0x24, 0x22, 0x22, 0xff, 0x24, 0x22, 0x22, 0xff, 0x23, 0x22, 0x21, 0xff, 0x24, 0x22, 0x22, 0xff, 0x24, 0x22, 0x21, 0xff, 0x24, 0x22, 0x22, 0xff, 0x23, 0x22, 0x21, 0xff, 0x24, 0x22, 0x22, 0xff, 0x2b, 0x29, 0x27, 0xff, 0x8d, 0x86, 0x82, 0xff, 
  0x8c, 0x85, 0x81, 0xff, 0x5a, 0x56, 0x54, 0xff, 0x4a, 0x47, 0x45, 0xff, 0x4a, 0x47, 0x45, 0xff, 0x4a, 0x47, 0x45, 0xff, 0x4a, 0x47, 0x45, 0xff, 0x4a, 0x47, 0x45, 0xff, 0x4a, 0x47, 0x45, 0xff, 0x4a, 0x47, 0x45, 0xff, 0x4a, 0x47, 0x45, 0xff, 0x4a, 0x47, 0x45, 0xff, 0x4a, 0x47, 0x45, 0xff, 0x4a, 0x47, 0x45, 0xff, 0x4a, 0x47, 0x45, 0xff, 0x4a, 0x47, 0x45, 0xff, 0x4a, 0x47, 0x45, 0xff, 0x4a, 0x47, 0x45, 0xff, 0x4a, 0x47, 0x45, 0xff, 0x4a, 0x47, 0x45, 0xff, 0x4a, 0x47, 0x45, 0xff, 0x4a, 0x47, 0x45, 0xff, 0x4a, 0x47, 0x45, 0xff, 0x5a, 0x56, 0x53, 0xff, 0x8c, 0x85, 0x81, 0xff, 
  0x8c, 0x85, 0x81, 0xff, 0x58, 0x54, 0x51, 0xff, 0x47, 0x44, 0x42, 0xff, 0x47, 0x44, 0x42, 0xff, 0x47, 0x44, 0x42, 0xff, 0x47, 0x44, 0x42, 0xff, 0x47, 0x44, 0x42, 0xff, 0x47, 0x44, 0x42, 0xff, 0x47, 0x44, 0x42, 0xff, 0x47, 0x44, 0x42, 0xff, 0x47, 0x44, 0x42, 0xff, 0x47, 0x44, 0x42, 0xff, 0x47, 0x44, 0x42, 0xff, 0x47, 0x44, 0x42, 0xff, 0x47, 0x44, 0x42, 0xff, 0x47, 0x44, 0x42, 0xff, 0x47, 0x44, 0x42, 0xff, 0x47, 0x44, 0x42, 0xff, 0x47, 0x44, 0x42, 0xff, 0x47, 0x44, 0x42, 0xff, 0x47, 0x44, 0x42, 0xff, 0x47, 0x44, 0x42, 0xff, 0x58, 0x54, 0x51, 0xff, 0x8c, 0x85, 0x81, 0xff, 
  0x8c, 0x85, 0x81, 0xff, 0x58, 0x54, 0x52, 0xff, 0x47, 0x44, 0x42, 0xff, 0x47, 0x44, 0x42, 0xff, 0x47, 0x44, 0x42, 0xff, 0x47, 0x44, 0x42, 0xff, 0x47, 0x44, 0x42, 0xff, 0x47, 0x44, 0x42, 0xff, 0x47, 0x44, 0x42, 0xff, 0x47, 0x44, 0x42, 0xff, 0x47, 0x44, 0x42, 0xff, 0x47, 0x44, 0x42, 0xff, 0x47, 0x44, 0x42, 0xff, 0x47, 0x44, 0x42, 0xff, 0x47, 0x44, 0x42, 0xff, 0x47, 0x44, 0x42, 0xff, 0x47, 0x44, 0x42, 0xff, 0x47, 0x44, 0x42, 0xff, 0x47, 0x44, 0x42, 0xff, 0x47, 0x44, 0x42, 0xff, 0x47, 0x44, 0x42, 0xff, 0x47, 0x44, 0x42, 0xff, 0x58, 0x54, 0x52, 0xff, 0x8c, 0x85, 0x81, 0xff, 
  0x8b, 0x84, 0x80, 0xff, 0x58, 0x54, 0x51, 0xff, 0x46, 0x43, 0x41, 0xff, 0x47, 0x44, 0x42, 0xff, 0x46, 0x43, 0x41, 0xff, 0x47, 0x44, 0x42, 0xff, 0x46, 0x43, 0x41, 0xff, 0x47, 0x44, 0x42, 0xff, 0x46, 0x43, 0x41, 0xff, 0x47, 0x44, 0x42, 0xff, 0x46, 0x43, 0x41, 0xff, 0x47, 0x44, 0x42, 0xff, 0x46, 0x43, 0x41, 0xff, 0x47, 0x44, 0x42, 0xff, 0x46, 0x43, 0x41, 0xff, 0x47, 0x44, 0x42, 0xff, 0x46, 0x43, 0x41, 0xff, 0x47, 0x44, 0x42, 0xff, 0x46, 0x43, 0x41, 0xff, 0x47, 0x44, 0x42, 0xff, 0x46, 0x43, 0x41, 0xff, 0x47, 0x44, 0x42, 0xff, 0x58, 0x54, 0x51, 0xff, 0x8c, 0x85, 0x81, 0xff, 
  0x8c, 0x85, 0x81, 0xff, 0x58, 0x54, 0x52, 0xff, 0x47, 0x44, 0x42, 0xff, 0x47, 0x44, 0x42, 0xff, 0x47, 0x44, 0x42, 0xff, 0x47, 0x44, 0x42, 0xff, 0x47, 0x44, 0x42, 0xff, 0x47, 0x44, 0x42, 0xff, 0x47, 0x44, 0x42, 0xff, 0x47, 0x44, 0x42, 0xff, 0x47, 0x44, 0x42, 0xff, 0x47, 0x44, 0x42, 0xff, 0x47, 0x44, 0x42, 0xff, 0x47, 0x44, 0x42, 0xff, 0x47, 0x44, 0x42, 0xff, 0x47, 0x44, 0x42, 0xff, 0x47, 0x44, 0x42, 0xff, 0x47, 0x44, 0x42, 0xff, 0x47, 0x44, 0x42, 0xff, 0x47, 0x44, 0x42, 0xff, 0x47, 0x44, 0x42, 0xff, 0x47, 0x44, 0x42, 0xff, 0x58, 0x54, 0x51, 0xff, 0x8c, 0x85, 0x81, 0xff, 
  0x8c, 0x85, 0x80, 0xff, 0x58, 0x54, 0x51, 0xff, 0x47, 0x44, 0x42, 0xff, 0x47, 0x44, 0x42, 0xff, 0x47, 0x44, 0x42, 0xff, 0x47, 0x44, 0x42, 0xff, 0x47, 0x44, 0x42, 0xff, 0x47, 0x44, 0x42, 0xff, 0x47, 0x44, 0x42, 0xff, 0x47, 0x44, 0x42, 0xff, 0x47, 0x44, 0x42, 0xff, 0x47, 0x44, 0x42, 0xff, 0x47, 0x44, 0x42, 0xff, 0x47, 0x44, 0x42, 0xff, 0x47, 0x44, 0x42, 0xff, 0x47, 0x44, 0x42, 0xff, 0x47, 0x44, 0x42, 0xff, 0x47, 0x44, 0x42, 0xff, 0x47, 0x44, 0x42, 0xff, 0x47, 0x44, 0x42, 0xff, 0x47, 0x44, 0x42, 0xff, 0x47, 0x44, 0x42, 0xff, 0x58, 0x54, 0x51, 0xff, 0x8c, 0x85, 0x81, 0xff, 
  0x8c, 0x85, 0x81, 0xff, 0x5a, 0x56, 0x54, 0xff, 0x4a, 0x47, 0x45, 0xff, 0x4a, 0x47, 0x45, 0xff, 0x4a, 0x47, 0x45, 0xff, 0x4a, 0x47, 0x45, 0xff, 0x4a, 0x47, 0x45, 0xff, 0x4a, 0x47, 0x45, 0xff, 0x4a, 0x47, 0x45, 0xff, 0x4a, 0x47, 0x45, 0xff, 0x4a, 0x47, 0x45, 0xff, 0x4a, 0x47, 0x45, 0xff, 0x4a, 0x47, 0x45, 0xff, 0x4a, 0x47, 0x45, 0xff, 0x4a, 0x47, 0x45, 0xff, 0x4a, 0x47, 0x45, 0xff, 0x4a, 0x47, 0x45, 0xff, 0x4a, 0x47, 0x45, 0xff, 0x4a, 0x47, 0x45, 0xff, 0x4a, 0x47, 0x45, 0xff, 0x4a, 0x47, 0x45, 0xff, 0x4a, 0x47, 0x45, 0xff, 0x5a, 0x56, 0x53, 0xff, 0x8c, 0x85, 0x81, 0xff, 
  0x8c, 0x85, 0x81, 0xff, 0x2a, 0x29, 0x27, 0xff, 0x23, 0x22, 0x21, 0xff, 0x24, 0x22, 0x22, 0xff, 0x23, 0x22, 0x21, 0xff, 0x24, 0x22, 0x22, 0xff, 0x24, 0x22, 0x21, 0xff, 0x24, 0x22, 0x22, 0xff, 0x23, 0x22, 0x21, 0xff, 0x24, 0x22, 0x22, 0xff, 0x23, 0x22, 0x21, 0xff, 0x24, 0x22, 0x22, 0xff, 0x23, 0x22, 0x21, 0xff, 0x24, 0x22, 0x22, 0xff, 0x24, 0x22, 0x21, 0xff, 0x24, 0x22, 0x22, 0xff, 0x23, 0x22, 0x21, 0xff, 0x24, 0x22, 0x22, 0xff, 0x23, 0x22, 0x21, 0xff, 0x24, 0x22, 0x22, 0xff, 0x23, 0x22, 0x21, 0xff, 0x24, 0x22, 0x22, 0xff, 0x2a, 0x29, 0x27, 0xff, 0x8d, 0x86, 0x82, 0xff, 
  0x8d, 0x86, 0x82, 0xff, 0x35, 0x33, 0x32, 0xff, 0x2e, 0x2c, 0x2b, 0xff, 0x2f, 0x2c, 0x2b, 0xff, 0x2f, 0x2c, 0x2b, 0xff, 0x2f, 0x2c, 0x2b, 0xff, 0x2f, 0x2c, 0x2b, 0xff, 0x2f, 0x2c, 0x2b, 0xff, 0x2f, 0x2c, 0x2b, 0xff, 0x2f, 0x2c, 0x2b, 0xff, 0x2f, 0x2c, 0x2b, 0xff, 0x2f, 0x2c, 0x2b, 0xff, 0x2f, 0x2c, 0x2b, 0xff, 0x2f, 0x2c, 0x2b, 0xff, 0x2f, 0x2c, 0x2b, 0xff, 0x2f, 0x2c, 0x2b, 0xff, 0x2f, 0x2c, 0x2b, 0xff, 0x2f, 0x2c, 0x2b, 0xff, 0x2f, 0x2c, 0x2b, 0xff, 0x2f, 0x2c, 0x2b, 0xff, 0x2f, 0x2c, 0x2b, 0xff, 0x2e, 0x2c, 0x2b, 0xff, 0x35, 0x33, 0x32, 0xff, 0x8d, 0x86, 0x82, 0xff, 
  0x8c, 0x85, 0x81, 0xff, 0x5a, 0x56, 0x53, 0xff, 0x4a, 0x47, 0x45, 0xff, 0x4a, 0x47, 0x45, 0xff, 0x4a, 0x47, 0x45, 0xff, 0x4a, 0x47, 0x45, 0xff, 0x4a, 0x47, 0x45, 0xff, 0x4a, 0x47, 0x45, 0xff, 0x4a, 0x47, 0x45, 0xff, 0x4a, 0x47, 0x45, 0xff, 0x4a, 0x47, 0x45, 0xff, 0x4a, 0x47, 0x45, 0xff, 0x4a, 0x47, 0x45, 0xff, 0x4a, 0x47, 0x45, 0xff, 0x4a, 0x47, 0x45, 0xff, 0x4a, 0x47, 0x45, 0xff, 0x4a, 0x47, 0x45, 0xff, 0x4a, 0x47, 0x45, 0xff, 0x4a, 0x47, 0x45, 0xff, 0x4a, 0x47, 0x45, 0xff, 0x4a, 0x47, 0x45, 0xff, 0x4a, 0x47, 0x45, 0xff, 0x5a, 0x56, 0x53, 0xff, 0x8c, 0x85, 0x81, 0xff, 
  0x8c, 0x85, 0x81, 0xff, 0x58, 0x54, 0x52, 0xff, 0x47, 0x44, 0x42, 0xff, 0x47, 0x44, 0x42, 0xff, 0x47, 0x44, 0x42, 0xff, 0x47, 0x44, 0x42, 0xff, 0x47, 0x44, 0x42, 0xff, 0x47, 0x44, 0x42, 0xff, 0x47, 0x44, 0x42, 0xff, 0x47, 0x44, 0x42, 0xff, 0x47, 0x44, 0x42, 0xff, 0x47, 0x44, 0x42, 0xff, 0x47, 0x44, 0x42, 0xff, 0x47, 0x44, 0x42, 0xff, 0x47, 0x44, 0x42, 0xff, 0x47, 0x44, 0x42, 0xff, 0x47, 0x44, 0x42, 0xff, 0x47, 0x44, 0x42, 0xff, 0x47, 0x44, 0x42, 0xff, 0x47, 0x44, 0x42, 0xff, 0x47, 0x44, 0x42, 0xff, 0x47, 0x44, 0x42, 0xff, 0x58, 0x54, 0x51, 0xff, 0x8c, 0x85, 0x81, 0xff, 
  0x8b, 0x84, 0x80, 0xff, 0x58, 0x54, 0x51, 0xff, 0x46, 0x43, 0x41, 0xff, 0x47, 0x44, 0x42, 0xff, 0x46, 0x43, 0x41, 0xff, 0x47, 0x44, 0x42, 0xff, 0x46, 0x43, 0x41, 0xff, 0x47, 0x44, 0x42, 0xff, 0x46, 0x43, 0x41, 0xff, 0x47, 0x44, 0x42, 0xff, 0x46, 0x43, 0x41, 0xff, 0x47, 0x44, 0x42, 0xff, 0x46, 0x43, 0x41, 0xff, 0x47, 0x44, 0x42, 0xff, 0x46, 0x43, 0x41, 0xff, 0x47, 0x44, 0x42, 0xff, 0x46, 0x43, 0x41, 0xff, 0x47, 0x44, 0x42, 0xff, 0x46, 0x43, 0x41, 0xff, 0x47, 0x44, 0x42, 0xff, 0x46, 0x43, 0x41, 0xff, 0x47, 0x44, 0x42, 0xff, 0x58, 0x54, 0x51, 0xff, 0x8c, 0x85, 0x81, 0xff, 
  0x8c, 0x85, 0x81, 0xff, 0x58, 0x54, 0x52, 0xff, 0x47, 0x44, 0x42, 0xff, 0x47, 0x44, 0x42, 0xff, 0x47, 0x44, 0x42, 0xff, 0x47, 0x44, 0x42, 0xff, 0x47, 0x44, 0x42, 0xff, 0x47, 0x44, 0x42, 0xff, 0x47, 0x44, 0x42, 0xff, 0x47, 0x44, 0x42, 0xff, 0x47, 0x44, 0x42, 0xff, 0x47, 0x44, 0x42, 0xff, 0x47, 0x44, 0x42, 0xff, 0x47, 0x44, 0x42, 0xff, 0x47, 0x44, 0x42, 0xff, 0x47, 0x44, 0x42, 0xff, 0x47, 0x44, 0x42, 0xff, 0x47, 0x44, 0x42, 0xff, 0x47, 0x44, 0x42, 0xff, 0x47, 0x44, 0x42, 0xff, 0x47, 0x44, 0x42, 0xff, 0x47, 0x44, 0x42, 0xff, 0x58, 0x54, 0x51, 0xff, 0x8c, 0x85, 0x81, 0xff, 
  0x8c, 0x84, 0x80, 0xff, 0x58, 0x54, 0x51, 0xff, 0x47, 0x44, 0x42, 0xff, 0x47, 0x44, 0x42, 0xff, 0x47, 0x44, 0x42, 0xff, 0x47, 0x44, 0x42, 0xff, 0x47, 0x44, 0x42, 0xff, 0x47, 0x44, 0x42, 0xff, 0x47, 0x43, 0x41, 0xff, 0x47, 0x44, 0x42, 0xff, 0x47, 0x44, 0x42, 0xff, 0x47, 0x44, 0x42, 0xff, 0x47, 0x44, 0x42, 0xff, 0x47, 0x44, 0x42, 0xff, 0x47, 0x44, 0x42, 0xff, 0x47, 0x44, 0x42, 0xff, 0x47, 0x43, 0x41, 0xff, 0x47, 0x44, 0x42, 0xff, 0x47, 0x44, 0x42, 0xff, 0x47, 0x44, 0x42, 0xff, 0x47, 0x44, 0x42, 0xff, 0x47, 0x44, 0x42, 0xff, 0x58, 0x54, 0x51, 0xff, 0x8c, 0x85, 0x81, 0xff, 
  0x8c, 0x85, 0x81, 0xff, 0x5a, 0x56, 0x54, 0xff, 0x4a, 0x47, 0x45, 0xff, 0x4a, 0x47, 0x45, 0xff, 0x4a, 0x47, 0x45, 0xff, 0x4a, 0x47, 0x45, 0xff, 0x4a, 0x47, 0x45, 0xff, 0x4a, 0x47, 0x45, 0xff, 0x4a, 0x47, 0x45, 0xff, 0x4a, 0x47, 0x45, 0xff, 0x4a, 0x47, 0x45, 0xff, 0x4a, 0x47, 0x45, 0xff, 0x4a, 0x47, 0x45, 0xff, 0x4a, 0x47, 0x45, 0xff, 0x4a, 0x47, 0x45, 0xff, 0x4a, 0x47, 0x45, 0xff, 0x4a, 0x47, 0x45, 0xff, 0x4a, 0x47, 0x45, 0xff, 0x4a, 0x47, 0x45, 0xff, 0x4a, 0x47, 0x45, 0xff, 0x4a, 0x47, 0x45, 0xff, 0x4a, 0x47, 0x45, 0xff, 0x5a, 0x56, 0x53, 0xff, 0x8c, 0x85, 0x81, 0xff, 
  0x8c, 0x85, 0x81, 0xff, 0x51, 0x4e, 0x4b, 0xff, 0x48, 0x46, 0x44, 0xff, 0x49, 0x46, 0x45, 0xff, 0x48, 0x46, 0x44, 0xff, 0x49, 0x46, 0x45, 0xff, 0x48, 0x46, 0x44, 0xff, 0x49, 0x46, 0x45, 0xff, 0x48, 0x46, 0x44, 0xff, 0x49, 0x46, 0x45, 0xff, 0x48, 0x46, 0x44, 0xff, 0x49, 0x46, 0x45, 0xff, 0x48, 0x46, 0x44, 0xff, 0x49, 0x46, 0x45, 0xff, 0x48, 0x46, 0x44, 0xff, 0x49, 0x46, 0x45, 0xff, 0x48, 0x46, 0x44, 0xff, 0x49, 0x46, 0x45, 0xff, 0x48, 0x46, 0x44, 0xff, 0x49, 0x46, 0x45, 0xff, 0x48, 0x46, 0x44, 0xff, 0x49, 0x46, 0x45, 0xff, 0x51, 0x4e, 0x4b, 0xff, 0x8d, 0x86, 0x82, 0xff, 
  0x8e, 0x87, 0x83, 0xff, 0x2a, 0x28, 0x27, 0xff, 0x1f, 0x1e, 0x1d, 0xff, 0x1f, 0x1e, 0x1d, 0xff, 0x1f, 0x1e, 0x1d, 0xff, 0x1f, 0x1e, 0x1d, 0xff, 0x1f, 0x1e, 0x1d, 0xff, 0x1f, 0x1e, 0x1d, 0xff, 0x1f, 0x1e, 0x1d, 0xff, 0x1f, 0x1e, 0x1d, 0xff, 0x1f, 0x1e, 0x1d, 0xff, 0x1f, 0x1e, 0x1d, 0xff, 0x1f, 0x1e, 0x1d, 0xff, 0x1f, 0x1e, 0x1d, 0xff, 0x1f, 0x1e, 0x1d, 0xff, 0x1f, 0x1e, 0x1d, 0xff, 0x1f, 0x1e, 0x1d, 0xff, 0x1f, 0x1e, 0x1d, 0xff, 0x1f, 0x1e, 0x1d, 0xff, 0x1f, 0x1e, 0x1d, 0xff, 0x1f, 0x1e, 0x1d, 0xff, 0x1f, 0x1e, 0x1d, 0xff, 0x2a, 0x28, 0x27, 0xff, 0x8e, 0x87, 0x83, 0xff, 
  0x8d, 0x85, 0x81, 0xff, 0x51, 0x4e, 0x4b, 0xff, 0x49, 0x46, 0x45, 0xff, 0x49, 0x46, 0x45, 0xff, 0x49, 0x46, 0x45, 0xff, 0x49, 0x46, 0x45, 0xff, 0x49, 0x46, 0x45, 0xff, 0x49, 0x46, 0x45, 0xff, 0x49, 0x46, 0x45, 0xff, 0x49, 0x46, 0x45, 0xff, 0x49, 0x46, 0x45, 0xff, 0x49, 0x46, 0x45, 0xff, 0x49, 0x46, 0x45, 0xff, 0x49, 0x46, 0x45, 0xff, 0x49, 0x46, 0x45, 0xff, 0x49, 0x46, 0x45, 0xff, 0x49, 0x46, 0x45, 0xff, 0x49, 0x46, 0x45, 0xff, 0x49, 0x46, 0x45, 0xff, 0x49, 0x46, 0x45, 0xff, 0x49, 0x46, 0x45, 0xff, 0x49, 0x46, 0x45, 0xff, 0x51, 0x4e, 0x4b, 0xff, 0x8d, 0x86, 0x82, 0xff, 
  0x8c, 0x85, 0x81, 0xff, 0x5a, 0x56, 0x54, 0xff, 0x4a, 0x47, 0x45, 0xff, 0x4a, 0x47, 0x45, 0xff, 0x4a, 0x47, 0x45, 0xff, 0x4a, 0x47, 0x45, 0xff, 0x4a, 0x47, 0x45, 0xff, 0x4a, 0x47, 0x45, 0xff, 0x4a, 0x47, 0x45, 0xff, 0x4a, 0x47, 0x45, 0xff, 0x4a, 0x47, 0x45, 0xff, 0x4a, 0x47, 0x45, 0xff, 0x4a, 0x47, 0x45, 0xff, 0x4a, 0x47, 0x45, 0xff, 0x4a, 0x47, 0x45, 0xff, 0x4a, 0x47, 0x45, 0xff, 0x4a, 0x47, 0x45, 0xff, 0x4a, 0x47, 0x45, 0xff, 0x4a, 0x47, 0x45, 0xff, 0x4a, 0x47, 0x45, 0xff, 0x4a, 0x47, 0x45, 0xff, 0x4a, 0x47, 0x45, 0xff, 0x5a, 0x56, 0x53, 0xff, 0x8c, 0x85, 0x81, 0xff, 
  0x8b, 0x84, 0x80, 0xff, 0x58, 0x54, 0x51, 0xff, 0x46, 0x43, 0x41, 0xff, 0x47, 0x44, 0x42, 0xff, 0x46, 0x43, 0x41, 0xff, 0x47, 0x44, 0x42, 0xff, 0x46, 0x43, 0x41, 0xff, 0x47, 0x44, 0x42, 0xff, 0x46, 0x43, 0x41, 0xff, 0x47, 0x44, 0x42, 0xff, 0x46, 0x43, 0x41, 0xff, 0x47, 0x44, 0x42, 0xff, 0x46, 0x43, 0x41, 0xff, 0x47, 0x44, 0x42, 0xff, 0x46, 0x43, 0x41, 0xff, 0x47, 0x44, 0x42, 0xff, 0x46, 0x43, 0x41, 0xff, 0x47, 0x44, 0x42, 0xff, 0x46, 0x43, 0x41, 0xff, 0x47, 0x44, 0x42, 0xff, 0x46, 0x43, 0x41, 0xff, 0x47, 0x44, 0x42, 0xff, 0x58, 0x53, 0x51, 0xff, 0x8c, 0x85, 0x81, 0xff, 
  0x8c, 0x85, 0x81, 0xff, 0x58, 0x54, 0x51, 0xff, 0x47, 0x44, 0x42, 0xff, 0x47, 0x44, 0x42, 0xff, 0x47, 0x44, 0x42, 0xff, 0x47, 0x44, 0x42, 0xff, 0x47, 0x44, 0x42, 0xff, 0x47, 0x44, 0x42, 0xff, 0x47, 0x44, 0x42, 0xff, 0x47, 0x44, 0x42, 0xff, 0x47, 0x44, 0x42, 0xff, 0x47, 0x44, 0x42, 0xff, 0x47, 0x44, 0x42, 0xff, 0x47, 0x44, 0x42, 0xff, 0x47, 0x44, 0x42, 0xff, 0x47, 0x44, 0x42, 0xff, 0x47, 0x44, 0x42, 0xff, 0x47, 0x44, 0x42, 0xff, 0x47, 0x44, 0x42, 0xff, 0x47, 0x44, 0x42, 0xff, 0x47, 0x44, 0x42, 0xff, 0x47, 0x44, 0x42, 0xff, 0x58, 0x54, 0x51, 0xff, 0x8c, 0x85, 0x81, 0xff, 
  0x8b, 0x84, 0x80, 0xff, 0x58, 0x54, 0x51, 0xff, 0x47, 0x44, 0x42, 0xff, 0x47, 0x44, 0x42, 0xff, 0x46, 0x43, 0x41, 0xff, 0x47, 0x44, 0x42, 0xff, 0x47, 0x44, 0x42, 0xff, 0x47, 0x44, 0x42, 0xff, 0x46, 0x43, 0x41, 0xff, 0x47, 0x44, 0x42, 0xff, 0x47, 0x44, 0x42, 0xff, 0x47, 0x44, 0x42, 0xff, 0x46, 0x43, 0x41, 0xff, 0x47, 0x44, 0x42, 0xff, 0x47, 0x44, 0x42, 0xff, 0x47, 0x44, 0x42, 0xff, 0x46, 0x43, 0x41, 0xff, 0x47, 0x44, 0x42, 0xff, 0x47, 0x44, 0x42, 0xff, 0x47, 0x44, 0x42, 0xff, 0x46, 0x43, 0x41, 0xff, 0x47, 0x44, 0x42, 0xff, 0x58, 0x54, 0x51, 0xff, 0x8c, 0x85, 0x81, 0xff, 
  0x8c, 0x85, 0x81, 0xff, 0x58, 0x54, 0x52, 0xff, 0x47, 0x44, 0x42, 0xff, 0x47, 0x44, 0x42, 0xff, 0x47, 0x44, 0x42, 0xff, 0x47, 0x44, 0x42, 0xff, 0x47, 0x44, 0x42, 0xff, 0x47, 0x44, 0x42, 0xff, 0x47, 0x44, 0x42, 0xff, 0x47, 0x44, 0x42, 0xff, 0x47, 0x44, 0x42, 0xff, 0x47, 0x44, 0x42, 0xff, 0x47, 0x44, 0x42, 0xff, 0x47, 0x44, 0x42, 0xff, 0x47, 0x44, 0x42, 0xff, 0x47, 0x44, 0x42, 0xff, 0x47, 0x44, 0x42, 0xff, 0x47, 0x44, 0x42, 0xff, 0x47, 0x44, 0x42, 0xff, 0x47, 0x44, 0x42, 0xff, 0x47, 0x44, 0x42, 0xff, 0x47, 0x44, 0x42, 0xff, 0x58, 0x54, 0x51, 0xff, 0x8c, 0x85, 0x81, 0xff, 
  0x8b, 0x84, 0x80, 0xff, 0x5a, 0x56, 0x53, 0xff, 0x49, 0x46, 0x44, 0xff, 0x4a, 0x47, 0x45, 0xff, 0x49, 0x46, 0x44, 0xff, 0x4a, 0x47, 0x45, 0xff, 0x49, 0x46, 0x44, 0xff, 0x4a, 0x47, 0x45, 0xff, 0x49, 0x46, 0x44, 0xff, 0x4a, 0x47, 0x45, 0xff, 0x49, 0x46, 0x44, 0xff, 0x4a, 0x47, 0x45, 0xff, 0x49, 0x46, 0x44, 0xff, 0x4a, 0x47, 0x45, 0xff, 0x49, 0x46, 0x44, 0xff, 0x4a, 0x47, 0x45, 0xff, 0x49, 0x46, 0x44, 0xff, 0x4a, 0x47, 0x45, 0xff, 0x49, 0x46, 0x44, 0xff, 0x4a, 0x47, 0x45, 0xff, 0x49, 0x46, 0x44, 0xff, 0x4a, 0x47, 0x45, 0xff, 0x5a, 0x56, 0x53, 0xff, 0x8c, 0x85, 0x81, 0xff, 
  0x8d, 0x86, 0x82, 0xff, 0x35, 0x33, 0x32, 0xff, 0x2e, 0x2c, 0x2b, 0xff, 0x2f, 0x2c, 0x2b, 0xff, 0x2f, 0x2c, 0x2b, 0xff, 0x2f, 0x2c, 0x2b, 0xff, 0x2f, 0x2c, 0x2b, 0xff, 0x2f, 0x2c, 0x2b, 0xff, 0x2f, 0x2c, 0x2b, 0xff, 0x2f, 0x2c, 0x2b, 0xff, 0x2f, 0x2c, 0x2b, 0xff, 0x2f, 0x2c, 0x2b, 0xff, 0x2f, 0x2c, 0x2b, 0xff, 0x2f, 0x2c, 0x2b, 0xff, 0x2f, 0x2c, 0x2b, 0xff, 0x2f, 0x2c, 0x2b, 0xff, 0x2f, 0x2c, 0x2b, 0xff, 0x2f, 0x2c, 0x2b, 0xff, 0x2f, 0x2c, 0x2b, 0xff, 0x2f, 0x2c, 0x2b, 0xff, 0x2f, 0x2c, 0x2b, 0xff, 0x2e, 0x2c, 0x2b, 0xff, 0x35, 0x33, 0x32, 0xff, 0x8d, 0x86, 0x82, 0xff, 
  0x8c, 0x85, 0x81, 0xff, 0x2a, 0x29, 0x27, 0xff, 0x24, 0x22, 0x22, 0xff, 0x24, 0x22, 0x22, 0xff, 0x24, 0x22, 0x21, 0xff, 0x24, 0x22, 0x22, 0xff, 0x24, 0x22, 0x22, 0xff, 0x24, 0x22, 0x22, 0xff, 0x24, 0x22, 0x21, 0xff, 0x24, 0x22, 0x22, 0xff, 0x24, 0x22, 0x22, 0xff, 0x24, 0x22, 0x22, 0xff, 0x24, 0x22, 0x21, 0xff, 0x24, 0x22, 0x22, 0xff, 0x24, 0x22, 0x22, 0xff, 0x24, 0x22, 0x22, 0xff, 0x24, 0x22, 0x21, 0xff, 0x24, 0x22, 0x22, 0xff, 0x24, 0x22, 0x22, 0xff, 0x24, 0x22, 0x22, 0xff, 0x24, 0x22, 0x21, 0xff, 0x24, 0x22, 0x22, 0xff, 0x2a, 0x29, 0x27, 0xff, 0x8d, 0x86, 0x82, 0xff, 
  0x8c, 0x85, 0x81, 0xff, 0x5a, 0x56, 0x54, 0xff, 0x4a, 0x47, 0x45, 0xff, 0x4a, 0x47, 0x45, 0xff, 0x4a, 0x47, 0x45, 0xff, 0x4a, 0x47, 0x45, 0xff, 0x4a, 0x47, 0x45, 0xff, 0x4a, 0x47, 0x45, 0xff, 0x4a, 0x47, 0x45, 0xff, 0x4a, 0x47, 0x45, 0xff, 0x4a, 0x47, 0x45, 0xff, 0x4a, 0x47, 0x45, 0xff, 0x4a, 0x47, 0x45, 0xff, 0x4a, 0x47, 0x45, 0xff, 0x4a, 0x47, 0x45, 0xff, 0x4a, 0x47, 0x45, 0xff, 0x4a, 0x47, 0x45, 0xff, 0x4a, 0x47, 0x45, 0xff, 0x4a, 0x47, 0x45, 0xff, 0x4a, 0x47, 0x45, 0xff, 0x4a, 0x47, 0x45, 0xff, 0x4a, 0x47, 0x45, 0xff, 0x5a, 0x56, 0x53, 0xff, 0x8c, 0x85, 0x81, 0xff, 
  0x8b, 0x84, 0x80, 0xff, 0x58, 0x54, 0x51, 0xff, 0x46, 0x43, 0x41, 0xff, 0x47, 0x44, 0x42, 0xff, 0x46, 0x43, 0x41, 0xff, 0x47, 0x44, 0x42, 0xff, 0x46, 0x43, 0x41, 0xff, 0x47, 0x44, 0x42, 0xff, 0x46, 0x43, 0x41, 0xff, 0x47, 0x44, 0x42, 0xff, 0x46, 0x43, 0x41, 0xff, 0x47, 0x44, 0x42, 0xff, 0x46, 0x43, 0x41, 0xff, 0x47, 0x44, 0x42, 0xff, 0x46, 0x43, 0x41, 0xff, 0x47, 0x44, 0x42, 0xff, 0x46, 0x43, 0x41, 0xff, 0x47, 0x44, 0x42, 0xff, 0x46, 0x43, 0x41, 0xff, 0x47, 0x44, 0x42, 0xff, 0x46, 0x43, 0x41, 0xff, 0x47, 0x44, 0x42, 0xff, 0x58, 0x53, 0x51, 0xff, 0x8c, 0x85, 0x81, 0xff, 
  0x8c, 0x85, 0x81, 0xff, 0x58, 0x54, 0x51, 0xff, 0x47, 0x44, 0x42, 0xff, 0x47, 0x44, 0x42, 0xff, 0x47, 0x44, 0x42, 0xff, 0x47, 0x44, 0x42, 0xff, 0x47, 0x44, 0x42, 0xff, 0x47, 0x44, 0x42, 0xff, 0x47, 0x44, 0x42, 0xff, 0x47, 0x44, 0x42, 0xff, 0x47, 0x44, 0x42, 0xff, 0x47, 0x44, 0x42, 0xff, 0x47, 0x44, 0x42, 0xff, 0x47, 0x44, 0x42, 0xff, 0x47, 0x44, 0x42, 0xff, 0x47, 0x44, 0x42, 0xff, 0x47, 0x44, 0x42, 0xff, 0x47, 0x44, 0x42, 0xff, 0x47, 0x44, 0x42, 0xff, 0x47, 0x44, 0x42, 0xff, 0x47, 0x44, 0x42, 0xff, 0x47, 0x44, 0x42, 0xff, 0x58, 0x54, 0x51, 0xff, 0x8c, 0x85, 0x81, 0xff, 
  0x8b, 0x84, 0x80, 0xff, 0x58, 0x54, 0x51, 0xff, 0x47, 0x44, 0x42, 0xff, 0x47, 0x44, 0x42, 0xff, 0x46, 0x43, 0x41, 0xff, 0x47, 0x44, 0x42, 0xff, 0x47, 0x44, 0x42, 0xff, 0x47, 0x44, 0x42, 0xff, 0x46, 0x43, 0x41, 0xff, 0x47, 0x44, 0x42, 0xff, 0x47, 0x44, 0x42, 0xff, 0x47, 0x44, 0x42, 0xff, 0x46, 0x43, 0x41, 0xff, 0x47, 0x44, 0x42, 0xff, 0x47, 0x44, 0x42, 0xff, 0x47, 0x44, 0x42, 0xff, 0x46, 0x43, 0x41, 0xff, 0x47, 0x44, 0x42, 0xff, 0x47, 0x44, 0x42, 0xff, 0x47, 0x44, 0x42, 0xff, 0x46, 0x43, 0x41, 0xff, 0x47, 0x44, 0x42, 0xff, 0x58, 0x54, 0x51, 0xff, 0x8c, 0x85, 0x81, 0xff, 
  0x8c, 0x85, 0x81, 0xff, 0x58, 0x54, 0x52, 0xff, 0x47, 0x44, 0x42, 0xff, 0x47, 0x44, 0x42, 0xff, 0x47, 0x44, 0x42, 0xff, 0x47, 0x44, 0x42, 0xff, 0x47, 0x44, 0x42, 0xff, 0x47, 0x44, 0x42, 0xff, 0x47, 0x44, 0x42, 0xff, 0x47, 0x44, 0x42, 0xff, 0x47, 0x44, 0x42, 0xff, 0x47, 0x44, 0x42, 0xff, 0x47, 0x44, 0x42, 0xff, 0x47, 0x44, 0x42, 0xff, 0x47, 0x44, 0x42, 0xff, 0x47, 0x44, 0x42, 0xff, 0x47, 0x44, 0x42, 0xff, 0x47, 0x44, 0x42, 0xff, 0x47, 0x44, 0x42, 0xff, 0x47, 0x44, 0x42, 0xff, 0x47, 0x44, 0x42, 0xff, 0x47, 0x44, 0x42, 0xff, 0x58, 0x54, 0x51, 0xff, 0x8c, 0x85, 0x81, 0xff, 
  0x8b, 0x84, 0x80, 0xff, 0x58, 0x54, 0x51, 0xff, 0x46, 0x43, 0x41, 0xff, 0x47, 0x44, 0x42, 0xff, 0x46, 0x43, 0x41, 0xff, 0x47, 0x44, 0x42, 0xff, 0x46, 0x43, 0x41, 0xff, 0x47, 0x44, 0x42, 0xff, 0x46, 0x43, 0x41, 0xff, 0x47, 0x44, 0x42, 0xff, 0x46, 0x43, 0x41, 0xff, 0x47, 0x44, 0x42, 0xff, 0x46, 0x43, 0x41, 0xff, 0x47, 0x44, 0x42, 0xff, 0x46, 0x43, 0x41, 0xff, 0x47, 0x44, 0x42, 0xff, 0x46, 0x43, 0x41, 0xff, 0x47, 0x44, 0x42, 0xff, 0x46, 0x43, 0x41, 0xff, 0x47, 0x44, 0x42, 0xff, 0x46, 0x43, 0x41, 0xff, 0x47, 0x44, 0x42, 0xff, 0x58, 0x53, 0x51, 0xff, 0x8c, 0x85, 0x81, 0xff, 
  0x8c, 0x85, 0x81, 0xff, 0x61, 0x5c, 0x5a, 0xff, 0x47, 0x44, 0x42, 0xff, 0x47, 0x44, 0x42, 0xff, 0x47, 0x44, 0x42, 0xff, 0x47, 0x44, 0x42, 0xff, 0x47, 0x44, 0x42, 0xff, 0x47, 0x44, 0x42, 0xff, 0x47, 0x44, 0x42, 0xff, 0x47, 0x44, 0x42, 0xff, 0x47, 0x44, 0x42, 0xff, 0x47, 0x44, 0x42, 0xff, 0x47, 0x44, 0x42, 0xff, 0x47, 0x44, 0x42, 0xff, 0x47, 0x44, 0x42, 0xff, 0x47, 0x44, 0x42, 0xff, 0x47, 0x44, 0x42, 0xff, 0x47, 0x44, 0x42, 0xff, 0x47, 0x44, 0x42, 0xff, 0x47, 0x44, 0x42, 0xff, 0x47, 0x44, 0x42, 0xff, 0x47, 0x44, 0x42, 0xff, 0x58, 0x54, 0x51, 0xff, 0x8c, 0x85, 0x81, 0xff, 
  0x8b, 0x84, 0x80, 0xff, 0x72, 0x6c, 0x69, 0xff, 0x50, 0x4c, 0x49, 0xff, 0x47, 0x44, 0x42, 0xff, 0x46, 0x43, 0x41, 0xff, 0x47, 0x44, 0x42, 0xff, 0x47, 0x44, 0x42, 0xff, 0x47, 0x44, 0x42, 0xff, 0x46, 0x43, 0x41, 0xff, 0x47, 0x44, 0x42, 0xff, 0x47, 0x44, 0x42, 0xff, 0x47, 0x44, 0x42, 0xff, 0x46, 0x43, 0x41, 0xff, 0x47, 0x44, 0x42, 0xff, 0x47, 0x44, 0x42, 0xff, 0x47, 0x44, 0x42, 0xff, 0x46, 0x43, 0x41, 0xff, 0x47, 0x44, 0x42, 0xff, 0x47, 0x44, 0x42, 0xff, 0x47, 0x44, 0x42, 0xff, 0x46, 0x43, 0x41, 0xff, 0x47, 0x44, 0x42, 0xff, 0x7b, 0x75, 0x71, 0xff, 0x8c, 0x85, 0x81, 0xff, 
  0x8c, 0x85, 0x81, 0xff, 0x8c, 0x85, 0x81, 0xff, 0x7b, 0x75, 0x72, 0xff, 0x58, 0x54, 0x52, 0xff, 0x47, 0x44, 0x42, 0xff, 0x47, 0x44, 0x42, 0xff, 0x47, 0x44, 0x42, 0xff, 0x47, 0x44, 0x42, 0xff, 0x47, 0x44, 0x42, 0xff, 0x47, 0x44, 0x42, 0xff, 0x47, 0x44, 0x42, 0xff, 0x47, 0x44, 0x42, 0xff, 0x47, 0x44, 0x42, 0xff, 0x47, 0x44, 0x42, 0xff, 0x47, 0x44, 0x42, 0xff, 0x47, 0x44, 0x42, 0xff, 0x47, 0x44, 0x42, 0xff, 0x47, 0x44, 0x42, 0xff, 0x47, 0x44, 0x42, 0xff, 0x47, 0x44, 0x42, 0xff, 0x58, 0x54, 0x51, 0xff, 0x7b, 0x75, 0x72, 0xff, 0x8c, 0x85, 0x81, 0xff, 0x8c, 0x85, 0x81, 0xff, 
  0x8b, 0x84, 0x80, 0xff, 0x8c, 0x85, 0x81, 0xff, 0x8b, 0x84, 0x80, 0xff, 0x8c, 0x85, 0x81, 0xff, 0x69, 0x63, 0x60, 0xff, 0x47, 0x44, 0x42, 0xff, 0x46, 0x43, 0x41, 0xff, 0x47, 0x44, 0x42, 0xff, 0x46, 0x43, 0x41, 0xff, 0x47, 0x44, 0x42, 0xff, 0x46, 0x43, 0x41, 0xff, 0x47, 0x44, 0x42, 0xff, 0x46, 0x43, 0x41, 0xff, 0x47, 0x44, 0x42, 0xff, 0x46, 0x43, 0x41, 0xff, 0x47, 0x44, 0x42, 0xff, 0x46, 0x43, 0x41, 0xff, 0x47, 0x44, 0x42, 0xff, 0x46, 0x43, 0x41, 0xff, 0x7b, 0x75, 0x71, 0xff, 0x8b, 0x84, 0x80, 0xff, 0x8c, 0x85, 0x81, 0xff, 0x8b, 0x84, 0x80, 0xff, 0x8c, 0x85, 0x81, 0xff, 
  0x8c, 0x85, 0x81, 0xff, 0x8c, 0x85, 0x81, 0xff, 0x8c, 0x85, 0x81, 0xff, 0x8c, 0x85, 0x81, 0xff, 0x8c, 0x85, 0x81, 0xff, 0x61, 0x5c, 0x5a, 0xff, 0x47, 0x44, 0x42, 0xff, 0x47, 0x44, 0x42, 0xff, 0x47, 0x44, 0x42, 0xff, 0x47, 0x44, 0x42, 0xff, 0x47, 0x44, 0x42, 0xff, 0x47, 0x44, 0x42, 0xff, 0x47, 0x44, 0x42, 0xff, 0x47, 0x44, 0x42, 0xff, 0x47, 0x44, 0x42, 0xff, 0x47, 0x44, 0x42, 0xff, 0x47, 0x44, 0x42, 0xff, 0x47, 0x44, 0x42, 0xff, 0x61, 0x5c, 0x5a, 0xff, 0x8c, 0x85, 0x81, 0xff, 0x8c, 0x85, 0x81, 0xff, 0x8c, 0x85, 0x81, 0xff, 0x8c, 0x85, 0x81, 0xff, 0x8c, 0x85, 0x81, 0xff, 
  0x8b, 0x84, 0x80, 0xff, 0x8c, 0x85, 0x81, 0xff, 0x8b, 0x84, 0x80, 0xff, 0x8c, 0x85, 0x81, 0xff, 0x8b, 0x84, 0x80, 0xff, 0x7b, 0x75, 0x71, 0xff, 0x47, 0x43, 0x41, 0xff, 0x47, 0x44, 0x42, 0xff, 0x46, 0x43, 0x41, 0xff, 0x47, 0x44, 0x42, 0xff, 0x47, 0x43, 0x41, 0xff, 0x47, 0x44, 0x42, 0xff, 0x46, 0x43, 0x41, 0xff, 0x47, 0x44, 0x42, 0xff, 0x47, 0x43, 0x41, 0xff, 0x47, 0x44, 0x42, 0xff, 0x46, 0x43, 0x41, 0xff, 0x47, 0x44, 0x42, 0xff, 0x83, 0x7b, 0x78, 0xff, 0x8c, 0x85, 0x81, 0xff, 0x8b, 0x84, 0x80, 0xff, 0x8c, 0x85, 0x81, 0xff, 0x8c, 0x84, 0x80, 0xff, 0x8c, 0x85, 0x81, 0xff, 
  0x8c, 0x85, 0x81, 0xff, 0x8c, 0x85, 0x81, 0xff, 0x8c, 0x85, 0x81, 0xff, 0x8c, 0x85, 0x81, 0xff, 0x8c, 0x85, 0x81, 0xff, 0x8c, 0x85, 0x81, 0xff, 0x50, 0x4c, 0x4a, 0xff, 0x47, 0x44, 0x42, 0xff, 0x47, 0x44, 0x42, 0xff, 0x47, 0x44, 0x42, 0xff, 0x47, 0x44, 0x42, 0xff, 0x47, 0x44, 0x42, 0xff, 0x47, 0x44, 0x42, 0xff, 0x47, 0x44, 0x42, 0xff, 0x47, 0x44, 0x42, 0xff, 0x47, 0x44, 0x42, 0xff, 0x47, 0x44, 0x42, 0xff, 0x50, 0x4d, 0x4a, 0xff, 0x8c, 0x85, 0x81, 0xff, 0x8c, 0x85, 0x81, 0xff, 0x8c, 0x85, 0x81, 0xff, 0x8c, 0x85, 0x81, 0xff, 0x8c, 0x85, 0x81, 0xff, 0x8c, 0x85, 0x81, 0xff, 
  0x8b, 0x84, 0x80, 0xff, 0x8c, 0x85, 0x81, 0xff, 0x8b, 0x84, 0x80, 0xff, 0x8c, 0x85, 0x81, 0xff, 0x8b, 0x84, 0x80, 0xff, 0x8c, 0x85, 0x81, 0xff, 0x60, 0x5c, 0x59, 0xff, 0x47, 0x44, 0x42, 0xff, 0x46, 0x43, 0x41, 0xff, 0x47, 0x44, 0x42, 0xff, 0x46, 0x43, 0x41, 0xff, 0x47, 0x44, 0x42, 0xff, 0x46, 0x43, 0x41, 0xff, 0x47, 0x44, 0x42, 0xff, 0x46, 0x43, 0x41, 0xff, 0x47, 0x44, 0x42, 0xff, 0x46, 0x43, 0x41, 0xff, 0x69, 0x65, 0x62, 0xff, 0x8b, 0x84, 0x80, 0xff, 0x8c, 0x85, 0x81, 0xff, 0x8b, 0x84, 0x80, 0xff, 0x8c, 0x85, 0x81, 0xff, 0x8b, 0x84, 0x80, 0xff, 0x8c, 0x85, 0x81, 0xff, 
  0x8c, 0x85, 0x81, 0xff, 0x8c, 0x85, 0x81, 0xff, 0x8c, 0x85, 0x81, 0xff, 0x8c, 0x85, 0x81, 0xff, 0x8c, 0x85, 0x81, 0xff, 0x8c, 0x85, 0x81, 0xff, 0x72, 0x6d, 0x69, 0xff, 0x47, 0x44, 0x42, 0xff, 0x47, 0x44, 0x42, 0xff, 0x47, 0x44, 0x42, 0xff, 0x47, 0x44, 0x42, 0xff, 0x47, 0x44, 0x42, 0xff, 0x47, 0x44, 0x42, 0xff, 0x47, 0x44, 0x42, 0xff, 0x47, 0x44, 0x42, 0xff, 0x47, 0x44, 0x42, 0xff, 0x47, 0x44, 0x42, 0xff, 0x69, 0x65, 0x62, 0xff, 0x8c, 0x85, 0x81, 0xff, 0x8c, 0x85, 0x81, 0xff, 0x8c, 0x85, 0x81, 0xff, 0x8c, 0x85, 0x81, 0xff, 0x8c, 0x85, 0x81, 0xff, 0x8c, 0x85, 0x81, 0xff, 
  0x8b, 0x84, 0x80, 0xff, 0x8c, 0x85, 0x81, 0xff, 0x8c, 0x84, 0x80, 0xff, 0x8c, 0x85, 0x81, 0xff, 0x8b, 0x84, 0x80, 0xff, 0x8c, 0x85, 0x81, 0xff, 0x7b, 0x74, 0x70, 0xff, 0x47, 0x44, 0x42, 0xff, 0x46, 0x43, 0x41, 0xff, 0x47, 0x44, 0x42, 0xff, 0x47, 0x44, 0x42, 0xff, 0x47, 0x44, 0x42, 0xff, 0x46, 0x43, 0x41, 0xff, 0x47, 0x44, 0x42, 0xff, 0x47, 0x44, 0x42, 0xff, 0x47, 0x44, 0x42, 0xff, 0x46, 0x43, 0x41, 0xff, 0x7b, 0x75, 0x71, 0xff, 0x8c, 0x84, 0x80, 0xff, 0x8c, 0x85, 0x81, 0xff, 0x8b, 0x84, 0x80, 0xff, 0x8c, 0x85, 0x81, 0xff, 0x8c, 0x84, 0x80, 0xff, 0x8c, 0x85, 0x81, 0xff, 
  0x8c, 0x85, 0x81, 0xff, 0x8c, 0x85, 0x81, 0xff, 0x8c, 0x85, 0x81, 0xff, 0x8c, 0x85, 0x81, 0xff, 0x8c, 0x85, 0x81, 0xff, 0x8c, 0x85, 0x81, 0xff, 0x72, 0x6d, 0x69, 0xff, 0x47, 0x44, 0x42, 0xff, 0x47, 0x44, 0x42, 0xff, 0x47, 0x44, 0x42, 0xff, 0x47, 0x44, 0x42, 0xff, 0x47, 0x44, 0x42, 0xff, 0x47, 0x44, 0x42, 0xff, 0x47, 0x44, 0x42, 0xff, 0x47, 0x44, 0x42, 0xff, 0x47, 0x44, 0x42, 0xff, 0x47, 0x44, 0x42, 0xff, 0x72, 0x6d, 0x69, 0xff, 0x8c, 0x85, 0x81, 0xff, 0x8c, 0x85, 0x81, 0xff, 0x8c, 0x85, 0x81, 0xff, 0x8c, 0x85, 0x81, 0xff, 0x8c, 0x85, 0x81, 0xff, 0x8c, 0x85, 0x81, 0xff, 
  0x8b, 0x84, 0x80, 0xff, 0x8c, 0x84, 0x80, 0xff, 0x8b, 0x84, 0x80, 0xff, 0x8c, 0x85, 0x81, 0xff, 0x8b, 0x84, 0x80, 0xff, 0x8c, 0x85, 0x81, 0xff, 0x71, 0x6b, 0x69, 0xff, 0x47, 0x44, 0x42, 0xff, 0x46, 0x43, 0x41, 0xff, 0x47, 0x44, 0x42, 0xff, 0x46, 0x43, 0x41, 0xff, 0x47, 0x44, 0x42, 0xff, 0x46, 0x43, 0x41, 0xff, 0x47, 0x44, 0x42, 0xff, 0x46, 0x43, 0x41, 0xff, 0x47, 0x44, 0x42, 0xff, 0x46, 0x43, 0x41, 0xff, 0x72, 0x6b, 0x69, 0xff, 0x8b, 0x84, 0x80, 0xff, 0x8c, 0x85, 0x81, 0xff, 0x8b, 0x84, 0x80, 0xff, 0x8c, 0x85, 0x81, 0xff, 0x8b, 0x84, 0x80, 0xff, 0x8c, 0x85, 0x81, 0xff, 
  0x8c, 0x85, 0x81, 0xff, 0x8c, 0x85, 0x81, 0xff, 0x8c, 0x85, 0x81, 0xff, 0x8c, 0x85, 0x81, 0xff, 0x8c, 0x85, 0x81, 0xff, 0x8c, 0x85, 0x81, 0xff, 0x69, 0x65, 0x62, 0xff, 0x47, 0x44, 0x42, 0xff, 0x47, 0x44, 0x42, 0xff, 0x47, 0x44, 0x42, 0xff, 0x47, 0x44, 0x42, 0xff, 0x47, 0x44, 0x42, 0xff, 0x47, 0x44, 0x42, 0xff, 0x47, 0x44, 0x42, 0xff, 0x47, 0x44, 0x42, 0xff, 0x47, 0x44, 0x42, 0xff, 0x47, 0x44, 0x42, 0xff, 0x61, 0x5c, 0x5a, 0xff, 0x8c, 0x85, 0x81, 0xff, 0x8c, 0x85, 0x81, 0xff, 0x8c, 0x85, 0x81, 0xff, 0x8c, 0x85, 0x81, 0xff, 0x8c, 0x85, 0x81, 0xff, 0x8c, 0x85, 0x81, 0xff, 
  0x8b, 0x84, 0x80, 0xff, 0x8c, 0x85, 0x81, 0xff, 0x8b, 0x84, 0x80, 0xff, 0x8c, 0x85, 0x81, 0xff, 0x8b, 0x84, 0x80, 0xff, 0x8c, 0x85, 0x81, 0xff, 0x58, 0x54, 0x51, 0xff, 0x47, 0x44, 0x42, 0xff, 0x46, 0x43, 0x41, 0xff, 0x47, 0x44, 0x42, 0xff, 0x46, 0x43, 0x41, 0xff, 0x47, 0x44, 0x42, 0xff, 0x46, 0x43, 0x41, 0xff, 0x47, 0x44, 0x42, 0xff, 0x46, 0x43, 0x41, 0xff, 0x47, 0x44, 0x42, 0xff, 0x46, 0x43, 0x41, 0xff, 0x58, 0x54, 0x51, 0xff, 0x8b, 0x84, 0x80, 0xff, 0x8c, 0x85, 0x81, 0xff, 0x8b, 0x84, 0x80, 0xff, 0x8c, 0x85, 0x81, 0xff, 0x8b, 0x84, 0x80, 0xff, 0x8c, 0x85, 0x81, 0xff, 
  0x8c, 0x85, 0x81, 0xff, 0x8c, 0x85, 0x81, 0xff, 0x8c, 0x85, 0x81, 0xff, 0x8c, 0x85, 0x81, 0xff, 0x8c, 0x85, 0x81, 0xff, 0x8c, 0x85, 0x81, 0xff, 0x47, 0x44, 0x42, 0xff, 0x47, 0x44, 0x42, 0xff, 0x47, 0x44, 0x42, 0xff, 0x47, 0x44, 0x42, 0xff, 0x47, 0x44, 0x42, 0xff, 0x47, 0x44, 0x42, 0xff, 0x47, 0x44, 0x42, 0xff, 0x47, 0x44, 0x42, 0xff, 0x47, 0x44, 0x42, 0xff, 0x47, 0x44, 0x42, 0xff, 0x47, 0x44, 0x42, 0xff, 0x47, 0x44, 0x42, 0xff, 0x83, 0x7d, 0x79, 0xff, 0x8c, 0x85, 0x81, 0xff, 0x8c, 0x85, 0x81, 0xff, 0x8c, 0x85, 0x81, 0xff, 0x8c, 0x85, 0x81, 0xff, 0x8c, 0x85, 0x81, 0xff, 
  0x8b, 0x84, 0x80, 0xff, 0x8c, 0x85, 0x81, 0xff, 0x8b, 0x84, 0x80, 0xff, 0x8c, 0x85, 0x81, 0xff, 0x8b, 0x84, 0x80, 0xff, 0x83, 0x7c, 0x79, 0xff, 0x46, 0x43, 0x41, 0xff, 0x47, 0x44, 0x42, 0xff, 0x46, 0x43, 0x41, 0xff, 0x47, 0x44, 0x42, 0xff, 0x46, 0x43, 0x41, 0xff, 0x47, 0x44, 0x42, 0xff, 0x46, 0x43, 0x41, 0xff, 0x47, 0x44, 0x42, 0xff, 0x46, 0x43, 0x41, 0xff, 0x47, 0x44, 0x42, 0xff, 0x46, 0x43, 0x41, 0xff, 0x47, 0x44, 0x42, 0xff, 0x83, 0x7b, 0x78, 0xff, 0x8c, 0x85, 0x81, 0xff, 0x8b, 0x84, 0x80, 0xff, 0x8c, 0x85, 0x81, 0xff, 0x8b, 0x84, 0x80, 0xff, 0x8c, 0x85, 0x81, 0xff, 
  0x8c, 0x85, 0x81, 0xff, 0x8c, 0x85, 0x81, 0xff, 0x8c, 0x85, 0x81, 0xff, 0x8c, 0x85, 0x81, 0xff, 0x8c, 0x85, 0x81, 0xff, 0x69, 0x65, 0x62, 0xff, 0x47, 0x44, 0x42, 0xff, 0x47, 0x44, 0x42, 0xff, 0x47, 0x44, 0x42, 0xff, 0x47, 0x44, 0x42, 0xff, 0x47, 0x44, 0x42, 0xff, 0x47, 0x44, 0x42, 0xff, 0x47, 0x44, 0x42, 0xff, 0x47, 0x44, 0x42, 0xff, 0x47, 0x44, 0x42, 0xff, 0x47, 0x44, 0x42, 0xff, 0x47, 0x44, 0x42, 0xff, 0x47, 0x44, 0x42, 0xff, 0x72, 0x6d, 0x69, 0xff, 0x8c, 0x85, 0x81, 0xff, 0x8c, 0x85, 0x81, 0xff, 0x8c, 0x85, 0x81, 0xff, 0x8c, 0x85, 0x81, 0xff, 0x8c, 0x85, 0x81, 0xff, 
  0x8b, 0x84, 0x80, 0xff, 0x8c, 0x85, 0x81, 0xff, 0x8b, 0x84, 0x80, 0xff, 0x8c, 0x85, 0x81, 0xff, 0x8b, 0x84, 0x80, 0xff, 0x69, 0x65, 0x62, 0xff, 0x47, 0x43, 0x41, 0xff, 0x47, 0x44, 0x42, 0xff, 0x46, 0x43, 0x41, 0xff, 0x47, 0x44, 0x42, 0xff, 0x46, 0x43, 0x41, 0xff, 0x47, 0x44, 0x42, 0xff, 0x46, 0x43, 0x41, 0xff, 0x47, 0x44, 0x42, 0xff, 0x47, 0x43, 0x41, 0xff, 0x47, 0x44, 0x42, 0xff, 0x46, 0x43, 0x41, 0xff, 0x47, 0x44, 0x42, 0xff, 0x60, 0x5c, 0x59, 0xff, 0x8c, 0x85, 0x81, 0xff, 0x8b, 0x84, 0x80, 0xff, 0x8c, 0x85, 0x81, 0xff, 0x8b, 0x84, 0x80, 0xff, 0x8c, 0x85, 0x81, 0xff, 
  0x8c, 0x85, 0x81, 0xff, 0x8c, 0x85, 0x81, 0xff, 0x8c, 0x85, 0x81, 0xff, 0x8c, 0x85, 0x81, 0xff, 0x8c, 0x85, 0x81, 0xff, 0x69, 0x65, 0x62, 0xff, 0x47, 0x44, 0x42, 0xff, 0x47, 0x44, 0x42, 0xff, 0x47, 0x44, 0x42, 0xff, 0x47, 0x44, 0x42, 0xff, 0x47, 0x44, 0x42, 0xff, 0x47, 0x44, 0x42, 0xff, 0x47, 0x44, 0x42, 0xff, 0x47, 0x44, 0x42, 0xff, 0x47, 0x44, 0x42, 0xff, 0x47, 0x44, 0x42, 0xff, 0x47, 0x44, 0x42, 0xff, 0x47, 0x44, 0x42, 0xff, 0x69, 0x65, 0x62, 0xff, 0x8c, 0x85, 0x81, 0xff, 0x8c, 0x85, 0x81, 0xff, 0x8c, 0x85, 0x81, 0xff, 0x8c, 0x85, 0x81, 0xff, 0x8c, 0x85, 0x81, 0xff, 
  0x8b, 0x84, 0x80, 0xfb, 0x8b, 0x84, 0x80, 0xff, 0x8b, 0x84, 0x80, 0xff, 0x8c, 0x85, 0x81, 0xff, 0x8b, 0x84, 0x80, 0xff, 0x8c, 0x84, 0x80, 0xff, 0x4f, 0x4c, 0x49, 0xff, 0x47, 0x44, 0x42, 0xff, 0x46, 0x43, 0x41, 0xff, 0x47, 0x44, 0x42, 0xff, 0x46, 0x43, 0x41, 0xff, 0x47, 0x44, 0x42, 0xff, 0x46, 0x43, 0x41, 0xff, 0x47, 0x44, 0x42, 0xff, 0x46, 0x43, 0x41, 0xff, 0x47, 0x44, 0x42, 0xff, 0x46, 0x43, 0x41, 0xff, 0x58, 0x54, 0x51, 0xff, 0x83, 0x7b, 0x78, 0xff, 0x8c, 0x85, 0x81, 0xff, 0x8b, 0x84, 0x80, 0xff, 0x8c, 0x84, 0x80, 0xff, 0x8b, 0x84, 0x80, 0xff, 0x8b, 0x84, 0x81, 0xfb, 
  0x8c, 0x84, 0x80, 0x81, 0x8c, 0x85, 0x81, 0xff, 0x8c, 0x85, 0x81, 0xff, 0x8c, 0x85, 0x81, 0xff, 0x8c, 0x85, 0x81, 0xff, 0x8c, 0x85, 0x81, 0xff, 0x8c, 0x85, 0x81, 0xff, 0x7b, 0x75, 0x72, 0xff, 0x72, 0x6c, 0x69, 0xff, 0x72, 0x6d, 0x69, 0xff, 0x72, 0x6d, 0x69, 0xff, 0x72, 0x6d, 0x69, 0xff, 0x72, 0x6d, 0x69, 0xff, 0x72, 0x6d, 0x69, 0xff, 0x72, 0x6d, 0x69, 0xff, 0x72, 0x6d, 0x69, 0xff, 0x72, 0x6c, 0x69, 0xff, 0x8c, 0x85, 0x81, 0xff, 0x8c, 0x85, 0x81, 0xff, 0x8c, 0x85, 0x81, 0xff, 0x8c, 0x85, 0x81, 0xff, 0x8c, 0x85, 0x81, 0xff, 0x8c, 0x85, 0x81, 0xff, 0x8c, 0x86, 0x80, 0x81, 
  0x00, 0x00, 0x00, 0x00, 0x8c, 0x86, 0x80, 0x50, 0x8d, 0x85, 0x81, 0x7f, 0x8d, 0x85, 0x81, 0x7f, 0x8d, 0x85, 0x81, 0x7f, 0x8d, 0x85, 0x81, 0x7f, 0x8d, 0x85, 0x81, 0x7f, 0x8d, 0x85, 0x81, 0x7f, 0x8d, 0x85, 0x81, 0x7f, 0x8d, 0x85, 0x81, 0x7f, 0x8d, 0x85, 0x81, 0x7f, 0x8d, 0x85, 0x81, 0x7f, 0x8d, 0x85, 0x81, 0x7f, 0x8d, 0x85, 0x81, 0x7f, 0x8d, 0x85, 0x81, 0x7f, 0x8d, 0x85, 0x81, 0x7f, 0x8d, 0x85, 0x81, 0x7f, 0x8d, 0x85, 0x81, 0x7f, 0x8d, 0x85, 0x81, 0x7f, 0x8d, 0x85, 0x81, 0x7f, 0x8d, 0x85, 0x81, 0x7f, 0x8d, 0x85, 0x81, 0x7f, 0x8c, 0x86, 0x80, 0x50, 0x00, 0x00, 0x00, 0x00, 
#endif
};

const lv_img_dsc_t img_disk_used = {
  .header.cf = LV_IMG_CF_TRUE_COLOR_ALPHA,
  .header.always_zero = 0,
  .header.reserved = 0,
  .header.w = 24,
  .header.h = 75,
  .data_size = 1800 * LV_IMG_PX_SIZE_ALPHA_BYTE,
  .data = img_disk_used_map,
};
